Stock,Date,Adj Close,Close,High,Low,Open,Volume,RSI14,RSI28,RSI50,EMA20,EMA50,EMA90,EMA12,EMA26,MACD,AROON_bull_25,AROON_bear_25,AROON_bull_50,AROON_bear_50,VROC_20,daily_return,DJI_Close,WMA_14,WMA_20,WMA_200,STD_20,SMA_20,UB,LB,RVI_10
AAPL,2020-01-02,72.53852081298828,75.0875015258789,75.1500015258789,73.79750061035156,74.05999755859375,135480400,,,,,,,,,,,,,,,,28868.80078125,,,,,,,,
AAPL,2020-01-03,71.83329772949219,74.35749816894531,75.1449966430664,74.125,74.2874984741211,146322800,0.0,0.0,0.0,,,,,,,,,,,,-0.009722049410329614,28634.880859375,,,,,,,,
AAPL,2020-01-06,72.40567779541016,74.94999694824219,74.98999786376953,73.1875,73.44750213623047,118387200,46.63999676728493,45.702050022310985,45.3011998722294,,,,,,,,,,,,0.007968171920401446,28703.380859375,,,,,,,,
AAPL,2020-01-07,72.06515502929688,74.59750366210938,75.2249984741211,74.37000274658203,74.95999908447266,108872000,35.909606961897964,35.65006330346172,35.530130718431835,,,,,,,,,,,,-0.004702984302908719,28583.6796875,,,,,,,,
AAPL,2020-01-08,73.22439575195312,75.79750061035156,76.11000061035156,74.29000091552734,74.29000091552734,132079200,65.23381104397062,63.77699812131597,63.14453495617453,,,,,,,,,,,,0.016086008864963697,28745.08984375,,,,,,,,
AAPL,2020-01-09,74.77977752685547,77.40750122070312,77.60749816894531,76.55000305175781,76.80999755859375,170108400,79.0706540865212,77.47577483684363,76.76830069774718,,,,,,,,,,,,0.02124130570050964,28956.900390625,,,,,,,,
AAPL,2020-01-10,74.94879913330078,77.5824966430664,78.1675033569336,77.0625,77.6500015258789,140644800,80.00209299481824,78.39648157716299,77.68306450546915,,,,,,,,,,,,0.0022602582146571404,28823.76953125,,,,,,,,
AAPL,2020-01-13,76.55005645751953,79.23999786376953,79.26750183105469,77.7874984741211,77.91000366210938,121532000,86.24674065739553,84.58643856793012,83.83586971945586,,,,,,,,,,,,0.021364682859972506,28907.05078125,,,,,,,,
AAPL,2020-01-14,75.51637268066406,78.16999816894531,79.39250183105469,78.0425033569336,79.17500305175781,161954400,70.86322602335142,70.97275515288162,70.95055826164564,,,,,,,,,,,,-0.013503370535449588,28939.669921875,,,,,,,,
AAPL,2020-01-15,75.1927261352539,77.83499908447266,78.875,77.38749694824219,77.9625015258789,121923600,66.84311963185144,67.44805729207292,67.6296317235429,,,,,,,,,,,,-0.0042857798106744616,29030.220703125,,,,,,,,0.3355206563228134
AAPL,2020-01-16,76.1346435546875,78.80999755859375,78.92500305175781,78.02249908447266,78.39749908447266,108829200,71.84857454551815,71.6912014606961,71.58004566064403,,,,,,,,,,,,0.012526709268916525,29297.640625,,,,,,,,0.2994940786289833
AAPL,2020-01-17,76.97753143310547,79.68250274658203,79.68499755859375,78.75,79.06749725341797,137816400,75.42396424575746,74.74606101889353,74.42951999146226,,,,77.48220942775853,,,,,,,,0.011071016281996915,29348.099609375,,,,,,,,0.3440788853867409
AAPL,2020-01-21,76.45586395263672,79.14250183105469,79.75499725341797,79.0,79.29750061035156,110843200,69.53754752813269,69.9044191047054,69.99730735265796,,,,77.73763902826563,,,,,,,,-0.006776879834372029,29196.0390625,,,,,,,,0.23366637051815597
AAPL,2020-01-22,76.72877502441406,79.42500305175781,79.99749755859375,79.32749938964844,79.6449966430664,101832400,70.82055942666963,70.92613189110182,70.92167775117484,,,,77.99723349341826,,,,,,,,0.003569524398369328,29186.26953125,75.56610107421875,,,,,,,0.24972946579391891
AAPL,2020-01-23,77.09825897216797,79.80750274658203,79.88999938964844,78.9124984741211,79.4800033569336,104472000,72.50874245318121,72.2488746263342,72.10881545931225,,,,78.27573645544346,,,,,,,,0.004815454796930352,29160.08984375,75.89013947986422,,,,,,,0.15928138513350015
AAPL,2020-01-24,76.87609100341797,79.57749938964844,80.8324966430664,79.37999725341797,80.0625,146537600,69.89037559664749,70.25574944420734,70.34669637281536,,,,78.47600767609039,,,,,,,,-0.0028816210860248548,28989.73046875,76.14112941196987,,,,,,,0.05622960519361423
AAPL,2020-01-27,74.61553192138672,77.23750305175781,77.94249725341797,76.22000122070312,77.51499938964844,161940000,50.07572335222112,54.41570389899263,56.1103586834859,,,,78.28546850311615,,,,,,,,-0.02940522927903222,28535.80078125,76.04268486386253,,,,,,,0.03537191393950587
AAPL,2020-01-28,76.72634887695312,79.42250061035156,79.5999984741211,78.04750061035156,78.1500015258789,162234000,61.15127259520458,62.584454169686964,63.20529546557695,,,,78.46039651961391,,,,,,,,0.02828924355575624,28722.849609375,76.20463634672619,,,,,,,0.03028428802614095
AAPL,2020-01-29,78.33242797851562,81.08499908447266,81.9625015258789,80.34500122070312,81.11250305175781,216229200,67.12703601595575,67.21961717562775,67.30840314473863,,,,78.86418152959219,,,,,,,,0.02093256260816201,28734.44921875,76.53633938743954,,,,,,,0.11058250746034735
AAPL,2020-01-30,78.21888732910156,80.96749877929688,81.02249908447266,79.6875,80.13500213623047,126743200,66.35002563713559,66.6146091709379,66.77127779542738,78.39550247523228,,,79.18776879877751,,,,,,,,-0.001449471851494244,28859.439453125,76.80425574893043,76.3007816859654,,2.0204001951275177,75.36095695495605,79.40175734521108,71.32015656470102,0.19253419629193208
AAPL,2020-01-31,74.75077819824219,77.37750244140625,80.66999816894531,77.07250213623047,80.23249816894531,199588400,48.05313966686784,51.83603571464052,53.471508599790134,78.29855009105836,,,78.90926628225886,,,,,,,47.3190217920821,-0.044338512720943024,28256.029296875,76.57700413295201,76.24266942342122,,1.9155841519890886,75.47156982421875,79.30273812819692,71.64040152024057,-0.06654051048879864
AAPL,2020-02-03,74.54549407958984,77.16500091552734,78.37249755859375,75.55500030517578,76.07499694824219,173788400,47.22302672127627,51.139606031909345,52.835856203888866,78.19059302672207,,,78.64091776430016,,,,,,,18.77055387130372,-0.002746247244515887,28399.810546875,76.3242672148205,76.15447173345656,,1.7316341874099765,75.60717964172363,79.07044801654358,72.14391126690369,-0.030155506165029104
AAPL,2020-02-04,77.0064926147461,79.7125015258789,79.91000366210938,78.40750122070312,78.82749938964844,136616400,56.847229916057984,58.13271866691782,58.823748572308205,78.33553669330843,,,78.80577680454304,,,,,,,15.397948426856958,0.03301337747562205,28807.630859375,76.41875450497582,76.28773963564919,,1.583179181526551,75.83722038269043,79.00357874574354,72.67086201963733,0.03145905363585486
AAPL,2020-02-05,77.63444519042969,80.36250305175781,81.19000244140625,79.73750305175781,80.87999725341797,118826800,58.906411048548726,59.6604750147206,60.14132055662267,78.52858110839884,,,79.04527315026839,,,,,,,9.143581453449922,0.008154540667436372,29290.849609375,76.58277718680246,76.45890390305291,,1.3586634382420693,76.11568489074708,78.83301176723121,73.39835801426294,0.013590932155796757
AAPL,2020-02-06,78.54251098632812,81.30249786376953,81.30500030517578,80.06500244140625,80.64250183105469,105425600,61.748937584509214,61.75341483055995,61.938446250316055,78.79276365652937,,,79.39253849080703,,,72.0,8.0,,,-20.180013204198694,0.011696686872316064,29379.76953125,76.84462084089007,76.69003019787016,,1.2812242287355335,76.38159065246582,78.94403910993688,73.81914219499475,0.031575039471406434
AAPL,2020-02-07,77.47492980957031,80.00749969482422,80.8499984741211,79.5,80.59249877929688,117684000,56.776520998286685,58.07951907527729,58.76013901410352,78.90845280303365,,,79.48714790680967,78.51672708665626,0.9704208201534072,68.0,4.0,,,-30.818231198459333,-0.013592399368841712,29102.509765625,76.94118826729911,76.79415773664202,,1.2451076447526745,76.51634826660157,79.00656355610691,74.02613297709622,0.02625478738354021
AAPL,2020-02-10,77.84290313720703,80.38749694824219,80.38749694824219,78.4625015258789,78.54499816894531,109348800,58.03100941690673,58.952416369025954,59.49123422310369,79.04931415019637,,,79.62566314395313,78.65530263195892,0.9703605119942154,64.0,0.0,,,-22.25180027985393,0.004749579361235767,29276.8203125,77.08208167666481,76.9204962957473,,1.2212873607613535,76.66105346679687,79.10362818831958,74.21847874527417,0.1412455629991885
AAPL,2020-02-11,77.37325286865234,79.90249633789062,80.9749984741211,79.67749786376953,80.9000015258789,94323200,55.80482269864791,57.37122825716206,58.14868927668863,79.13056959664344,,,79.66825286609736,78.74768735091682,0.9205655151805416,60.0,4.0,,,-22.388177599315405,-0.0060333087491210025,29276.33984375,77.14714515322731,76.98832481020973,,1.2311812592389486,76.70221328735352,79.16457580583142,74.23985076887561,0.018058981341520723
AAPL,2020-02-12,79.210693359375,81.80000305175781,81.80500030517578,80.36750030517578,80.36750030517578,113730400,61.954205282499395,61.55488520740594,61.607559055533095,79.38480135427339,,,79.99621443312205,78.97378481023837,1.0224296228836778,56.0,0.0,,,-29.776282706737206,0.023747747737087765,29551.419921875,77.45106281098866,77.22722767421178,,1.3179767714653134,76.88692932128906,79.52288286421968,74.25097577835844,0.09955485604632625
AAPL,2020-02-13,78.64662170410156,81.21749877929688,81.55500030517578,80.8375015258789,81.04750061035156,94747600,59.22961489736185,59.68992511765206,60.052834082869886,79.55934396618039,,,80.18410433253356,79.13998584498344,1.0441184875501222,52.0,64.0,,,-22.289368096086402,-0.007121155381310307,29423.310546875,77.65965249197824,77.39481742495582,,1.3105626704196425,77.05962409973145,79.68074944057074,74.43849875889217,0.06488873946680666
AAPL,2020-02-14,78.66600036621094,81.23750305175781,81.49500274658203,80.7125015258789,81.18499755859375,80113600,59.295843164073055,59.73338973579078,60.088143044389454,79.7191686409973,,,80.34616567395268,79.29535748992969,1.0508081840229977,48.0,60.0,,,-26.385933187049066,0.00024640171045464676,29398.080078125,77.85396379743304,77.547805640811,,1.3384669762610841,77.18619194030762,79.86312589282979,74.50925798778546,0.27767334982232655
AAPL,2020-02-18,77.2255859375,79.75,79.9375,78.65249633789062,78.83999633789062,152531200,52.47275756840964,55.149620633996776,56.31290370350298,79.72210496090233,,,80.25444787795996,79.32903471289785,0.9254131650621105,44.0,56.0,,,10.677103740919078,-0.018310507995899505,29232.189453125,77.81764395577567,77.55155745006743,,1.3375806756225705,77.19859466552734,79.87375601677248,74.5234333142822,0.2965749944937963
AAPL,2020-02-19,78.34402465820312,80.90499877929688,81.14250183105469,80.0,80.0,93984000,56.64443601016822,57.75968783594252,58.384519781734745,79.83476151503514,,,80.3545326320118,79.44577279189036,0.9087598401214336,40.0,52.0,,,-15.209954241667509,0.014482748264393885,29348.029296875,77.92569463820685,77.66064602079845,,1.3489844645418054,77.29300270080566,79.99097162988927,74.59503377172204,0.306611720516431
AAPL,2020-02-20,77.54027557373047,80.07499694824219,81.1624984741211,79.55249786376953,80.65750122070312,100566000,53.04134123354634,55.35878448071483,56.42255562934327,79.85764108010248,,,80.31152714220109,79.49238198865717,0.8191451535439143,36.0,48.0,,,-1.2436120527454917,-0.010259226379793818,29219.98046875,77.92646833147322,77.68419581821986,,1.3433126173701082,77.33357772827148,80.0202029630117,74.64695249353126,0.29775136434174204
AAPL,2020-02-21,75.78516387939453,78.26249694824219,80.11250305175781,77.625,79.65499877929688,129554000,46.139564970456114,50.59616406633486,52.49207812411319,79.70572259135388,,,79.99629172774587,79.40127939307088,0.5950123346749905,32.0,44.0,,,24.00834673405314,-0.022634839525003447,28992.41015625,77.69969010126023,77.53672783261254,,1.386804098904259,77.2679229736328,80.04153117144132,74.4943147758243,0.12504430320570384
AAPL,2020-02-24,72.1853256225586,74.54499816894531,76.04499816894531,72.30750274658203,74.31500244140625,222195200,35.83892394722919,42.769661502191305,45.812772856213954,79.21422502731497,,,79.1576311802381,79.04155485795046,0.11607632228763975,28.0,96.0,,,51.63016181512459,-0.04750056703136207,27960.80078125,76.983082144601,77.05267094203404,,1.793561380889786,77.03338470458985,80.62050746636942,73.44626194281028,0.15649212786813657
AAPL,2020-02-25,69.7402572631836,72.0199966430664,75.63249969482422,71.53250122070312,75.23750305175781,230673600,30.808007853581955,38.56748976552023,42.099974989027785,78.52906041929128,,,78.05953355913476,78.52143943462572,-0.46190587549095596,24.0,96.0,,,42.44386809929603,-0.03387209710959438,27081.359375,75.96294286818731,76.35808737618582,,2.3761497688827595,76.78962097167968,81.5419205094452,72.03732143391416,-0.13388964281436092
AAPL,2020-02-26,70.8465805053711,73.1624984741211,74.47000122070312,71.625,71.63249969482422,198054800,35.237857962405315,41.27485817154816,44.188331721084374,78.01795928165602,,,77.30614354605574,78.12448084495871,-0.8183372989029749,20.0,92.0,,,22.079712020908072,0.01586348094490808,26957.58984375,75.15951559884208,75.79208352225167,,2.7228353022471947,76.49563255310059,81.94130315759499,71.0499619486062,0.001861049231834319
AAPL,2020-02-27,66.21548461914062,68.37999725341797,71.5,68.23999786376953,70.2750015258789,320605600,27.34551818284072,34.64651922501484,38.28932010818623,77.10005813610954,,,75.9328902702653,77.40266724558532,-1.4697769753200163,16.0,96.0,,,48.271186315261765,-0.06536795217490232,25766.640625,73.80325520833334,74.81302181425549,,3.523077436669826,75.88978538513183,82.93594025847148,68.84363051179218,-0.14976739339949469
AAPL,2020-02-28,66.17674255371094,68.33999633789062,69.60250091552734,64.09249877929688,64.31500244140625,426510000,27.29045127741651,34.59831696997915,38.24573605754184,76.26576653627917,,,74.76475274220766,76.73135828945979,-1.9666055472521293,12.0,96.0,,,236.5150950899141,-0.0005850907178664988,25409.359375,72.5592294602167,73.88797011602493,,4.087833298889643,75.28767814636231,83.4633447441416,67.11201154858303,0.021112830606975705
AAPL,2020-03-02,72.33784484863281,74.70249938964844,75.36000061035156,69.43000030517578,70.56999969482422,341397200,45.935931434669385,46.803875483421876,47.874110818945105,76.11688395088576,,,74.75517530335239,76.58107244502932,-1.8258971416769327,8.0,92.0,,,71.05062218044736,0.09310071872941394,26703.3203125,72.2442858014788,73.60703361147927,,4.139790123546998,75.16703147888184,83.44661172597583,66.88745123178785,0.14557619576962355
AAPL,2020-03-03,70.04045867919922,72.33000183105469,76.0,71.44999694824219,75.9175033569336,319475600,41.64720585513257,43.65353157479839,45.1930469156772,75.75622851090185,,,74.38207169222967,76.26617832547564,-1.8841066332459633,4.0,88.0,,,83.83022111947633,-0.031759118262935315,25917.41015625,71.67545311337426,73.11878858293805,,4.295040320913099,74.9417797088623,83.5318603506885,66.3516990670361,0.004192722506150042
AAPL,2020-03-04,73.28926086425781,75.68499755859375,75.8499984741211,73.28250122070312,74.11000061035156,219178400,48.91119849722219,48.715779842772555,49.29089261410678,75.74944461068203,,,74.58252182551645,76.2231278982992,-1.6406060727827452,0.0,84.0,,,60.43344722888321,0.04638465033387096,27090.859375,71.60963018508184,72.96140583583286,,4.281397609738551,74.75591812133788,83.31871334081498,66.19312290186079,0.022336680211502914
AAPL,2020-03-05,70.9119873046875,73.2300033569336,74.88749694824219,72.85250091552734,73.87999725341797,187572800,44.54179612838711,45.60654134912277,46.68459870886864,75.50949782461076,,,74.37444206111908,76.00141496930915,-1.6269729081900692,36.0,80.0,,,57.85395213874311,-0.032436860892530506,26121.279296875,71.28323204403831,72.59531718662807,,4.30732093066558,74.41979522705078,83.03443708838195,65.80515336571962,0.02025733352319668
AAPL,2020-03-06,69.97024536132812,72.25749969482422,72.70500183105469,70.30750274658203,70.5,226176800,42.90658033002632,44.44129407980507,45.70764886986829,75.19978371701204,,,74.04875862015065,75.7240879119399,-1.6753292917892537,32.0,76.0,,,114.53688667648085,-0.013280433663676483,25864.779296875,70.9049314953032,72.17155053274972,,4.301987180201403,73.99118194580078,82.59515630620358,65.38720758539797,0.10559748604367529
AAPL,2020-03-09,64.43614959716797,66.5425033569336,69.52249908447266,65.75,65.9375,286744800,34.81742103492776,38.45386983595236,40.61156004427503,74.375280825576,,,72.89395011811726,75.04397053749499,-2.150020419377725,28.0,72.0,,,143.65657183644336,-0.07909213031313445,23851.01953125,69.87156822567894,71.26154745192756,,4.714459475672805,73.33924293518066,82.76816188652627,63.910323983835056,0.11564175040925379
AAPL,2020-03-10,69.07695007324219,71.33499908447266,71.61000061035156,67.34249877929688,69.28500366210938,285290000,44.30072997926367,44.90859396546193,45.78400296604647,74.08573018356616,,,72.65411149755656,74.76923191134517,-2.115120413788617,24.0,68.0,,,160.8990679367309,0.07202169131903235,25018.16015625,69.5787825084868,70.8556147984096,,4.681084688611429,72.90094528198242,82.26311465920527,63.53877590475956,0.25696748483109627
AAPL,2020-03-11,66.67786407470703,68.85749816894531,70.30500030517578,67.96499633789062,69.34750366210938,255598800,40.98138356567363,42.51804622805777,43.77293698263874,73.58780332503085,,,72.07001713930867,74.33132570820445,-2.261308568895771,20.0,64.0,,,170.98190052924414,-0.03473063005809329,23553.220703125,69.05437651134673,70.2629403977167,,4.753636618238884,72.36617584228516,81.87344907876293,62.85890260580739,0.2053639864299687
AAPL,2020-03-12,60.09312057495117,62.057498931884766,67.5,62.0,63.98500061035156,418474000,33.550808642138435,36.92357528254132,38.97784095695855,72.48967909711217,,,70.52962972278192,73.422153354403,-2.8925236316210743,16.0,96.0,,,267.9526318381013,-0.09875456556883999,21200.619140625,67.75545625232515,69.09407799130395,,5.205516036717144,71.41029720306396,81.82132927649825,60.99926512962968,0.19269323103756028
AAPL,2020-03-13,67.29277038574219,69.49250030517578,69.9800033569336,63.23749923706055,66.22250366210938,370732000,45.241596345559756,45.11248477981837,45.623653419081364,72.20423349788014,,,70.37007135084252,73.13106794334912,-2.7609965925066007,12.0,92.0,36.0,96.0,291.28378977409454,0.11980822000766711,23185.619140625,67.56593733287993,68.70193258013045,,4.989434546492608,70.842604637146,80.82147373013122,60.86373554416078,0.16794435189440207
AAPL,2020-03-16,58.63576126098633,60.5525016784668,64.7699966430664,60.0,60.48749923706055,322423600,36.84703816055689,38.826939851422246,40.24577222379622,71.0945447531741,,,68.85967601663087,72.19932229409858,-3.3396462774677076,8.0,96.0,34.0,98.0,302.4580096263306,-0.12864694193939863,20188.51953125,66.26874629429409,67.53937606811523,,5.334770084952912,69.84109268188476,80.51063285179059,59.17155251197894,0.06849821762028135
AAPL,2020-03-17,61.21397399902344,63.21500015258789,64.40249633789062,59.59999847412109,61.87749862670898,324056000,40.394223115751984,41.350733890292666,42.3122445086463,70.34411193407065,,,67.99126434523964,71.53381695028297,-3.5425526050433263,4.0,96.0,32.0,98.0,112.45227205974908,0.04396997126994817,21237.380859375,65.42107405889602,66.71774571736654,,5.369570773835752,69.04051208496094,79.77965363263245,58.30137053728943,0.1937108244077974
AAPL,2020-03-18,59.715457916259766,61.66749954223633,62.5,59.27999877929688,59.942501068115234,300233600,39.02229834612289,40.34739841859226,41.46183895050961,69.5177678967531,,,67.0183774524699,70.80297862376099,-3.7846011712910865,0.0,96.0,30.0,98.0,219.45182158665304,-0.024479967315756634,19898.919921875,64.46533878871372,65.82964532034738,,5.285848185262294,68.10908374786376,78.68078011838836,57.53738737733917,0.19430319393002918
AAPL,2020-03-19,59.2579231262207,61.19499969482422,63.209999084472656,60.65250015258789,61.84749984741211,271857200,38.59132724438011,40.03978051072414,41.203830307398675,68.7251233060932,,,66.12247318206288,70.09127648087679,-3.96880329881391,0.0,92.0,28.0,96.0,170.32714834039336,-0.007661915457144675,20087.189453125,63.51050389607747,64.98667764209566,,5.148055709929687,67.19496612548828,77.49107754534765,56.89885470562891,0.19172627465402692
AAPL,2020-03-20,55.49589157104492,57.310001373291016,62.95750045776367,57.0,61.79499816894531,401693200,35.15347965001702,37.59564016425145,39.159303144095304,67.6379688363025,,,64.76670828840567,69.14451536179635,-4.377807073390684,0.0,96.0,26.0,98.0,210.05850842119887,-0.06348571392153868,19173.98046875,62.1199583144415,63.872480065482,,5.360877744791138,66.1805025100708,76.90225799965307,55.45874702048852,0.034088176723367426
AAPL,2020-03-23,54.316932678222656,56.09249877929688,57.125,53.15250015258789,57.02000045776367,336752800,34.12744599886146,36.86431401104328,38.54765257515428,66.53840025944483,,,63.432214517773545,68.17769931864824,-4.745484800874692,8.0,96.0,24.0,98.0,51.55718935422547,-0.021244075181907518,18591.9296875,60.7326177687872,62.74261627197266,,5.780018252200056,65.287082862854,76.84711936725412,53.7270463584539,-0.0007933670435084868
AAPL,2020-03-24,59.76631164550781,61.720001220703125,61.92250061035156,58.57500076293945,59.09000015258789,287531200,42.48379449175388,42.249174234101694,42.76421329498998,66.07950511289799,,,63.16879708745502,67.69935131139304,-4.530554223938026,4.0,92.0,22.0,96.0,24.648507674913816,0.10032560195487594,20704.91015625,60.22160895211356,62.21682853698731,,5.805794664112284,64.78838558197022,76.39997491019479,53.17679625374565,0.012612689601521192
AAPL,2020-03-25,59.43706512451172,61.380001068115234,64.5625,61.07500076293945,62.6875,303602000,42.13599879747748,42.024594011361195,42.58407121675416,65.63193329910916,,,62.89359769986428,67.23125129337247,-4.337653593508186,0.0,88.0,20.0,94.0,53.29191718655645,-0.0055088981054904895,21200.55078125,59.79549059186663,61.707178969610304,,5.739355524071213,64.21790981292725,75.69662086106968,52.73919876478482,-0.006143247381418339
AAPL,2020-03-26,62.56481552124024,64.61000061035156,64.66999816894531,61.59000015258789,61.630001068115234,252087200,46.60772215029586,44.90952204475703,44.836600877752836,65.53460637637035,,,63.1576596860931,67.03708457611165,-3.879424890018555,0.0,84.0,18.0,92.0,-21.371554333423994,0.05262289431983813,22552.169921875,59.8956905909947,61.549741418021064,,5.730527123681415,64.03537635803222,75.49643060539505,52.57432211066939,0.11052167052965
AAPL,2020-03-27,59.97450637817383,61.935001373291016,63.96749877929688,61.76250076293945,63.1875,204216800,43.60246458820668,43.0688832391493,43.39780455741413,65.19178685226755,71.09231952519018,,62.969558407200466,66.65915248701383,-3.689594079813361,0.0,80.0,16.0,90.0,-52.11910623432041,-0.04140201040290803,21636.779296875,59.721043940952846,61.16299189612979,,5.776183908357442,63.72526454925537,75.27763236597025,52.17289673254049,0.003008205783184965
AAPL,2020-03-30,61.68605422973633,63.70249938964844,63.880001068115234,62.34999847412109,62.685001373291016,167976400,46.07659865641729,44.62407117614643,44.596517172617126,65.04994995106574,70.85003034041831,,63.08231855834631,66.44014114646824,-3.357822588121927,20.0,76.0,14.0,88.0,-50.797370335784834,0.02853792310969938,22327.48046875,59.817095511300224,60.968781389508926,,5.420383155347624,63.192675018310545,74.0334413290058,52.351908707615294,0.031176890078860566
AAPL,2020-03-31,61.5601692199707,63.5724983215332,65.62249755859375,63.0,63.900001525878906,197002000,45.91704502581708,44.53128620128141,44.52574673070883,64.90924027206265,70.61142273324175,,63.157730829605825,66.22772315943601,-3.0699923298301854,16.0,72.0,12.0,86.0,-38.335822829662106,-0.002040736943504151,21917.16015625,59.96675189790272,60.8133046468099,,5.183007083448214,62.76866054534912,73.13467471224556,52.402646378452694,-0.018761800155641353
AAPL,2020-04-01,58.32105255126953,60.227500915527344,62.18000030517578,59.782501220703125,61.625,176218400,41.89686870778927,42.190457979725345,42.74476133509985,64.463360333345,70.27096628020193,,62.7069262274399,65.78326225247982,-3.0763360250399145,12.0,68.0,10.0,84.0,-19.60047157931621,-0.052617085198823244,20943.509765625,59.73326601300921,60.38972293308803,,4.635693946281004,62.020250129699704,71.29163802226171,52.7488622371377,-0.11947366165712683
AAPL,2020-04-02,59.29422378540039,61.23249816894531,61.28749847412109,59.22499847412109,60.084999084472656,165934000,43.49748167098024,43.12200656753565,43.43835919193644,64.15565917483075,69.97462306343941,,62.48009114151766,65.44616861666245,-2.966077475144786,8.0,64.0,8.0,82.0,-11.536214205897657,0.016686448401721732,21413.439453125,59.646413130987256,60.13010137648809,,4.167058264969679,61.43936195373535,69.77347848367471,53.10524542379599,-0.0626987670672351
AAPL,2020-04-03,58.44209671020508,60.352500915527344,61.42499923706055,59.74250030517578,60.70000076293945,129880000,42.39616268384029,42.50012799977127,42.97322370665714,63.79345362632566,69.65914364875375,,62.15276956828838,65.06885989805984,-2.916090329771464,4.0,60.0,6.0,80.0,-42.575896378408395,-0.014371165027463051,21052.529296875,59.52211993989491,59.844647543770925,,3.6955580288645744,60.8629545211792,68.25407057890834,53.47183846345005,0.08394114312718974
AAPL,2020-04-06,63.54042053222656,65.61750030517578,65.77749633789062,62.345001220703125,62.72499847412109,201820400,50.475517707023144,47.22262542231423,46.47251333097534,63.96717235764471,69.526630752243,,62.68580506627105,65.10949992821658,-2.4236948619455276,0.0,56.0,4.0,78.0,-29.616718420002737,0.08723718191190799,22679.990234375,60.079447682698564,60.09964430672782,,3.655182466543096,60.81816806793213,68.12853300101833,53.507803134845936,0.23348496199100222
AAPL,2020-04-07,62.804500579833984,64.85749816894531,67.92500305175781,64.75,67.69999694824219,202887200,49.39849019480167,46.64910929335576,46.0562513567547,64.05196529205429,69.3735444380365,,63.019911697451704,65.09083313123352,-2.0709214337818196,0.0,52.0,2.0,76.0,-28.883872550737845,-0.011581918190474272,22653.859375,60.51649613153367,60.28881883167085,,3.142389921155338,60.50454559326172,66.7893254355724,54.21976575095104,0.021908478436739043
AAPL,2020-04-08,64.41195678710938,66.51750183105469,66.84249877929688,65.30750274658203,65.68499755859375,168895200,51.81692181517862,48.07752216933338,47.11211843101747,64.28677829576861,69.27990369682398,,63.55800248723678,65.19651229418324,-1.638509806946459,0.0,48.0,0.0,74.0,-33.921755501199534,0.02559460217714915,23433.5703125,61.138452620733354,60.66095323108492,,2.9425996230297935,60.39125022888184,66.27644947494143,54.50605098282225,0.11392157342007399
AAPL,2020-04-09,64.87673950195312,66.99749755859375,67.51750183105469,66.17500305175781,67.17500305175781,161834800,52.5234748467015,48.491045391502176,47.41579284146511,64.54494203508528,69.20507070868528,,64.08715557513784,65.32991861006549,-1.2427630349276484,0.0,44.0,18.0,72.0,-61.32739429450814,0.007215783187272562,23719.369140625,61.77329410371326,61.08814268566313,,3.1069153810406553,60.630431175231934,66.84426193731325,54.416600413150626,-0.020696022527633022
AAPL,2020-04-13,66.15013122558594,68.3125,68.42500305175781,66.4574966430664,67.07749938964844,131022800,54.492407323812735,49.63081157798359,48.24655605856579,64.90375707936288,69.17580609528575,,64.73720856357818,65.55085056487546,-0.813642001297282,4.0,40.0,16.0,70.0,-64.65835158551191,0.019627862519115524,23390.76953125,62.48857974097842,61.61382840474447,,2.98611333545492,60.57329921722412,66.54552588813395,54.60107254631428,0.09345890949198903
AAPL,2020-04-14,69.49091339111328,71.76249694824219,72.0625,69.51249694824219,70.0,194994800,59.265354793747,52.490966956546984,50.346612058721895,65.55697040020853,69.26061563144825,,65.81802216121879,66.01097251919893,-0.1929503579801377,96.0,36.0,14.0,68.0,-39.52216897274269,0.05050303156821512,23949.759765625,63.536605871291385,62.46312499273391,,3.5488964706283572,61.11605682373047,68.21384976498719,54.018263882473754,0.12199392027596206
AAPL,2020-04-15,68.85665893554688,71.10749816894531,71.5824966430664,70.15750122070312,70.5999984741211,131154400,58.021157555473046,51.91061628160437,49.95392146391282,66.08559209246917,69.32116915726782,,66.63178770086903,66.38849293769866,0.24329476317036836,92.0,32.0,12.0,66.0,-59.52724220505098,-0.009127156697403827,23504.349609375,64.40744948614211,63.200325193859285,,3.9489202964982546,61.49819107055664,69.39603166355315,53.600350477560134,0.16747797529200512
AAPL,2020-04-16,69.40375518798828,71.67250061035156,72.05000305175781,70.5875015258789,71.84500122070312,157125200,58.824157898311775,52.38156703984285,50.29515609503586,66.61767861798178,69.39826199179515,,67.40728199463557,66.77990091345073,0.6273810811848364,88.0,28.0,10.0,64.0,-47.66568432047579,0.0079454370993155,23537.6796875,65.26152885073708,63.95323606218611,,4.297564242610644,61.982605934143066,70.57773441936436,53.38747744892178,0.23443169879658204
AAPL,2020-04-17,68.46204376220703,70.69999694824219,71.73750305175781,69.21499633789062,71.17250061035156,215250000,56.80975216111652,51.481599821470844,49.69995046951809,67.00647083991134,69.44094182643275,,67.91385352595967,67.07027839750936,0.8435751284503112,84.0,24.0,8.0,62.0,-20.822402349468767,-0.013568594714083004,24242.490234375,65.9249139331636,64.57032537914458,,4.479400431553407,62.44281196594238,71.4016128290492,53.48401110283557,0.15252401974781266
AAPL,2020-04-20,67.04100799560547,69.23249816894531,70.41999816894531,69.2125015258789,69.48750305175781,130015200,53.814963803790306,50.133694613065686,48.81051317808939,67.21847344267648,69.43410760815448,,68.11672193257284,67.23044282502313,0.8862791075497114,80.0,20.0,6.0,60.0,-67.63320862787819,-0.020756549008927094,23650.439453125,66.3179938906715,65.00824881054106,,4.276340998595775,63.02006778717041,71.57274978436196,54.46738578997886,0.1605232535552348
AAPL,2020-04-21,64.96874237060547,67.09249877929688,69.3125,66.35749816894531,69.06999969482422,180991600,49.7003613121591,48.22424824546056,47.544398414124004,67.20647585568794,69.35733354819193,,67.95914913976117,67.22022474756193,0.7389243921992374,76.0,16.0,4.0,58.0,-46.25386930710004,-0.030910418666972306,23018.880859375,66.38377220517113,65.19383686610631,,3.768529475946969,63.552658271789554,71.0897172236835,56.015599319895614,-0.07744878166476586
AAPL,2020-04-22,66.84007263183594,69.0250015258789,69.4749984741211,68.05000305175781,68.40249633789062,116862400,53.18157985348465,50.007378024620905,48.76893571676283,67.3796687766585,69.34643741631282,,68.12312642993312,67.35391191632615,0.7692145136069684,72.0,12.0,2.0,56.0,-59.356619386000546,0.02880354756685488,23475.8203125,66.66659861973353,65.50692394801548,,3.7261751342166947,63.90634632110596,71.35869658953935,56.453996052672565,0.10357433520467971
AAPL,2020-04-23,66.5810317993164,68.75749969482422,70.4375,68.71749877929688,68.96749877929688,124814400,52.638489225198846,49.76136343415932,48.608653459955,67.51089076886477,69.32712798282138,,68.22072231683944,67.45788138140009,0.7628409354393568,68.0,8.0,0.0,54.0,-58.88880837412138,-0.003875531882593264,23515.259765625,66.83375273204985,65.76165589832124,,3.6159798590993053,64.26354465484619,71.4955043730448,57.031584936647576,0.04642645496430992
AAPL,2020-04-24,68.50318908691406,70.74250030517578,70.75250244140625,69.25,69.30000305175781,126161200,56.211820970691456,51.59385604026239,49.856472681405315,67.8186631056563,69.37353363273463,,68.60868816119887,67.70118648686496,0.9075016743339148,64.0,4.0,0.0,52.0,-49.95334947589564,0.028869442777505805,23775.26953125,67.18779631115142,66.16543155851818,,3.7116926674720725,64.56046333312989,71.98384866807403,57.137077998185745,0.1324877451329682
AAPL,2020-04-27,68.5516128540039,70.7925033569336,71.13500213623047,69.98750305175781,70.44999694824219,117087600,56.301269035292066,51.63994056670308,49.887751413359226,68.10188598673032,69.42005723024936,,68.94465972977345,67.93017292168486,1.0144868080885914,60.0,0.0,0.0,50.0,-42.665050084028344,0.0007068833982080136,24133.779296875,67.4524764651344,66.54554103669666,,3.6489113172931487,64.98931865692138,72.28714129150768,57.69149602233509,0.0887398375887754
AAPL,2020-04-28,67.4404296875,69.6449966430664,71.4574966430664,69.55000305175781,71.2699966430664,112004800,53.59571686820799,50.49592400072037,49.16957405463565,68.24884890638138,69.42743229296467,,69.05240387028006,68.05719690104645,0.9952069692336067,56.0,0.0,4.0,48.0,-33.32110939393868,-0.016209438702345702,24101.55078125,67.52127322242373,66.77898018246606,,3.601295598668573,65.27703742980957,72.47962862714671,58.074446232472425,-0.10405217050278502
AAPL,2020-04-29,69.65552520751953,71.93250274658203,72.4175033569336,70.97250366210938,71.18250274658203,137280800,57.935290944542224,52.66383153063895,50.61570418514187,68.59967308163858,69.50956575046031,,69.49549600509575,68.34425659330834,1.151239411787401,96.0,24.0,2.0,46.0,-30.315022182515918,0.03284521659016204,24633.859375,67.84126434326171,67.19597901843844,,3.6164578213086895,65.681805229187,72.91472087180439,58.44888958656963,-0.08991040588647883
AAPL,2020-04-30,71.12500762939453,73.44999694824219,73.63249969482422,72.0875015258789,72.48999786376953,183064000,60.56965751989611,54.04825207272247,51.54881640628577,69.06160868798179,69.63876021596134,,70.10388076557982,68.7224595825627,1.3814211830171104,96.0,20.0,0.0,44.0,3.8847248641458556,0.021096422968559736,24345.720703125,68.30724770682198,67.71437924702963,,3.3697359368261526,66.32200298309326,73.06147485674556,59.58253110944095,-0.024313090863909828
AAPL,2020-05-01,69.97993469238281,72.26750183105469,74.75,71.4625015258789,71.5625,240616800,57.5453761787727,52.80036613906896,50.78580672727529,69.36693184446492,69.72494846563653,,70.43674554488365,68.98505530467322,1.451690240210425,96.0,16.0,0.0,42.0,45.007533115576074,-0.016099442027173616,23723.689453125,68.56104736328125,68.06275369553339,,3.0264522260416484,66.85628852844238,72.90919298052567,60.80338407635908,0.041615292358362505
AAPL,2020-05-04,70.97005462646484,73.29000091552734,73.42250061035156,71.58000183105469,72.2925033569336,133568000,59.43160441346344,53.75773922731629,51.42025346936529,69.74055747028038,69.84183543120672,,70.87570790959806,69.30394016473649,1.5717677448615746,92.0,12.0,0.0,40.0,2.839544194641207,0.014148626151687438,23749.759765625,68.91038869222005,68.4545409429641,,2.4312202863161176,67.48268642425538,72.34512699688761,62.62024585162314,0.10691031987203006
AAPL,2020-05-05,72.03524780273438,74.38999938964844,75.25,73.61499786376953,73.76499938964844,147751200,61.41762374320421,54.781027769469574,52.098162577965404,70.18336146260114,69.9909555609917,,71.41636813729812,69.68068529250775,1.7356828447903752,96.0,8.0,10.0,38.0,-26.79075058814669,0.015009051097338633,23883.08984375,69.38766871861048,68.88811821710496,,2.448222338489302,67.90742778778076,72.80387246475937,63.01098311080216,0.2640705221773736
AAPL,2020-05-06,72.77843475341797,75.15750122070312,75.80999755859375,74.71749877929688,75.11499786376953,142333600,62.78645850093231,55.49362679671904,52.56937711170358,70.65708905861085,70.16035050065437,,71.99192707320658,70.08637536126295,1.9055517119436303,96.0,4.0,8.0,36.0,-29.845943953093148,0.010316990270079707,23664.640625,69.93376806349981,69.35202364240374,,2.3685986794284757,68.40612449645997,73.14332185531691,63.66892713760301,0.2353289462253303
AAPL,2020-05-07,73.53132629394531,75.93499755859375,76.2925033569336,75.49250030517578,75.80500030517578,115215200,64.17318027918209,56.21847001752922,53.04683997396182,71.15974701099017,70.34968319107861,,72.59855330172769,70.51960663513931,2.0789466665883793,96.0,0.0,98.0,34.0,-31.783022844935793,0.010344981217007998,23875.890625,70.54811314174107,69.84013809930711,,2.4360354671175073,68.86209297180176,73.73416390603677,63.990022037566746,0.2696701209639641
AAPL,2020-05-08,75.28150177001953,77.53250122070312,77.5875015258789,76.07250213623047,76.41000366210938,133838400,67.23018547583169,57.87245466699876,54.14185567600421,71.76667598334379,70.5851854215581,,73.3576222123393,71.03908030814404,2.318541904195257,96.0,0.0,98.0,32.0,-17.299369480482564,0.023801766733783758,24331.3203125,71.34753606887091,70.45151036580404,,2.642406402169353,69.38233108520508,74.66714388954378,64.09751828086638,0.24973055414814888
AAPL,2020-05-11,76.4660873413086,78.75250244140625,79.26249694824219,76.80999755859375,77.0250015258789,145946400,69.14897377425864,58.96068238305721,54.868783560671126,72.43199278887356,70.85296630745475,71.45814047670568,74.1876037860419,71.6104449106079,2.5771588754340087,96.0,0.0,98.0,30.0,11.390078673330137,0.01573541365989084,24221.990234375,72.22642284574962,71.12615381876627,,2.9653743841436735,69.89812889099122,75.82887765927856,63.96738012270387,0.31017264711056003
AAPL,2020-05-12,75.59220886230469,77.85250091552734,79.92250061035156,77.72750091552734,79.4574966430664,162301200,66.07527471330549,57.818077313838735,54.22177929106527,72.94823165807868,71.08245924542435,71.5986758709655,74.75143411365505,72.07281942949082,2.6786146841642307,96.0,0.0,98.0,28.0,-16.766395821837303,-0.011428314294457453,23764.779296875,72.87929396856399,71.66844714936757,,3.2238493782532003,70.20319366455078,76.65089242105718,63.75549490804438,0.3062887467057803
AAPL,2020-05-13,74.67951202392578,76.9124984741211,78.98750305175781,75.80249786376953,78.0374984741211,200622400,62.929069125047285,56.62944985973622,53.54883170284194,73.32578087865414,71.27360807259473,71.71546318092496,75.08390555372675,72.43131417353752,2.652591380189236,92.0,0.0,96.0,26.0,52.96657984787395,-0.012073953812375415,23247.970703125,73.32711850120907,72.09476318359376,,3.356061921777001,70.49433631896973,77.20646016252373,63.782212475415726,0.18312026967856646
AAPL,2020-05-14,75.13829803466797,77.38500213623047,77.44750213623047,75.38249969482422,76.12750244140625,158929200,63.86060022794234,57.08930971728964,53.84266818583248,73.71237337937569,71.47398164845163,71.8400684326899,75.43792041257348,72.79825402262588,2.6396663899475925,88.0,0.0,94.0,24.0,1.148129007950348,0.006143398615074069,23625.33984375,73.75898611886161,72.53704525175549,,3.4998695085736458,70.78106346130372,77.78080247845101,63.781324444156425,0.19319885532514058
AAPL,2020-05-15,74.69406127929688,76.92749786376953,76.9749984741211,75.05249786376953,75.0875015258789,166348400,62.22998106338923,56.48788061562746,53.508236085687,74.01857571122272,71.65278545878991,71.9518800685378,75.66708617429595,73.10412393678467,2.5629622375112717,84.0,24.0,92.0,22.0,-22.718513356562138,-0.005912254695549901,23685.419921875,74.06843065534319,72.90971171061197,,3.559453257882689,71.0926643371582,78.21157085292357,63.97375782139282,0.267976178191241
AAPL,2020-05-18,76.45394897460938,78.73999786376953,79.125,77.58000183105469,78.2925033569336,135178400,65.94033290631504,58.2929896514077,54.646995132011554,74.46823496384624,71.88515307862531,72.1010694706308,76.13984181883035,73.5215960795243,2.6182457393060474,80.0,20.0,90.0,20.0,3.9712279794977814,0.02356128004249114,24597.369140625,74.55402737572079,73.42031024751209,,3.6173683613047007,71.5633113861084,78.7980481087178,64.328574663499,0.24242790987226392
AAPL,2020-05-19,76.01216125488281,78.28500366210938,79.62999725341797,78.25250244140625,78.75749969482422,101729600,64.23444979817658,57.67016279350525,54.30626670087092,74.83173674463322,72.09498424529691,72.23698011220176,76.46986671779635,73.87444108564172,2.5954256321546296,76.0,16.0,88.0,18.0,-43.793192612253826,-0.005778481368873156,24206.859375,74.89487602597191,73.84401023501442,,3.393707745597019,72.11548233032227,78.9028978215163,65.32806683912823,0.1853993157505579
AAPL,2020-05-20,77.49044036865234,79.80750274658203,79.87999725341797,79.12999725341797,79.16999816894531,111504800,67.28432136682167,59.18346009337566,55.25877052258452,75.3056192210093,72.34785370435544,72.40336522504529,76.98334918376338,74.31392713460026,2.669422049163117,72.0,12.0,86.0,16.0,-4.584537028163036,0.019447928980897977,24575.900390625,75.3722891671317,74.35591100056966,,3.3577600833421597,72.64800071716309,79.3635208838474,65.93248055047877,0.22237812571629326
AAPL,2020-05-21,76.91275024414062,79.2125015258789,80.22250366210938,78.96749877929688,79.66500091552734,102688800,64.95332697908654,58.338251628346136,54.80322828224266,75.6777032500445,72.57292412473325,72.55301657231637,77.326295697935,74.67678449691721,2.6495112010177877,96.0,8.0,98.0,14.0,-17.726800753759182,-0.007454985695828031,24474.119140625,75.71205378941127,74.76207762218657,,3.164434423109229,73.16458663940429,79.49345548562275,66.83571779318584,0.18494190799777582
AAPL,2020-05-22,77.40792846679688,79.72250366210938,79.80750274658203,78.8375015258789,78.94249725341797,81803200,66.03938777962648,58.86050743449664,55.1267884898921,76.06292233690783,72.80733656858165,72.71058771714698,77.69494307703874,75.05054147211662,2.6444016049221233,92.0,4.0,96.0,12.0,-35.15977971040225,0.006438181199923676,24465.16015625,76.05181535993303,75.16620541527158,,3.099846029245643,73.60982360839844,79.80951566688972,67.41013154990716,0.17130013792545137
AAPL,2020-05-26,76.88359832763672,79.18250274658203,81.05999755859375,79.125,80.875,125522000,63.785374748477636,58.06128079719996,54.70365128312139,76.36002523306728,73.01635841048329,72.85282760790378,77.92379841081464,75.35661267763258,2.5671857331820576,96.0,0.0,98.0,10.0,7.203495502512649,-0.006773597350367755,24995.109375,76.2603531610398,75.47799348377046,,2.9400399968222715,74.02642288208008,79.90650287572463,68.14634288843554,-0.022382952033743207
AAPL,2020-05-27,77.21858978271484,79.52749633789062,79.67749786376953,78.27249908447266,79.03500366210938,112945200,64.61631544386157,58.43521454772658,54.92918773225308,76.66168914781237,73.22983834252943,72.99952362394744,78.17052116882633,75.66556702283688,2.504954145989444,92.0,0.0,96.0,8.0,0.8396068739911146,0.004357125087337543,25548.26953125,76.4673817225865,75.78200937906901,,2.577910934064836,74.51533088684081,79.67115275497049,69.35950901871114,0.10435716902568794
AAPL,2020-05-28,77.25257110595703,79.5625,80.86000061035156,78.90750122070312,79.19249725341797,133560800,64.7047848491257,58.4741637631335,54.95240470743949,76.9379568480207,73.43746659359404,73.14376486298157,78.38467175823766,75.95422872484896,2.4304430333886984,88.0,0.0,94.0,6.0,-2.7097744185639945,0.00044006661268758407,25400.640625,76.63665393647693,76.04269892374674,,2.3759307135109133,74.89518318176269,79.64704460878451,70.14332175474087,0.21133287589633776
AAPL,2020-05-29,77.17733001708984,79.48500061035156,80.2874984741211,79.11750030517578,79.8125,153532400,64.321303401385,58.34861490292978,54.88852241363484,77.18053244443317,73.63574639742215,73.2831326816051,78.55395312010134,76.21576738303435,2.3381857370669934,84.0,0.0,92.0,4.0,-16.13184460079535,-0.0009739622615795307,25383.109375,76.76045357840401,76.26004624139695,,2.2526981310229814,75.19779930114746,79.70319556319342,70.69240303910149,0.11360097434075751
AAPL,2020-06-01,78.12644958496094,80.4625015258789,80.5875015258789,79.30249786376953,79.4375,80791200,66.97981184031836,59.48652607554691,55.55359676827765,77.49310092838039,73.85957443442074,73.44092100785286,78.84757595175942,76.53034028250431,2.317235669255112,80.0,4.0,90.0,2.0,-66.42329213920225,0.012297906233098788,25475.01953125,76.9927469889323,76.53896531604585,,1.979512495613454,75.60512504577636,79.56415003700327,71.64610005454945,0.05917996149796727
AAPL,2020-06-02,78.48812103271484,80.83499908447266,80.86000061035156,79.73249816894531,80.1875,87642800,67.95954042715313,59.91924153282778,55.80693718037999,77.81137694324633,74.08827688196342,73.60342821832802,79.15333335679223,76.84920389746493,2.3041294593272994,76.0,0.0,88.0,0.0,-34.383385241974125,0.004629308635874851,25742.650390625,77.25745028541202,76.81353636242095,,1.7539826355407886,75.98102836608886,79.48899363717044,72.47306309500729,0.07616820138946968
AAPL,2020-06-03,78.92020416259766,81.27999877929688,81.55000305175781,80.57499694824219,81.16500091552734,104491200,69.1376691079078,60.44269368271877,56.1118963360909,78.14172188001305,74.32407104253173,73.77214405483282,79.48051265256218,77.17741092574879,2.303101726813395,96.0,0.0,98.0,0.0,-29.27895001868005,0.0055050767453423965,26269.890625,77.55218454996745,77.09345786685036,,1.6084004073117153,76.32527618408203,79.54207699870545,73.1084753694586,0.12436704342653182
AAPL,2020-06-04,78.24053192138672,80.58000183105469,81.40499877929688,80.19499969482422,81.09750366210938,87560400,65.08367629349212,59.181864677258915,55.497194162544666,78.3739390182075,74.52918352740133,73.92176730266186,79.64966483386871,77.42945469651218,2.2202101373565313,92.0,4.0,96.0,12.0,-38.482269822445296,-0.008612144994083137,26281.8203125,77.71590830485026,77.27586317516509,,1.428073429225837,76.59838104248047,79.45452790093215,73.74223418402879,0.03312021583960884
AAPL,2020-06-05,80.4688720703125,82.875,82.9375,80.80750274658203,80.8375015258789,137250400,71.07254855105367,61.885097272608974,57.0705291985039,78.80261149266391,74.80281685437178,74.1185416476583,80.14587024404275,77.83282842269647,2.313041821346289,96.0,0.0,98.0,10.0,19.12525430672342,0.028480636496243994,27110.98046875,78.14719899495442,77.64448136829195,,1.4852942214647074,76.94525833129883,79.91584677422824,73.97466988836942,0.2069208719921551
AAPL,2020-06-08,80.94466400146484,83.36499786376953,83.4000015258789,81.83000183105469,82.5625,95654400,72.17015730215616,62.435946268426164,57.39867469037438,79.23712448038826,75.08354410058155,74.3217604655948,80.64112064707764,78.24261875166485,2.3985018954127924,96.0,0.0,98.0,8.0,-28.529928630348238,0.005912745126296803,27572.439453125,78.58693041120257,78.02537714640299,,1.6786502889364991,77.2284164428711,80.5857170207441,73.87111586499809,0.20003328813934293
AAPL,2020-06-09,83.500732421875,85.99749755859375,86.40249633789062,83.00250244140625,83.03500366210938,147712400,77.1797069987064,65.23510983748105,59.11198588143153,79.88096953545545,75.4413786401885,74.57837007203435,81.46517863346475,78.81705421884476,2.6481244146199856,96.0,0.0,98.0,6.0,1.210033272489078,0.03157797307508625,27272.30078125,79.32470223563058,78.62274057297479,,2.1743233620126645,77.58014869689941,81.92879542092474,73.23150197287409,0.46887418339608483
AAPL,2020-06-10,85.64900970458984,88.20999908447266,88.69249725341797,86.52249908447266,86.9749984741211,166651600,80.37683192172608,67.35532667666479,60.47523195957254,80.67421044488566,75.86002193344372,74.87796631406596,82.5028433182352,79.51282791259497,2.9900154056402215,96.0,0.0,98.0,4.0,2.680448450165495,0.025727645978732117,26989.990234375,80.27759130568731,79.39120352608818,,2.7713155776318694,78.08298873901367,83.6256198942774,72.54035758374994,0.4914650909128466
AAPL,2020-06-11,81.5369644165039,83.9749984741211,87.76499938964844,83.87000274658203,87.32749938964844,201662400,62.36584736631302,60.08181288562063,56.77781529581351,80.98857120957474,76.12608673805609,75.07790108681442,82.72932872683302,79.8433590653006,2.885969661532414,92.0,24.0,96.0,2.0,0.5183867803395833,-0.04801042419834978,25128.169921875,80.60450701032366,79.72015359061105,,2.7522112846371853,78.42586135864258,83.93028392791695,72.92143878936821,0.2444203552661272
AAPL,2020-06-12,82.24091339111328,84.69999694824219,86.94999694824219,83.55500030517578,86.18000030517578,200146000,63.85890261872935,60.832698068271775,57.23455738959144,81.34204032754307,76.40719854822612,75.28937572113152,83.03250845320366,80.20311001959257,2.8293984336110896,88.0,20.0,94.0,0.0,25.934063721455843,0.008633495000052838,25605.5390625,80.98124244326637,80.08349187941778,,2.763891843289441,78.78099212646484,84.30877581304372,73.25320843988595,0.16424361422278957
AAPL,2020-06-15,83.25799560546875,85.74749755859375,86.41999816894531,83.1449966430664,83.3125,138808800,65.9601671013773,61.90635228096831,57.89060019699501,81.76160768288123,76.71343786004145,75.5192245527241,83.45019908480214,80.61380539285192,2.836393691950221,84.0,16.0,92.0,0.0,-16.555374142462444,0.012367107470201866,25763.16015625,81.4475604102725,80.50987316313244,,2.760781469753644,79.20918884277344,84.73075178228073,73.68762590326615,0.21103709045652128
AAPL,2020-06-16,85.46451568603516,88.0199966430664,88.30000305175781,86.18000030517578,87.86499786376953,165428800,70.03104017484429,64.11918779692327,59.273658087585105,82.3576447267084,77.08414470538654,75.79396679646788,84.15324486299664,81.16241215212706,2.990832710869583,80.0,12.0,90.0,0.0,22.378131417445392,0.026502200353493377,26289.98046875,82.14737250918434,81.10561857677641,,3.011334934899903,79.65971717834472,85.68238704814453,73.63704730854491,0.181958593295928
AAPL,2020-06-17,85.3455810546875,87.89749908447266,88.8499984741211,87.77249908447266,88.7874984741211,114406400,69.54823558652038,63.91166233011158,59.16677387357787,82.88524990363833,77.4386809145369,76.05997849510536,84.72928397399295,81.66130748044897,3.0679764935439806,96.0,8.0,98.0,0.0,12.461269876220884,-0.0013916258741181187,26119.609375,82.75279402959914,81.6471294221424,,3.1369057102113196,80.12638816833496,86.4001995887576,73.85257674791231,0.13973326921606252
AAPL,2020-06-18,85.37958526611328,87.93250274658203,88.36250305175781,87.30500030517578,87.85250091552734,96820400,69.61273881183516,63.94626043798501,59.18824404043839,83.36594065058534,77.7827406467351,76.3209130940389,85.22208686208357,82.12584046312548,3.096246398958087,92.0,4.0,96.0,0.0,-13.169298541408084,0.0003984296668386733,26080.099609375,83.28567315964472,82.1474339076451,,3.2807195924800694,80.52084541320801,87.08228459816814,73.95940622824787,0.16542080611922702
AAPL,2020-06-19,84.89164733886719,87.43000030517578,89.13999938964844,86.2874984741211,88.66000366210938,264476000,67.40632891208139,63.04681513172594,58.736042331191946,83.75299395102252,78.09904424209381,76.56506885692102,85.56176585332852,82.51874119216626,3.0430246611622636,96.0,0.0,98.0,0.0,157.55096953124394,-0.005714925010765426,25871.4609375,83.67537718273344,82.56370075770786,,3.3039188742673113,80.91979026794434,87.52762801647896,74.31195251940972,0.028916221304627638
AAPL,2020-06-22,87.11272430419922,89.71749877929688,89.86499786376953,87.7874984741211,87.83499908447266,135445200,71.78953102804405,65.34765073473213,60.150193749407336,84.3210420299058,78.47997717773981,76.85413325081939,86.20110938040058,83.05198249491667,3.149126885483909,96.0,0.0,98.0,12.0,65.57445185518415,0.02616366904114864,26024.9609375,84.29679434640067,83.15350399925595,,3.469504925867954,81.40503005981445,88.34403991155035,74.46602020807855,0.07099075493063335
AAPL,2020-06-23,88.97215270996094,91.63249969482422,93.09500122070312,90.56749725341795,91.0,212155600,74.84001741402146,67.12475470277144,61.28366130157474,85.0173713313266,78.91120742420159,77.17893251332498,87.03670789031192,83.68757636157649,3.349131528735427,96.0,0.0,98.0,10.0,69.01865808384187,0.021345083862474024,26156.099609375,85.08399621872675,83.87418234688896,,3.6865557104780873,82.00945777893067,89.38256919988685,74.63634635797449,-0.02178172833896571
AAPL,2020-06-24,87.40159606933594,90.01499938964844,92.19750213623048,89.62999725341797,91.25,192623200,68.1379797575465,64.23907679977665,59.817244764677376,85.49333590830963,79.27526617716707,77.46104387324418,87.49490658251753,84.1562743636559,3.3386322188616333,92.0,16.0,96.0,8.0,70.54571597553505,-0.01765222704844327,25445.939453125,85.56605769566127,84.38771932692755,,3.693245794382343,82.51860809326172,89.9050996820264,75.13211650449703,-0.12084962774279617
AAPL,2020-06-25,88.5619125366211,91.20999908447266,91.25,89.39250183105469,90.1750030517578,137522400,70.25713748950281,65.37937176360806,60.5292525996317,86.03778002032516,79.66656889543938,77.76321871305139,88.06645927512601,84.67877249112381,3.3876867840021987,88.0,12.0,94.0,6.0,2.9661397655599546,0.013275689683797998,25745.599609375,86.11557980492002,84.96327213105701,,3.7102741303208426,83.08407516479492,90.5046234254366,75.66352690415324,0.06072503550848946
AAPL,2020-06-26,85.84077453613281,88.40750122070312,91.33000183105467,88.25499725341797,91.10250091552734,205256800,60.152864281664705,60.67414530806491,58.06705503684869,86.2634677536945,79.95315684053,77.99715898794483,88.11892726675326,84.95497461924079,3.163952647512474,84.0,8.0,92.0,4.0,33.68956650192402,-0.030725826967242464,25015.55078125,86.22520693824404,85.22581492832728,,3.4831439062229554,83.51724739074707,90.48353520319299,76.55095957830116,0.007559328566330419
AAPL,2020-06-29,87.81912231445312,90.44499969482422,90.5425033569336,87.81999969482422,88.3125,130646000,64.18567764297426,62.69817202819081,59.295418461930296,86.66170889094495,80.29715168821177,78.27073790457955,88.47678456337957,85.36164314335808,3.1151414200214873,80.0,4.0,90.0,2.0,61.70820584420086,0.023046713977255218,25595.80078125,86.55198415120442,85.63551730201358,,3.3659406255669175,84.00188102722169,90.73376227835553,77.26999977608784,-0.006040902698962538
AAPL,2020-06-30,88.55220031738281,91.1999969482422,91.49500274658205,90.0,90.0199966430664,140223200,65.57596637657113,63.42161518268722,59.74133375603066,87.09392680116373,80.65462202460621,78.5548974440007,88.8957403148969,85.79411379557172,3.1016265193251797,76.0,0.0,88.0,0.0,59.99397554619432,0.00834758972316707,25812.880859375,86.93537757510231,86.06888104393369,,3.248490672807093,84.50508499145508,91.00206633706927,78.00810364584089,0.041881433379626486
AAPL,2020-07-01,88.38469696044922,91.02749633789062,91.83999633789062,90.97750091552734,91.27999877929688,110737200,64.9554944045571,63.13148833524401,59.58913069912904,87.4685524713282,80.99471626438603,78.82902049661367,89.22370277997285,86.18177176166942,3.04193101830343,72.0,0.0,86.0,0.0,5.9775368643483855,-0.001891577581734194,25734.970703125,87.26878778366816,86.4383678981236,,3.076932899875366,84.97830963134766,91.13217543109839,78.82444383159692,0.0725285591215239
AAPL,2020-07-02,88.38469696044922,91.02749633789062,92.61750030517578,90.91000366210938,91.9625015258789,114041600,64.9554944045571,63.13148833524401,59.58913069912904,87.8074995062389,81.32365987335338,79.09711886675163,89.50120948119097,86.540714322871,2.960495158319972,68.0,0.0,84.0,0.0,30.243352017578722,0.0,25827.359375,87.53698149181548,86.76278573899042,,2.7236143486802655,85.48551788330079,90.93274658066132,80.03828918594026,0.02368286434244918
AAPL,2020-07-06,90.74901580810548,93.4625015258789,93.94499969482422,92.46749877929688,92.5,118655600,69.6556028510257,65.5254659715732,61.04765104182753,88.34607112715699,81.7216546816329,79.41284156255662,90.11063902652758,87.05343930087157,3.0571997256560053,96.0,0.0,98.0,0.0,-13.548084377167571,0.0267503191046099,26287.029296875,88.06190548851376,87.26407125563848,,2.6969479310623647,85.99952507019043,91.39342093231517,80.6056292080657,0.13291544597664934
AAPL,2020-07-07,90.46742248535156,93.17250061035156,94.65499877929688,93.05750274658205,93.85250091552734,112424400,68.47762367367176,65.00413200454057,60.78104334622777,88.80573107793742,82.0970922530663,79.71525165151915,90.58169465480819,87.50670310157379,3.0749915532343977,96.0,0.0,98.0,2.0,17.53186471296668,-0.0031029903767701983,25890.1796875,88.47794065929594,87.68958529517764,,2.596286570282275,86.47566299438476,91.66823613494931,81.28308985382021,0.007289540598607573
AAPL,2020-07-08,92.57442474365234,95.34249877929688,95.375,94.08999633789062,94.18000030517578,117092000,72.25808904121988,67.03903070473436,62.04657008592871,89.4282803828288,82.53136787687714,80.05870763234942,91.31412605857568,88.08713241103477,3.2269936475409082,96.0,4.0,98.0,0.0,-20.729742391295517,0.02329017673341971,26067.279296875,89.12726273309617,88.27041974748884,,2.8312305627644223,86.92934761047363,92.59180873600248,81.26688648494478,0.036197214100844095
AAPL,2020-07-09,92.97254180908205,95.75250244140624,96.31749725341795,94.67250061035156,96.2624969482422,125642800,72.91896811330543,67.41034853224471,62.28123731499839,90.03058724555046,82.96484769866498,80.40362619958145,91.99695319439577,88.6549375984697,3.342015595926071,96.0,0.0,98.0,0.0,-24.60750451840846,0.004300508121245494,25706.08984375,89.76082095191592,88.84596205211821,,3.1161775533468346,87.29552421569824,93.52787932239191,81.06316910900456,0.07898414764483058
AAPL,2020-07-10,93.13514709472656,95.91999816894533,95.9800033569336,94.70500183105467,95.33499908447266,90257200,73.1997909074041,67.56511480475783,62.37818533499972,90.59148352396902,83.38960673047745,80.7446453637433,92.60049857509571,89.19309023331975,3.4074083417759624,92.0,0.0,96.0,2.0,-55.24341672022152,0.0017489603110822927,26075.30078125,90.34374600365048,89.40211661202567,,3.0669286940398357,87.87543334960938,94.00929073768906,81.7415759615297,0.05541763726232835
AAPL,2020-07-13,92.70551300048828,95.47750091552734,99.95500183105467,95.25749969482422,97.26499938964844,191649200,71.10183329584518,66.69722868492227,61.94889307302044,91.05681851364123,83.78593112998728,81.06844438685943,93.0431143197775,89.65860213570551,3.384512184071994,96.0,0.0,98.0,0.0,-4.245300930320866,-0.004613017830973121,26085.80078125,90.79087698800224,89.86212419782366,,2.9453035112485666,88.39866333007812,94.28927035257526,82.50805630758099,0.09898738232680082
AAPL,2020-07-14,94.2396469116211,97.05750274658205,97.25499725341795,93.87750244140624,94.83999633789062,170989200,73.97062980562171,68.20938920344064,62.87972226943807,91.62831225011179,84.22106462561334,81.41985226289728,93.6607125392859,90.2066688476223,3.4540436916635997,92.0,0.0,96.0,0.0,23.183256392966438,0.01654846471886451,26642.58984375,91.38929450625466,90.4184083484468,,2.9601052076662766,88.94774589538574,94.86795631071828,83.02753548005319,0.10002604681276271
AAPL,2020-07-15,94.88776397705078,97.7249984741211,99.24749755859376,96.48999786376952,98.98999786376952,153198000,75.09544979254298,68.82946703045425,63.267088860184934,92.20894903335078,84.6638165550726,81.77820712468241,94.2859872984913,90.76358215328887,3.522405145202441,88.0,12.0,94.0,0.0,-7.393392202566905,0.006877329093109896,26870.099609375,92.02396102178665,90.98412435622443,,3.1220209014276863,89.41890830993653,95.6629501127919,83.17486650708115,-0.02429566619142318
AAPL,2020-07-16,93.7201690673828,96.52249908447266,97.40499877929688,95.90499877929688,96.5625,110577600,69.28657670138429,66.40949411709803,62.07626054659581,92.61976332393382,85.05262581833162,82.10225749742506,94.63006603479613,91.19016859263581,3.4398974421603157,84.0,8.0,92.0,0.0,-3.346665920787648,-0.012305010264024863,26734.7109375,92.43165137881324,91.39376823788598,,3.108523415132801,89.83763771057129,96.05468454083689,83.62059088030568,-0.013601941559960598
AAPL,2020-07-17,93.53085327148438,96.32749938964844,97.14749908447266,95.83999633789062,96.9875030517578,92186800,68.36319773728891,66.0191970729216,61.883545744638894,92.97288104447807,85.42229380427644,82.41490017637501,94.89120962785033,91.57071161463675,3.32049801321358,80.0,4.0,90.0,12.0,-4.785768288501183,-0.0020200112503244716,26671.94921875,92.76497337704613,91.74550305321102,,3.0265395360587894,90.24520111083984,96.29828018295743,84.19212203872226,-0.0007166234018190473
AAPL,2020-07-20,95.50189971923828,98.35749816894533,98.5,96.0625,96.4175033569336,90318000,72.47599408329008,68.04680356774712,63.100553399473874,93.48570172299877,85.84639886541312,82.7652869454425,95.42448478801879,92.07343654458553,3.3510482434332545,76.0,0.0,88.0,10.0,-65.85020947080264,0.021073756721033066,26680.869140625,93.28786272321429,92.24614101591564,,2.9680966716646533,90.7757137298584,96.7119070731877,84.83952038652909,0.043990020415957426
AAPL,2020-07-21,94.1838150024414,97.0,99.25,96.74250030517578,99.17250061035156,103433200,66.27154964048978,65.34291209784047,61.755083703106635,93.82039679699889,86.21209070589137,83.07813778180639,95.6668717437082,92.43836717091254,3.228504572795657,72.0,0.0,86.0,8.0,-23.63465076650926,-0.013801659659879562,26840.400390625,93.56183813185919,92.57072208949498,,2.9297027490959033,91.1292682647705,96.9886737629623,85.2698627665787,-0.023255759456145164
AAPL,2020-07-22,94.44840240478516,97.27249908447266,97.9749984741211,96.60250091552734,96.69249725341795,89001600,66.88439643044235,65.62723776409129,61.9213949216842,94.14916844342497,86.57472704617273,83.39010176648037,95.91389133459504,92.79645101636144,3.117440318233591,68.0,8.0,84.0,6.0,-58.048903729149735,0.002809266139165212,27005.83984375,93.8174574352446,92.8868301028297,,2.973072521552038,91.40308074951172,97.3492257926158,85.45693570640763,-0.0486283761183114
AAPL,2020-07-23,90.14944458007812,92.84500122070312,97.07749938964844,92.01000213623048,96.99749755859376,197004400,50.749505114492955,57.657112040403355,57.75728176185061,94.02496204126098,86.7803098059934,83.59790175448526,95.44175439399628,92.80004732779416,2.641707066202116,64.0,4.0,82.0,4.0,2.2744923768268825,-0.04551646947168719,26652.330078125,93.44213278634207,92.76743618193127,,2.8388863140460314,91.54047317504883,97.21824580314089,85.86270054695677,-0.18079840612347217
AAPL,2020-07-24,89.9261245727539,92.61499786376952,92.97000122070312,89.1449966430664,90.9875030517578,185438800,50.07373289733326,57.28234571790751,57.55212702731956,93.89067973864275,86.97161105378933,83.79607969095305,95.0068687739614,92.78633996008863,2.2205288138727752,60.0,0.0,80.0,2.0,34.842614730400285,-0.0024772200024576474,26469.890625,93.02022501627604,92.61368869599842,,2.7793172087142044,91.60868377685547,97.16731819428388,86.05004935942706,-0.12868290198382584
AAPL,2020-07-27,92.0573959350586,94.80999755859376,94.90499877929688,93.4800033569336,93.70999908447266,121214000,56.083918732887405,59.86427401825037,58.97133873442204,93.97823381673332,87.22860733263538,84.03814381991218,94.97658089467407,92.93624052294086,2.0403403717332083,56.0,0.0,78.0,0.0,-40.94519645634152,0.02370024697973494,26584.76953125,92.89032382056827,92.65642318725585,,2.425389011633194,91.91951484680176,96.77029287006815,87.06873682353537,-0.03225510090550245
AAPL,2020-07-28,90.54511260986328,93.25250244140624,94.5500030517578,93.24749755859376,94.36750030517578,103625600,51.359397325402576,57.3151279098509,57.57750042249,93.90911654289265,87.42611209029998,84.24065719620874,94.71133805570979,92.95966733171608,1.751670723993712,52.0,16.0,76.0,0.0,-20.682148707193484,-0.01642761355385447,26379.279296875,92.54364224388486,92.52552773611886,,2.2533242896510566,92.05581436157226,96.56246294087437,87.54916578227015,-0.17689643306973976
AAPL,2020-07-29,92.28070831298828,95.04000091552734,95.2300033569336,93.7125015258789,93.75,90329200,55.94613184268384,59.37405132991531,58.720113607046734,94.0168198164769,87.67574778948777,84.47800540982013,94.7619015726048,93.11376611570209,1.6481354569027076,48.0,12.0,74.0,0.0,-35.58184380330787,0.01916829802402753,26539.5703125,92.44770020984468,92.5469462076823,,2.097016854302854,92.24223976135254,96.43627346995824,88.04820605274683,-0.07198240159068231
AAPL,2020-07-30,93.39734649658205,96.19000244140624,96.29750061035156,93.76750183105467,94.1875,158130000,58.64791599150358,60.64074402207535,59.43735780896442,94.2237895902797,87.9549036797146,84.73541193798685,94.98160939857425,93.34163547316166,1.6399739254125905,44.0,8.0,72.0,8.0,42.79754228931199,0.01210045093939316,26313.650390625,92.50723215738932,92.65695637294225,,1.902206701892101,92.49287223815918,96.29728564194338,88.68845883437498,0.018889975253808776
AAPL,2020-07-31,103.17496490478516,106.26000213623048,106.41500091552734,100.8249969482422,102.88500213623048,374336800,73.8000180441556,69.32553893648841,64.88833658682705,95.37009554703691,88.55507084222332,85.20847985443176,96.71674674282906,94.29855152227788,2.4181952205511834,96.0,4.0,98.0,6.0,228.24583309950052,0.10468839613726,26428.3203125,93.86794942220052,93.67429853166853,,2.856588089334947,93.23238563537598,98.94556181404587,87.51920945670608,0.16228459587456665
AAPL,2020-08-03,105.77474212646484,108.9375,111.6374969482422,107.89250183105467,108.1999969482422,308151200,76.2879179725584,71.08482258396941,66.12349820136599,96.66222930446197,89.22334720805206,85.72999678070798,98.59686262854767,95.38291807618322,3.2139445523644525,96.0,0.0,98.0,4.0,159.7021969464568,0.02519775242064659,26664.400390625,95.47559458414713,94.868808673677,,3.939655159978269,93.98367195129394,101.86298227125047,86.10436163133741,0.1133041373996309
AAPL,2020-08-04,106.48110961914062,109.66500091552734,110.79000091552734,108.3874969482422,109.13249969482422,173071600,76.92894827816716,71.5446675392641,66.45070645955981,97.90058850551583,89.89356536239552,86.25604082762709,100.29965313423685,96.44085013835686,3.8588029958799837,92.0,68.0,96.0,2.0,53.94487317699716,0.006678035592194931,26828.470703125,97.06756402878534,96.05904083251953,,4.7345138247896,94.7843563079834,104.2533839575626,85.3153286584042,0.20771462847219843
AAPL,2020-08-05,106.86708068847656,110.0625,110.39250183105467,108.89749908447266,109.37750244140624,121776800,77.29021718583033,71.79880656936184,66.63041737078882,99.0588657907048,90.55484190789075,86.77925971053638,101.80162957512348,97.44986123921932,4.351768335904168,88.0,64.0,94.0,0.0,4.00095651282752,0.0036247844403243246,27201.51953125,98.6005834670294,97.20977648780459,,5.4133909609384565,95.49898910522461,106.32577102710152,84.6722071833477,0.21046720918948333
AAPL,2020-08-06,110.5955810546875,113.90249633789062,114.4124984741211,109.79750061035156,110.40499877929688,202428800,80.47146170319368,74.11477851126071,68.30400632046758,100.47254489043678,91.32033877444812,87.37537480124746,103.66330138477997,98.66857495023201,4.994726434547957,96.0,60.0,98.0,0.0,61.1145246683455,0.03488913837816643,27386.98046875,100.50552760532923,98.64754714965821,,6.336140320911074,96.38014106750488,109.05242170932704,83.70786042568272,0.4827311171376833
AAPL,2020-08-07,108.0811004638672,111.1125030517578,113.6750030517578,110.2925033569336,113.20500183105467,198045600,73.0404756836245,70.08922653569871,66.02525905415129,101.48587423913402,91.9692621933763,87.8970699276323,104.80933241046885,99.59034740219688,5.2189850082719715,92.0,56.0,96.0,0.0,119.42360277074849,-0.02273581427794058,27433.48046875,101.91268644787016,99.76192423502604,,6.797833238247981,97.12743873596192,110.72310521245788,83.53177225946595,0.35752554300683914
AAPL,2020-08-10,109.65204620361328,112.72750091552734,113.7750015258789,110.0,112.5999984741211,212403600,74.61749364019491,71.10602544939695,66.73280235428074,102.55650535117148,92.64986018426649,88.44279368560802,106.02751218047786,100.5634698846658,5.46404229581205,88.0,52.0,94.0,0.0,10.829369493846047,0.01453487920648322,27791.439453125,103.40950281052362,100.95474399384999,,7.25821970920238,97.97476539611816,112.49120481452292,83.4583259777134,0.29780943083807393
AAPL,2020-08-11,106.39100646972656,109.375,112.48249816894533,109.10749816894533,111.97000122070312,187902400,65.98828721189884,66.25727145923388,63.91339650477629,103.20588579391706,93.1982254241266,88.90284217603423,106.54251030655819,101.216175819135,5.326334487423182,84.0,48.0,92.0,0.0,9.89138495296779,-0.0297398894666433,27686.91015625,104.3241973876953,101.75629076276506,,7.435521219667424,98.58233337402343,113.45337581335828,83.71129093468859,0.23313557651179706
AAPL,2020-08-12,109.92681884765624,113.01000213623048,113.2750015258789,110.29750061035156,110.49749755859376,165598000,70.03467086995016,68.66023340041448,65.52489844753839,104.13961115985168,93.84779187370378,89.43266986746711,107.53750904958468,102.0897925833643,5.447716466220385,80.0,44.0,90.0,2.0,8.094100445175524,0.03323412847810392,27976.83984375,105.59659452892485,102.83671795073009,,7.794030743617801,99.33428611755372,114.92234760478932,83.74622463031811,0.25916658542905696
AAPL,2020-08-13,111.87227630615234,115.01000213623048,116.0425033569336,113.92749786376952,114.43000030517578,210082000,72.00795826637169,69.88397882752473,66.36812136931198,105.17488649093538,94.54163483313089,89.99480903820916,108.68712337060711,103.04684514283588,5.640278227771233,96.0,40.0,98.0,0.0,89.98603695504333,0.017697750911833898,27896.720703125,106.94003005254837,104.03081225440616,,8.154428332838913,100.24189147949218,116.55074814517,83.93303481381436,0.2198821646708728
AAPL,2020-08-14,111.77257537841795,114.90750122070312,115.0,113.04499816894533,114.83000183105467,165565200,71.74719981682496,69.73925356464406,66.28334152218184,106.1018021794847,95.20936815731358,90.5423407345277,109.6441045783142,103.92541225971493,5.718692318599267,92.0,36.0,96.0,0.0,79.59751287602998,-0.0008912031740692106,27931.01953125,108.06116115025111,105.12897262573242,,8.38130734479064,101.15397758483887,117.91659227442015,84.39136289525759,0.136154382333103
AAPL,2020-08-17,111.48076629638672,114.60749816894533,116.0875015258789,113.9625015258789,116.0625,119561600,70.93751102470516,69.30362480267655,66.0314246235672,106.91186846419524,95.84537241999001,91.07124529352588,110.40770359225746,104.71667788262089,5.691025709636577,96.0,32.0,98.0,0.0,32.37848490887752,-0.0026107395400283284,27844.91015625,108.95562075660342,106.1124763125465,,8.573552710112933,101.95292091369629,119.10002633392216,84.80581549347042,0.06627099552632801
AAPL,2020-08-18,112.40970611572266,115.5625,116.0,114.00749969482422,114.35250091552734,105633600,72.02002605724617,69.92384318509278,66.4456761316717,107.73573813427188,96.4918356193346,91.6095146277341,111.20074919344862,105.52007211353786,5.680677079910751,92.0,28.0,96.0,0.0,2.1273633610871556,0.008332736221656534,27778.0703125,109.77455182756697,107.10836061750139,,8.67235932854908,102.86421546936035,120.2089341264585,85.51949681226219,0.09161196295201085
AAPL,2020-08-19,112.55072784423828,115.7074966430664,117.1624984741211,115.61000061035156,115.98249816894533,145538000,72.18937985541324,70.01920913645965,66.5089446954311,108.49495323034755,97.12185729224383,92.13914060609305,111.89409495492828,106.2746961527622,5.619398802166074,96.0,24.0,98.0,6.0,63.522902959047926,0.0012545333796216696,27692.880859375,110.4205810546875,108.03088560558501,,8.692417788785104,103.769331741333,121.1541673189032,86.3844961637628,0.05697115424105646
AAPL,2020-08-20,115.0481948852539,118.2750015258789,118.39250183105467,115.73249816894533,115.75,126907200,75.06751758240858,71.66904312846253,67.61252571194467,109.42638640135053,97.81540300482203,92.71355513180262,112.87577288892068,107.16360766188197,5.71216522703871,96.0,20.0,98.0,4.0,-35.581540310774784,0.02218970138044707,27739.73046875,111.21719273158482,109.10506304786318,,8.417770840302113,105.0142692565918,121.84981093719603,88.17872757598758,0.0237362109280808
AAPL,2020-08-21,120.9769058227539,124.37000274658205,124.86750030517578,119.25,119.2624969482422,338054800,80.28387799217404,75.04919697742804,70.00658928365651,110.84958795803924,98.68604561930597,93.40930123322633,114.64411594394551,108.43815544593383,6.205960498011677,96.0,16.0,98.0,2.0,82.29992860178129,0.05153241164203526,27930.330078125,112.69122081938244,110.62531414940244,,8.351692415338878,106.56680831909179,123.27019314976954,89.86342348841404,0.2776694534027044
AAPL,2020-08-24,122.42382049560548,125.85749816894533,128.78500366210938,123.9375,128.69749450683594,345937600,81.3115234264347,75.78053259527655,70.54873878628933,112.2789127400303,99.57691291601544,94.12244841862675,116.36925167086856,109.72847712911987,6.640774541748698,96.0,12.0,98.0,0.0,185.3940963915059,0.011960255248811613,28308.4609375,114.21338835216704,112.13550578526088,,8.335341240180256,108.08512954711914,124.75581202747965,91.41444706675863,0.1659111478541628
AAPL,2020-08-25,121.41948699951172,124.8249969482422,125.18000030517578,123.05249786376952,124.69750213623048,211495600,78.26226709433146,74.21467846740092,69.65694065851979,113.47377790271713,100.40471894985895,94.79722970499192,117.67013555969528,110.84673785646227,6.823397703233013,92.0,8.0,96.0,0.0,104.0958990828521,-0.00820374247452782,28248.439453125,115.44980941045851,113.40544459025065,,7.754699434353499,109.62884826660157,125.13824713530856,94.11944939789457,0.27064722431497956
AAPL,2020-08-26,123.07067108154295,126.52249908447266,126.99250030517578,125.0824966430664,126.18000030517578,163022400,79.61570916690623,75.09216691603062,70.2870480482453,114.71651325336052,101.2610396100102,95.49448837267282,119.03203764043026,112.00790535483341,7.024132285596849,88.0,4.0,94.0,4.0,80.47585941201739,0.01359900393944069,28331.919921875,116.76779400053478,114.68561819167364,,7.163119922285261,111.1683464050293,125.49458624959982,96.84210656045877,0.20072475296830977
AAPL,2020-08-27,121.59944915771484,125.01000213623048,127.48500061035156,123.8324966430664,127.14250183105467,155552400,75.12731811029332,72.80290988384793,68.98458950144155,115.69684552791956,102.0396941190666,96.1431809828609,119.95172448593799,112.9710236349369,6.980700851001089,84.0,0.0,92.0,2.0,-1.6300512236767217,-0.011954285378466212,28492.26953125,117.77080528622582,115.67905654907227,,6.190514775658827,112.57845153808594,124.9594810894036,100.19742198676829,0.09449712824832747
AAPL,2020-08-28,121.4024887084961,124.80750274658205,126.44249725341795,124.57749938964844,126.0124969482422,187630000,74.52161514347793,72.4960716323296,68.81040181046197,116.56452716779218,102.7861796478376,96.77316607656904,120.69876729526786,113.84779986542912,6.850967429838732,80.0,4.0,90.0,0.0,-49.876688586321194,-0.001619747873720101,28653.869140625,118.61880900065104,116.51944104149229,,6.073899859176251,113.48982772827148,125.63762744662398,101.34202800991898,0.049559284941736954
AAPL,2020-08-31,125.51951599121094,129.0399932861328,131.0,126.0,127.58000183105467,225702700,78.43536701734197,74.79850005177542,70.40434200037156,117.75266679811033,103.64696042286367,97.48232711414187,121.982032832324,114.973147526222,7.008885306102002,96.0,0.0,98.0,0.0,-26.75585881216753,0.033912214869008084,28430.05078125,119.90384070986794,117.6651256379627,,6.352169043548591,114.4770664215088,127.18140450860598,101.77272833441161,0.13835060992370757
AAPL,2020-09-01,130.51927185058594,134.17999267578125,134.8000030517578,130.52999877929688,132.75999450683594,151948100,82.04287940311274,77.20201682884232,72.16697397598617,119.31717402455519,104.6480434475495,98.28886921439768,123.85864203900974,116.39587679655972,7.462765242450018,96.0,0.0,98.0,8.0,-12.205064262420871,0.039832497917894116,28645.66015625,121.67333025251116,119.19295472644625,,7.000662928265518,115.67897453308106,129.68030038961209,101.67764867655002,0.13521368214277557
AAPL,2020-09-02,127.81511688232422,131.39999389648438,137.97999572753906,127.0,137.58999633789062,200119000,74.75848100997322,73.28193834994187,69.87038393854328,120.46791877426273,105.52515657702277,99.0165862403776,125.01885001708277,117.50729287803561,7.511557139047156,96.0,0.0,98.0,6.0,64.33261507939115,-0.020718434373104277,29100.5,122.88614719935826,120.34877780732654,,7.177713366431015,116.72637634277343,131.08180307563546,102.3709496099114,-0.03226185963447388
AAPL,2020-09-03,117.58212280273438,120.87999725341795,128.83999633789062,120.5,126.91000366210938,257599600,54.89546831587694,61.105697381103695,62.22412736580796,120.50716434370608,106.02859397624884,99.49710076813673,124.38210343805741,117.75712283176763,6.624980606289782,92.0,0.0,96.0,4.0,27.254422295641728,-0.08006090616817318,28292.73046875,122.58272835867746,120.43027747017997,,7.032169976920221,117.07570343017578,131.14004338401622,103.01136347633533,-0.20448484644923934
AAPL,2020-09-04,117.65995025634766,120.95999908447266,123.6999969482422,110.88999938964844,120.06999969482422,332607200,54.993411794633346,61.15660207913617,62.25618308881388,120.55029146187432,106.51814824209225,99.96881281904521,123.85562584519823,117.9943729245606,5.861252920637639,88.0,0.0,94.0,2.0,67.94475615716784,0.0006618986947859451,28133.310546875,122.23435748872303,120.48592002505347,,6.705958155043458,117.55464591979981,130.96656222988673,104.14272960971289,-0.25370754152296027
AAPL,2020-09-08,109.74201965332033,112.81999969482422,118.98999786376952,112.68000030517578,113.9499969482422,231366600,44.42428030067314,53.73643229523707,57.21583952674378,119.81407319834575,106.72476632250968,100.25125648664475,122.15783720667916,117.6110860186542,4.546751188024956,84.0,0.0,92.0,0.0,8.927814782800292,-0.06729503612551602,27500.890625,120.7714131673177,119.74186038062686,,6.700405576534408,117.55914459228515,130.95995574535397,104.15833343921634,-0.21736693491119818
AAPL,2020-09-09,114.11924743652344,117.31999969482422,119.13999938964844,115.26000213623048,117.26000213623048,176940500,50.13035028753938,56.74518618875681,59.08448557014325,119.57654238848656,107.0721510232413,100.62639370001133,121.41355451254763,117.58952406874087,3.8240304438067625,80.0,0.0,90.0,34.0,-5.833826497160228,0.03988652475169463,27940.470703125,119.9175057547433,119.41425112769717,,6.228679681021537,117.945556640625,130.40291600266806,105.48819727858192,-0.21205601521600115
AAPL,2020-09-10,110.39373016357422,113.48999786376952,120.5,112.5,120.36000061035156,182274400,45.818488110857885,53.66470881867929,56.925200612005284,118.99687148137065,107.28257223112747,100.90911027503898,120.194545797351,117.28585546096522,2.9086903363857743,76.0,12.0,88.0,32.0,10.070411478399498,-0.03264582755876888,27534.580078125,118.55192442394439,118.69502955845424,,6.197841677997325,117.96890220642089,130.36458556241556,105.57321885042624,-0.3029991789091084
AAPL,2020-09-11,108.94439697265624,112.0,115.2300033569336,110.0,114.56999969482422,180860300,44.224824735678226,52.51458432246941,56.11116876349733,118.33050276885916,107.43724199404132,101.15286609316999,118.93384644391239,116.89431061200483,2.039535831907557,72.0,8.0,86.0,30.0,-13.909663845546024,-0.013128763642377694,27665.640625,117.0374269031343,117.83555286952428,,6.381287658053689,117.8225082397461,130.5850835558535,105.05993292363873,-0.30239213045883423
AAPL,2020-09-14,112.21270751953124,115.36000061035156,115.93000030517578,112.8000030517578,114.72000122070312,140150100,48.56912201757272,54.780934447737316,57.509336702759526,118.04759780138225,107.69700457162526,101.46511080783333,118.38402400797995,116.78065801928977,1.6033659886901717,68.0,4.0,84.0,28.0,-15.350508440179459,0.029999803915526924,27993.330078125,116.07329944428943,117.30128613426572,,6.360049246749925,117.84451484680176,130.5646133403016,105.12441635330191,-0.2696103820862019
AAPL,2020-09-15,112.38780975341795,115.54000091552734,118.83000183105467,113.61000061035156,118.33000183105467,184642000,48.79921758111952,54.9005261022681,57.583209649289095,117.80877905034846,107.9541519927368,101.77444905195847,117.94648199375646,116.68875749308515,1.2577245006713156,64.0,0.0,82.0,26.0,54.43252683135722,0.0015604492375005385,27995.599609375,115.22976764497302,116.78159993489584,,6.315359307493727,117.88986701965332,130.52058563464078,105.25914840466586,-0.3310843198741341
AAPL,2020-09-16,109.07086944580078,112.12999725341795,116.0,112.04000091552734,115.2300033569336,154679000,44.717934705373004,52.18909072816936,55.71100717579078,117.26794268873603,108.0910649521034,102.0020435179246,117.05163818755054,116.3510715494061,0.7005666381444371,60.0,84.0,80.0,24.0,46.42973447842353,-0.029513345930440638,28032.380859375,114.02999311174665,115.94169540405274,,6.509008589847377,117.72292518615723,130.740942365852,104.70490800646247,-0.3992046135248764
AAPL,2020-09-17,107.32968139648438,110.33999633789062,112.1999969482422,108.70999908447266,109.72000122070312,178011000,42.69912440153225,50.82267589459273,54.7573736687028,116.60813827436981,108.1648004073751,102.18529522825352,116.01907790298748,115.90580671892349,0.11327118406398995,56.0,96.0,78.0,22.0,22.312385768665226,-0.015963822954410678,27901.98046875,112.73139161609468,114.95186266217912,,6.824420501554739,117.46187286376953,131.110713866879,103.81303186066005,-0.3359288698143464
AAPL,2020-09-18,103.9251708984375,106.83999633789062,110.87999725341795,106.08999633789062,110.4000015258789,287104900,38.992422380295,48.26056173036733,52.94902816814596,115.67783904232417,108.12136420837561,102.28759635154225,114.60691150835719,115.23426520921734,-0.6273537008601551,52.0,96.0,76.0,20.0,126.2321601926447,-0.03172012116080303,27657.419921875,111.11475793747675,113.66265295119513,,7.4555241407134565,116.90572166442871,131.8167699458556,101.9946733830018,-0.3134463733516311
AAPL,2020-09-21,107.07677459716795,110.08000183105467,110.19000244140624,103.0999984741211,104.54000091552734,195713800,43.851650699989,50.64896892867543,54.37239652530622,115.14471168886993,108.1855818353487,102.45885801043262,113.91046386569525,114.85246792194604,-0.942004056250795,48.0,96.0,74.0,18.0,-42.10589525721865,0.030325701381914483,27147.69921875,110.0847887311663,112.72656275431315,,7.699914359188997,116.21071510314941,131.61054382152741,100.81088638477142,-0.2575346245374786
AAPL,2020-09-22,108.7595672607422,111.80999755859376,112.86000061035156,109.16000366210938,112.68000030517578,183055400,46.31063352702865,51.87899585599678,55.11225630255809,114.82711986693887,108.30441513775018,102.66437756094166,113.58731520306425,114.6270997468829,-1.039784543818655,44.0,92.0,72.0,16.0,-47.08427184555827,0.015715757874712466,27288.1796875,109.45483703613282,112.01692962646484,,7.725781433364845,115.52750244140626,130.97906530813594,100.07593957467657,-0.26603474906937663
AAPL,2020-09-23,104.1975326538086,107.12000274658205,112.11000061035156,106.7699966430664,111.62000274658205,150718700,41.06066038639786,48.481808984127554,52.74625344024598,114.09310871261917,108.26558194459713,102.76230338919748,112.59234405591314,114.07101848760136,-1.4786744316882192,40.0,88.0,70.0,14.0,-28.736720763930784,-0.04194605331590284,26763.130859375,108.42384934198289,110.93788488478887,,7.9897606319029695,114.6664047241211,130.64592598792703,98.68688346031516,-0.3495499574082792
AAPL,2020-09-24,105.2675323486328,108.22000122070312,110.25,105.0,105.16999816894533,167743300,42.70136499218081,49.28949974679516,53.22683032583858,113.5337651419605,108.26408749463339,102.88225279208771,111.91967592741929,113.63760980116446,-1.7179338737451673,36.0,84.0,68.0,12.0,2.895859710076652,0.010268954240780559,26815.439453125,107.76045764741444,110.04275418236142,,7.995882972321271,113.77624778747558,129.76801373211813,97.78448184283305,-0.1597460898952724
AAPL,2020-09-25,109.2167510986328,112.27999877929688,112.44000244140624,107.66999816894533,108.43000030517578,149981400,48.409652095125814,52.16024877953866,54.95227468051127,113.41435882170681,108.39575671708137,103.08879665993847,111.97511021232353,113.53704602176686,-1.5619358094433267,32.0,80.0,66.0,10.0,-3.5814297947186926,0.0375160190600905,27173.9609375,107.74091026669457,109.60851640247164,,7.836045980122294,113.15711288452148,128.82920484476608,97.4850209242769,-0.02396272729439274
AAPL,2020-09-28,111.82362365722656,114.95999908447266,115.31999969482422,112.77999877929688,115.01000213623048,137672400,51.8216352683231,53.94499726516751,56.04446975612669,113.56156265625594,108.61097777830732,103.34970220773043,112.43432388496186,113.64244995233764,-1.2081260673757868,28.0,76.0,64.0,8.0,-26.625592922240582,0.023868797893827898,27584.060546875,108.14935731433687,109.48151742844354,,7.5945720010600875,112.67816963195801,127.86731363407819,97.48902562983784,-0.03922037026444552
AAPL,2020-09-29,110.97737121582033,114.08999633789062,115.30999755859376,113.56999969482422,114.5500030517578,99382200,50.65055292697898,53.27589383585031,55.59795050374775,113.61188967355449,108.79061773108053,103.58575262817351,112.68904272387397,113.67560153645267,-0.986558812578707,24.0,72.0,62.0,6.0,-55.96765125095978,-0.007567742966372304,27452.66015625,108.4251459030878,109.31953662690663,,6.970961550781661,111.95106239318848,125.8929854947518,98.00913929162516,0.012185931198139538
AAPL,2020-09-30,112.65045166015624,115.80999755859376,117.26000213623048,113.62000274658205,113.79000091552734,142675200,52.915986669208216,54.434639303470604,56.300337272835144,113.82123328165346,109.0207613319826,103.85441735191901,113.16918962152317,113.83370494550016,-0.6645153239769854,20.0,68.0,60.0,4.0,-6.1026758478717404,0.015075870206749054,27781.69921875,108.95393451509021,109.3861451285226,,5.443672328831939,111.057621383667,121.94496604133087,100.17027672600312,0.1331753409357042
AAPL,2020-10-01,113.60370635986328,116.79000091552734,117.72000122070312,115.83000183105467,117.63999938964844,116120400,54.205885227699824,55.09267675961408,56.69857422764984,114.10397305630812,109.2754904986562,104.13871589177853,113.72623751290843,114.05268983216884,-0.3264523192604116,16.0,64.0,58.0,2.0,-41.974325276460505,0.008462058390878102,27816.900390625,109.58833116803851,109.62862941196987,,3.829308608178444,110.34705085754395,118.00566807390084,102.68843364118706,0.1023308498020571
AAPL,2020-10-02,109.9365692138672,113.0199966430664,115.37000274658205,112.22000122070312,112.88999938964844,144712000,48.68075785246522,52.0914767696944,54.74034675602496,114.00073720742796,109.39826119191555,104.3339088753233,113.61758507139426,113.97619404038348,-0.35860896898921624,12.0,60.0,56.0,0.0,-43.82289413492878,-0.03228008366540136,27682.810546875,109.68940182640439,109.58953592209589,,3.429807333551764,109.96477317810059,116.82438784520411,103.10515851099706,0.20097120162645937
AAPL,2020-10-05,113.32161712646484,116.5,116.6500015258789,113.5500030517578,113.91000366210938,106243800,53.40228830054967,54.46596039290698,56.16631729412039,114.23876223529197,109.63110508726258,104.60129549344806,114.06103352194899,114.1631426299847,-0.10210910803571949,8.0,56.0,54.0,2.0,-68.05727596997299,0.030790918224967267,28148.640625,110.26348971412295,109.90923534574962,,3.0315844638807783,109.74785652160645,115.811025449368,103.6846875938449,0.1398058197590444
AAPL,2020-10-06,110.07274627685548,113.16000366210938,116.12000274658205,112.25,115.6999969482422,161498200,48.7650097240308,51.90542355487686,54.48511958173254,114.1360233235603,109.7468066798805,104.78939896968238,113.92241354351212,114.0888360397717,-0.16642249625958527,4.0,52.0,52.0,0.0,-30.198135772406214,-0.028669471297640192,27772.759765625,110.39550141834077,109.94017722720191,,3.0324528299388738,109.7643928527832,115.82929851266096,103.69948719290545,0.09181041229419613
AAPL,2020-10-07,111.94036865234376,115.08000183105467,115.5500030517578,114.12999725341795,114.62000274658205,96849000,51.378797480462126,53.216562976681104,55.27047753880514,114.22592603855975,109.92166553729605,105.01556606553672,114.10050404928789,114.16225572801488,-0.061751678726992054,0.0,48.0,50.0,0.0,-45.26465111153185,0.016967164340488283,28303.4609375,110.76698775518508,110.14741301763625,,2.904192701914578,109.65544891357422,115.46383431740338,103.84706350974506,0.26139581149540286
AAPL,2020-10-08,111.83336639404295,114.97000122070312,116.4000015258789,114.58999633789062,116.25,83477200,51.2175803165539,53.13050426283025,55.214778541593454,114.29679034162102,110.08718474003071,105.23434486015576,114.23427284489023,114.22208872747328,0.012184117416950357,0.0,44.0,48.0,0.0,-54.202455199413635,-0.000955886241835846,28425.509765625,111.08029581705729,110.35483373006186,,2.9410614577863385,109.72743072509766,115.60955364067034,103.84530780952498,0.13856016223585538
AAPL,2020-10-09,113.7787857055664,116.97000122070312,117.0,114.91999816894533,115.27999877929688,100506900,54.041168049151814,54.51728858240205,56.03671547200334,114.55138185391455,110.31285085415111,105.49227137357438,114.65515413347683,114.42563780104587,0.22951633243096126,0.0,40.0,46.0,0.0,-44.42843454312527,0.01739569659978568,28586.900390625,111.57767697288877,110.74067706153507,,3.0691913650470792,109.96915016174316,116.10753289183732,103.830767431649,0.06774923003307655
AAPL,2020-10-12,121.00607299804688,124.4000015258789,125.18000030517578,119.27999877929688,120.05999755859376,240226800,62.682767882413145,59.171426138330816,58.89640937838114,115.48934563219686,110.77472464666677,105.90782588241623,116.15436142461562,115.1644795584409,0.9898818661747129,96.0,36.0,44.0,68.0,71.40679885351491,0.06352051700730077,28837.51953125,112.97486775716146,111.79181256975447,,3.919537629318369,110.40881843566895,118.24789369430569,102.56974317703221,0.21328655752013712
AAPL,2020-10-13,117.7961196899414,121.0999984741211,125.38999938964844,119.6500015258789,125.2699966430664,262330500,57.51050674735741,56.50811824051052,57.209865419007656,116.02369352190394,111.11325821478002,106.24171978553062,116.91522866300107,115.60414762626905,1.3110810367320198,96.0,32.0,42.0,66.0,42.07520499128042,-0.026527208334058416,28679.810546875,113.82743137904576,112.49536507016137,,4.236967955684103,110.67923393249512,119.15316984386332,102.20529802112692,0.07331306786015794
AAPL,2020-10-14,117.88368225097656,121.19000244140624,123.02999877929688,119.62000274658205,121.0,150712000,57.61325318827811,56.563425090038514,57.24394546196023,116.51572294280892,111.4436432713907,106.57025347027513,117.57288616737111,116.01791464961255,1.5549715177585597,92.0,28.0,40.0,64.0,-2.5646661796365375,0.0007433399441818533,28514.0,114.562159656343,113.18150300525484,,4.510339043546393,111.1198745727539,120.14055265984669,102.09919648566111,0.017300359526555946
AAPL,2020-10-15,117.41675567626952,120.70999908447266,121.1999969482422,118.1500015258789,118.72000122070312,112559200,56.82415142352635,56.168433871695264,56.996936870839846,116.91517781344356,111.74745821608191,106.8810171101476,118.05551892384827,116.36547645960218,1.6900424642460905,88.0,24.0,38.0,62.0,-36.768401952688315,-0.003960909311544469,28494.19921875,115.1144772484189,113.78120596749442,95.08653962965629,4.626682916626785,111.62422828674316,120.87759411999673,102.3708624534896,0.10140198346016534
AAPL,2020-10-16,115.77287292480467,119.0199966430664,121.5500030517578,118.80999755859376,121.27999877929688,115393800,54.018952250975545,54.77197968348651,56.126876191911016,117.11563674959812,111.98590209893385,107.14780786911285,118.2039001114203,116.56210758430323,1.6417925271170617,84.0,20.0,36.0,60.0,-59.807791507563955,-0.014000410265100571,28606.310546875,115.36951519194103,114.17631498064314,95.38312780541567,4.3385364189243685,112.21661338806152,120.89368622591026,103.53954055021278,0.030495454384203185
AAPL,2020-10-19,112.81581115722656,115.9800033569336,120.41999816894533,115.66000366210938,119.95999908447266,120639300,49.303902495388066,52.34432021761901,54.59708908747383,117.00748118839198,112.1168562385404,107.34192205565836,117.86176214919158,116.51898875264622,1.342773396545354,80.0,16.0,34.0,58.0,-38.35932877497652,-0.025541922670423323,28195.419921875,115.19266633533296,114.23338143484933,95.64814151820852,4.167097532403109,112.50356521606446,120.83776028087068,104.16937015125824,-0.15986145127377951
AAPL,2020-10-20,114.30404663085938,117.51000213623048,118.9800033569336,115.62999725341795,116.1999969482422,124423700,51.59390577735628,53.42182042568393,55.22383597943722,117.05534032628137,112.29368069420237,107.56539634314345,117.80764522412063,116.59239715143023,1.2152480726904002,76.0,12.0,32.0,56.0,-32.02948397042643,0.013191727811616039,28308.7890625,115.19673992338635,114.404855855306,95.92592461315553,4.088600874497695,112.78078918457031,120.9579909335657,104.60358743557492,-0.049911947993645185
AAPL,2020-10-21,113.6815185546875,116.87000274658205,118.70999908447266,116.4499969482422,116.66999816894533,89946000,50.564981528440356,52.90294381907805,54.90035788061251,117.03768912821477,112.44372404018202,107.76989318717507,117.66339253526854,116.61296052884889,1.0504320064196548,72.0,8.0,30.0,54.0,-40.32193749017209,-0.005446247044798902,28210.8203125,115.10206124441964,114.49063960484096,96.19542890292495,3.5560046060360824,113.25498847961425,120.36699769168642,106.14297926754209,-0.05612472905872936
AAPL,2020-10-22,112.59207916259766,115.75,118.04000091552734,114.58999633789062,117.4499969482422,101988000,48.73334200470966,51.98656523505807,54.33203862871046,116.91505206838478,112.55212653066786,107.94528015009429,117.36902445291953,116.54903752671194,0.8199869262075907,68.0,4.0,28.0,52.0,-39.19995612343384,-0.009583258615302181,28363.66015625,114.86138291131883,114.42750538417272,96.45202253389121,3.0280769511669514,113.6212158203125,119.6773697226464,107.5650619179786,-0.06505106543627417
AAPL,2020-10-23,111.90147399902344,115.04000091552734,116.5500030517578,114.27999877929688,116.38999938964844,82572600,47.55731072910373,51.40125005634238,53.97064914942294,116.73647576811264,112.63369618263046,108.1012080790049,117.01071313947459,116.43725703699457,0.5734561024800229,64.0,0.0,26.0,50.0,-44.944773151870834,-0.006133692251804823,28335.5703125,114.50333331880115,114.26372044881185,96.69978588047313,2.8783544825432306,113.75545196533203,119.51216093041849,107.99874300024557,-0.1470342878510246
AAPL,2020-10-26,111.91119384765624,115.0500030517578,116.5500030517578,112.87999725341795,114.01000213623048,111850700,47.57648563194817,51.409235082546424,53.97504574455643,116.57585931893598,112.71291935866742,108.25392884763684,116.70906543367201,116.33449748253258,0.37456795113942576,60.0,8.0,24.0,48.0,-18.755901691261283,8.68607739061833e-05,27685.380859375,114.1601048787435,114.08807681855701,96.94579909139604,2.875326159824585,113.75983047485352,119.51048279450268,108.00917815520435,-0.2515843630447228
AAPL,2020-10-27,113.41889190673828,116.5999984741211,117.27999877929688,114.54000091552734,115.48999786376952,92276800,50.59411867172234,52.66042922992968,54.6605134843614,116.57815828609648,112.84036457556753,108.43735894931781,116.69228590143341,116.35416422265025,0.33812167878315336,56.0,4.0,22.0,46.0,-7.149570043730165,0.013472272140483632,27463.189453125,114.00039382207962,114.05560647873651,97.20497534794593,2.8018660924171317,113.88190650939941,119.48563869423367,108.27817432456516,-0.10883218804212147
AAPL,2020-10-28,108.16622924804688,111.1999969482422,115.43000030517578,111.0999984741211,115.0500030517578,143937800,41.60808843156114,48.17832391240043,51.91198435694968,116.06595244439606,112.78658203040932,108.49807626797548,115.84731837017321,115.97237405417559,-0.1250556840023762,52.0,0.0,20.0,44.0,0.8849470685865519,-0.0463120611600627,26519.94921875,113.1262465704055,113.5112562633696,97.41005203398899,3.071993107303251,113.65769538879394,119.80168160340044,107.51370917418744,-0.22961330778976669
AAPL,2020-10-29,112.17381286621094,115.31999969482422,116.93000030517578,112.1999969482422,112.37000274658205,146129200,49.044249814588,51.44798169959641,53.72358855037191,115.99490932538922,112.86964490465242,108.64800865098314,115.76619242011952,115.92405002755696,-0.15785760743743538,48.0,0.0,18.0,42.0,25.8428320949635,0.037050229503460486,26659.109375,112.82136891682943,113.3699341183617,97.65338080297062,3.0899025204388946,113.58620071411133,119.76600575498912,107.40639567323353,-0.19037860674905135
AAPL,2020-10-30,105.89006042480467,108.86000061035156,111.98999786376952,107.72000122070312,111.05999755859376,190272600,40.36434141316659,46.6608614292957,50.6694877061435,115.31539420967134,112.73818115729829,108.65266781492531,114.70370137246292,115.40078710776397,-0.6970857353010587,44.0,96.0,16.0,40.0,31.483636464149484,-0.05601799814811381,26501.599609375,111.69394306001209,112.63696837652297,97.83234481697652,3.452645878823608,113.38387527465821,120.28916703230543,106.47858351701099,-0.18057445927783428
AAPL,2020-11-02,105.80252075195312,108.7699966430664,110.68000030517578,107.31999969482422,109.11000061035156,122866900,40.25744974830571,46.59822089521995,50.62857352849585,114.69202301285182,112.60807674699561,108.65524647048885,113.79082372178654,114.90961744371229,-1.1187937219257549,40.0,96.0,14.0,38.0,15.646183589065904,-0.0008267033987926498,26925.05078125,110.69880727132161,111.91493461245582,98.00895742046299,3.8466713398117975,113.00792045593262,120.70126313555622,105.31457777630902,-0.08219553573248879
AAPL,2020-11-03,107.42696380615234,110.44000244140624,111.48999786376952,108.7300033569336,109.66000366210938,107624400,43.26019221633458,47.94307462856576,51.37208295129206,114.28706867271414,112.53699234353365,108.69447187644307,113.27531275557419,114.57853485094888,-1.303222095374693,36.0,92.0,12.0,36.0,-33.35876189332141,0.015353538296196234,27480.029296875,110.03448864164807,111.38341493152437,98.20029955735848,3.9955405994496043,112.87563133239746,120.86671253129667,104.88455013349825,-0.0992907641521402
AAPL,2020-11-04,111.81391143798828,114.9499969482422,115.58999633789062,112.3499984741211,114.13999938964844,138235500,50.49643960901539,51.37273707392112,53.30970600518436,114.35020469895491,112.61610724860607,108.83195594395514,113.53295647752311,114.6060505618595,-1.0730940843363896,32.0,88.0,10.0,34.0,42.73301737756714,0.040836559802174044,27847.66015625,110.05468415759859,111.28229875110445,98.43375206373224,3.9971982440157006,112.86930847167969,120.86370495971109,104.87491198364829,-0.07897780157793995
AAPL,2020-11-05,115.7826156616211,119.02999877929688,119.62000274658205,116.87000274658205,117.9499969482422,126387100,55.96748148416809,54.20339075689318,54.96617263788966,114.79589937327319,112.82639877420249,109.05608875352308,114.37865529318061,114.93375042981782,-0.5550951366372061,28.0,84.0,8.0,32.0,51.40313762320729,0.035493832320085295,28390.1796875,110.65740065801711,111.55975657871791,98.70494863519622,4.040639843437737,113.0667709350586,121.14805062193408,104.98549124818312,0.0008789902546335446
AAPL,2020-11-06,115.6510772705078,118.69000244140624,119.1999969482422,116.12999725341795,118.31999969482422,114457900,55.747569944001526,54.09515684453959,54.90029947546473,115.166766332143,113.01864807476653,109.26782312028975,115.04193946983071,115.2119913195651,-0.17005184973439214,24.0,80.0,6.0,30.0,13.880639040702677,-0.0011360806660105638,28323.400390625,111.24248591831753,111.80588099161784,98.97291177208744,4.0795061424532895,113.16038551330567,121.31939779821225,105.00137322839909,0.05011433168291835
AAPL,2020-11-09,113.34174346923828,116.31999969482422,121.98999786376952,116.0500030517578,120.5,154515300,51.89247142737331,52.19751105612607,53.74639341662287,115.27659808096978,113.12688911148973,109.42281601203776,115.2385641198297,115.29406601402873,-0.055501894199025514,20.0,76.0,4.0,28.0,-35.67940795947829,-0.019968113188154613,29157.970703125,111.49265747070312,111.82315317789714,99.21596735940051,3.640026158116069,112.77716903686523,120.05722135309738,105.49711672063309,-0.09330492191510015
AAPL,2020-11-10,113.00070190429688,115.97000122070312,117.58999633789062,114.12999725341795,115.5500030517578,138023400,51.32796502776361,51.91858155328273,53.576699520505095,115.34263647523011,113.22010590195575,109.56671019244797,115.35109290457946,115.3441352885972,0.006957615982258858,16.0,72.0,2.0,26.0,-47.38568332694826,-0.003008966992235851,29420.919921875,111.7065216064453,111.84444202241444,99.45370282111476,3.444723790787115,112.537398147583,119.42684572915724,105.64795056600877,-0.10973391094837608
AAPL,2020-11-11,116.43058013916016,119.48999786376952,119.62999725341795,116.44000244140624,117.19000244140624,112295000,56.45809125723302,54.45682690975815,55.033666423465235,115.73762327413863,113.42567613021193,109.7848044269825,115.98784751368561,115.65123622009145,0.3366112935941601,12.0,68.0,0.0,24.0,-25.490339189978233,0.030352716196118346,29397.630859375,112.38418680826823,112.21522125970749,99.72376173028898,3.339751447728236,112.4647430419922,119.14424593744866,105.78524014653573,0.05411996850305361
AAPL,2020-11-12,116.1577377319336,119.20999908447266,120.52999877929688,118.56999969482422,119.62000274658205,103162300,55.952861753181516,54.22069815770288,54.89382229413274,116.06832573226568,113.61532606313851,109.99195156231195,116.48356313996054,115.91484828411969,0.5687148558408524,8.0,64.0,0.0,22.0,-8.34840688277813,-0.002343391288615604,29080.169921875,112.9889158703032,112.56693503970192,99.9892103591843,3.2522168897387624,112.40179214477538,118.90622592425291,105.89735836529786,-0.0402944499483345
AAPL,2020-11-13,116.20646667480467,119.26000213623048,119.66999816894533,117.87000274658205,119.44000244140624,81581900,56.02854385095434,54.257433699573106,54.91470081797538,116.37229491359565,113.80039740979727,110.19564498151895,116.91070760092515,116.16263745835012,0.7480701425750311,4.0,60.0,52.0,20.0,-29.301314282049816,0.0004195066452097329,29479.810546875,113.55960627964565,112.9292849949428,100.25325634818765,3.277220755594658,112.4234718322754,118.9779133434647,105.86903032108609,0.02061486724044853
AAPL,2020-11-16,117.2198257446289,120.3000030517578,120.98999786376952,118.1500015258789,118.91999816894533,91183000,57.65787429914469,55.03557235635674,55.35323560239373,116.74636235532537,114.01349923412384,110.41771878526046,117.43213767028402,116.46910898378772,0.9630286864963011,0.0,56.0,50.0,18.0,-24.4168359730204,0.008720332859444513,29950.439453125,114.22450387137276,113.38608060564313,100.52532303995162,3.4484524005586144,112.6436725616455,119.54057736276273,105.74676776052827,0.07642687153450764
AAPL,2020-11-17,116.33312225341795,119.38999938964844,120.66999816894533,118.95999908447266,119.5500030517578,74271000,55.7125539223615,54.1989363430674,54.876644834081134,116.99813731097518,114.1897779277476,110.61491176557668,117.73334716557085,116.6854712360737,1.0478759294971525,0.0,52.0,48.0,16.0,-40.30799598468781,-0.007564449832425879,29783.349609375,114.73497496105375,113.73745676676432,100.78644371032715,3.528783857929928,112.74512634277343,119.80269405863329,105.68755862691357,0.047730100531867964
AAPL,2020-11-18,115.00794982910156,118.02999877929688,119.81999969482422,118.0,118.61000061035156,76322100,52.84309877220567,52.95138443213196,54.16544309534174,117.09640983176773,114.31568680812626,110.77788071093316,117.77898587537484,116.78506586890504,0.993920006469807,68.0,48.0,46.0,14.0,-15.146754719498364,-0.0113911876398336,29438.419921875,114.99097646077475,113.95296376546224,101.03242203669761,3.5596389790569263,112.81144790649414,119.930725864608,105.69216994838028,0.0014013075305972986
AAPL,2020-11-19,115.60233306884766,118.63999938964844,119.05999755859376,116.80999755859376,117.58999633789062,74113000,53.987815616086074,53.44978438331759,54.43571314750751,117.2434183610897,114.45746754850404,110.95067452804777,117.9114494929554,116.92246835192306,0.9889811410323404,64.0,44.0,44.0,12.0,-27.33164686041495,0.005168192639111835,29483.23046875,115.29923727852957,114.21876235235305,101.28245524581985,3.613114995750669,112.96196060180664,120.18819059330798,105.7357306103053,0.0003564377556284509
AAPL,2020-11-20,114.33560943603516,117.33999633789062,118.7699966430664,117.29000091552734,118.63999938964844,73604300,51.138747062849546,52.22703872333727,53.74651446947428,117.25261626364215,114.55197668913966,111.09109918320915,117.82353362294543,116.95339635088362,0.870137272061811,60.0,40.0,42.0,10.0,-10.861108890842724,-0.010957595743834148,29263.48046875,115.34610377720423,114.349586050851,101.5180404674473,3.616507678589632,113.08366737365722,120.31668273083649,105.85065201647795,-0.06276041283573998
AAPL,2020-11-23,110.93498229980467,113.8499984741211,117.62000274658205,113.75,117.18000030517578,127959300,44.369322311567686,49.09993355752264,51.94492951026261,116.9285574265449,114.52896100995872,111.15173433245995,117.2122205231263,116.723515026679,0.48870549644730943,56.0,36.0,40.0,8.0,14.401876787539102,-0.029742502384027203,29591.26953125,114.85828581310454,114.14494937715077,101.7179547384841,3.6396784988495985,113.03485679626465,120.31421379396384,105.75549979856545,-0.03322450433151465
AAPL,2020-11-24,112.22117614746094,115.16999816894533,115.8499984741211,112.58999633789062,113.91000366210938,113874200,47.2153643147871,50.2678873801079,52.558667012788725,116.76107559248779,114.54997862172877,111.24004782337171,116.89803246863693,116.60843970388392,0.2895927647530101,52.0,32.0,38.0,6.0,23.405016212092313,0.011594123161080994,30046.240234375,114.50855066208612,114.0674559820266,101.92902058615613,3.6428791317693627,112.97497100830078,120.26072927183951,105.68921274476206,0.0012400140219403159
AAPL,2020-11-25,113.05916595458984,116.02999877929688,116.75,115.16999816894533,115.5500030517578,76499200,49.04445564793656,51.02714527978435,52.95809142905323,116.69144922932675,114.59850387279657,111.34532147075468,116.76448882412308,116.56559222798859,0.19889659613448885,48.0,28.0,36.0,4.0,-46.8525988308839,0.007467305511285716,29872.470703125,114.26666877383278,114.07547454833984,102.14669091333798,3.46278598664194,113.21961784362793,120.14518981691181,106.29404587034405,-0.07930956152430971
AAPL,2020-11-27,113.60482025146484,116.58999633789062,117.48999786376952,116.22000122070312,116.56999969482422,46691300,50.253260003112565,51.526865161492644,53.21978479252304,116.68178704918998,114.66379870771769,111.46058905025217,116.73764382624117,116.5673999398332,0.17024388640797383,44.0,24.0,34.0,2.0,-68.0479329251101,0.004826272087432137,29910.369140625,114.12347840808687,114.11216049194336,102.36810663289691,3.454814586644744,113.29116821289062,120.20079738618011,106.38153903960114,-0.06215797596390699
AAPL,2020-11-30,116.00184631347656,119.0500030517578,120.97000122070312,116.80999755859376,116.97000122070312,169410200,55.27292701642011,53.68008515555678,54.35794159593311,116.9073314303869,114.80760868621081,111.62738935797756,117.09339139939758,116.75129646664242,0.3420949327551597,40.0,20.0,32.0,0.0,-10.964479383789364,0.021099686234315573,29638.640625,114.31937967936197,114.37032031104678,102.61163414418994,3.0282711874928223,113.79675750732422,119.85329988230986,107.74021513233858,0.03712814960413074
AAPL,2020-12-01,119.57786560058594,122.72000122070312,123.47000122070312,120.01000213623048,121.01000213623048,127728200,61.512337992750474,56.65867589879925,55.988032006626696,117.46091902946465,115.06703139225974,111.87118302529021,117.95902367959843,117.19342274472099,0.7656009348774404,96.0,16.0,30.0,4.0,3.9565578687181002,0.030827261813107354,29823.919921875,114.9667492094494,114.92090203421456,102.88888643217324,2.6582887700558526,114.48552474975585,119.80210228986756,109.16894720964414,0.04947628473660852
AAPL,2020-12-02,119.92864990234376,123.08000183105467,123.37000274658205,120.88999938964844,122.0199966430664,89004200,62.07127940565591,56.940350789856176,56.14480877234983,117.99606977247323,115.3297517345153,112.11753069135096,118.74686647213016,117.62946564000497,1.117400832125199,92.0,12.0,28.0,2.0,-17.301095290658996,0.0029335220192800993,29883.7890625,115.59825032552084,115.4392949058896,103.16752203262861,2.3647989297510272,115.11060905456543,119.84020691406748,110.38101119506338,0.09559066921952128
AAPL,2020-12-03,119.79224395751952,122.94000244140624,123.77999877929688,122.20999908447266,123.5199966430664,78967600,61.69606452622596,56.79151176873301,56.065563351636605,118.46692050284781,115.57926815113467,112.35538721333019,119.39196431355725,118.02283873640506,1.3691255771521895,96.0,8.0,26.0,0.0,-42.874587208061605,-0.0011373924824078507,29969.51953125,116.17824903215681,115.88516489664714,103.44273147317307,2.4507786763080888,115.509525680542,120.41108303315818,110.60796832792582,0.09653256410132983
AAPL,2020-12-04,119.11991119384766,122.25,122.86000061035156,121.5199966430664,122.5999984741211,78260400,59.77798637753456,56.04271990635156,55.67036643266009,118.82721378829088,115.7979806707696,112.57285123061963,119.83166211147152,118.33596179296765,1.4957003185038644,92.0,4.0,24.0,52.0,-38.078807093445455,-0.005612489936412612,30218.259765625,116.63398902529762,116.22901113600958,103.70914894749276,2.580528654815282,115.67639045715332,120.83744776678388,110.51533314752275,0.04290948273846103
AAPL,2020-12-07,120.58151245117188,123.75,124.56999969482422,122.25,122.30999755859376,86712000,62.50689831514516,57.31161668151487,56.35284939438243,119.2960505703584,116.05870261599027,112.81850285192469,120.43448332509129,118.73700166015524,1.6974816649360491,96.0,0.0,22.0,50.0,-24.24114019215799,0.012269999554866295,30069.7890625,117.25686209542411,116.69616561163039,103.98795376032739,2.8038277979762474,115.92291221618652,121.53056781213901,110.31525662023402,0.14974314485231507
AAPL,2020-12-08,121.19536590576172,124.37999725341795,124.9800033569336,123.08999633789062,124.37000274658205,82225500,63.62317282778584,57.84165720697444,56.63894241235208,119.78023596874503,116.33153194836494,113.07260162997949,121.04148546791077,119.15500133373025,1.8864841341805203,96.0,0.0,20.0,48.0,-46.78488149717212,0.005090775875268738,30173.880859375,117.9295662289574,117.19830405825661,104.27045879724606,2.9684296985824665,116.31559333801269,122.25245273517763,110.37873394084775,0.30561474627130947
AAPL,2020-12-09,118.66192626953124,121.77999877929688,125.9499969482422,121.0,124.52999877929688,115089200,56.18795940614615,54.92293202102498,55.11748249397162,119.97068956974998,116.51017020511681,113.26397299589854,121.15510290043171,119.34944558895741,1.805657311474306,96.0,0.0,98.0,46.0,-16.61616798311011,-0.020903766553255987,30068.810546875,118.21817132859003,117.42176433744885,104.52519552392152,2.9049343010564392,116.59865455627441,122.40852315838728,110.78878595416154,0.12470029026447313
AAPL,2020-12-10,120.08455657958984,123.23999786376952,123.87000274658205,120.1500015258789,120.5,81312200,59.07984784893242,56.20971703254473,55.79785097405495,120.2820522644185,116.73082029228576,113.4832262896979,121.47585597171445,119.6376346463509,1.8382213253635484,92.0,52.0,96.0,44.0,-27.59054276681954,0.011988936593083865,29999.259765625,118.66166069394066,117.75375500633604,104.79170890314661,3.006921045387898,116.7813533782959,122.7951954690717,110.76751128752011,0.19808551716233413
AAPL,2020-12-11,119.27581024169922,122.41000366210938,122.76000213623048,120.5500030517578,122.43000030517578,86939800,56.78513844040252,55.27940585843312,55.31147022950157,120.48471430229382,116.91702302572259,113.67941919898166,121.61957100100598,119.84299531418486,1.7765756868211184,88.0,48.0,94.0,42.0,-15.72522132600766,-0.006734807213570448,30046.369140625,118.95462937127976,117.99132232666015,105.04749500179766,3.0533606080317517,116.93725700378418,123.04397821984769,110.83053578772068,0.1900359070083106
AAPL,2020-12-14,118.66192626953124,121.77999877929688,123.3499984741211,121.54000091552734,122.5999984741211,79184500,55.03767905630566,54.5684757684804,54.94053364751455,120.60807472867508,117.07646485370863,113.85745391503254,121.64425219766612,119.98647705234131,1.6577751453248055,84.0,44.0,92.0,40.0,-2.93864202721437,-0.005146760025557695,29861.55078125,119.11869732084729,118.15557654244559,105.29453105755707,3.071740245075696,117.06002998352051,123.2035104736719,110.91654949336912,0.09475764457697945
AAPL,2020-12-15,124.60574340820312,127.87999725341795,127.9000015258789,124.12999725341795,124.33999633789062,157243700,65.96020654382275,59.76423698108842,57.74055487163297,121.3006387786506,117.43067903074828,114.16564168071135,122.60359759085871,120.57118225242105,2.0324153384376586,96.0,40.0,98.0,38.0,72.44848272155994,0.05009034764167719,30199.310546875,120.0016842796689,118.87421591622488,105.59840489174003,3.50534060171535,117.42932586669922,124.44000707012992,110.41864466326851,0.16385302385604084
AAPL,2020-12-16,124.53754425048828,127.80999755859376,128.3699951171875,126.55999755859376,127.41000366210938,98208600,65.7628038835393,59.68301931602896,57.69857627926049,121.92057771007374,117.7709845562514,114.4655176340714,123.4045822012795,121.10739079361903,2.2971914076604634,96.0,36.0,98.0,36.0,32.230076342044676,-0.0005473195363990824,30154.5390625,120.75762975783576,119.55118909563338,105.89888543655623,3.834883660907519,117.83954696655273,125.50931428836778,110.16977964473769,0.14218194613510415
AAPL,2020-12-17,125.4047393798828,128.6999969482422,129.5800018310547,128.0399932861328,128.89999389648438,94359800,67.11067526848213,60.392785826055935,58.09388469992173,122.5662366851374,118.12931283139865,114.77836333328395,124.21926139311991,121.66980606433187,2.549455328788042,96.0,32.0,98.0,34.0,23.633652637964627,0.006963322864712129,30303.369140625,121.51988336472284,120.27168361118862,106.20544512278998,4.124572407917524,118.3593864440918,126.60853125992685,110.11024162825674,0.15733420216919897
AAPL,2020-12-18,123.4169921875,126.66000366210938,129.10000610351562,126.12000274658205,128.9600067138672,192541500,61.166483919870956,57.967029704340476,56.85126157748134,122.95611925437282,118.40900761273342,115.03949828556583,124.59476020373367,122.0394503308339,2.5553098728997696,92.0,28.0,96.0,32.0,159.79450298867945,-0.015850654466586067,30179.05078125,121.90472383045015,120.75336034865606,106.48951514780225,4.218720441454097,118.75011940002442,127.18756028293261,110.31267851711623,0.07555526419447828
AAPL,2020-12-21,124.94678497314452,128.22999572753906,128.30999755859375,123.4499969482422,125.0199966430664,121251600,63.82230155383894,59.27264143592612,57.56409469419453,123.45839320419819,118.73100722305492,115.32939932824655,125.15402720739604,122.49800924910836,2.656017958287677,88.0,24.0,94.0,30.0,64.73439731102667,0.01239531735889643,30216.44921875,122.42291623070126,121.3435189746675,106.78614794944649,4.300767096746408,119.28067817687989,127.8822123703727,110.67914398338708,0.12897724587272813
AAPL,2020-12-22,128.50335693359375,131.8800048828125,134.41000366210938,129.64999389648438,131.61000061035156,168904800,69.11131457988961,62.110167790498885,59.164502044695276,124.2604514593043,119.16212190042401,115.69314890087436,126.18879300361395,123.192971888642,2.995821114971946,96.0,20.0,98.0,28.0,31.998846508225665,0.028464693679102426,30015.509765625,123.364185660226,122.22186933244977,107.11515904744466,4.300612742156183,120.15909690856934,128.7603223928817,111.55787142425697,0.12557844241799587
AAPL,2020-12-23,127.60693359375,130.9600067138672,132.42999267578125,130.77999877929688,132.16000366210938,88223700,66.47347533165177,60.99932020002938,58.596144555378174,124.89850434069125,119.54893779594673,116.02868423742366,126.92282588211445,123.76830780162166,3.1545180804927924,92.0,16.0,96.0,26.0,-22.52529545761902,-0.006975874881673283,30129.830078125,124.10426810128348,122.9311871119908,107.43229397256576,4.180365999285174,120.92838478088379,129.28911677945413,112.56765278231344,0.1930607929533886
AAPL,2020-12-24,128.59104919433594,131.97000122070312,133.4600067138672,131.10000610351562,131.32000732421875,54930100,67.92103719915252,61.77760210302153,59.03696264707882,125.57198023402572,119.95618577708628,116.37904285244079,127.69931439574347,124.37584064747955,3.323473748263922,88.0,12.0,94.0,24.0,-28.19519681251569,0.007712085643551081,30199.869140625,124.90114034016928,123.66096467517671,107.75618979572657,4.083107620686416,121.7049789428711,129.87119418424393,113.53876370149825,0.1272070932710152
AAPL,2020-12-28,133.19017028808594,136.69000244140625,137.33999633789062,133.50999450683594,133.99000549316406,124486200,73.64747169219532,65.14824258806615,61.01623283575426,126.63083949187148,120.50483550378529,116.82543756868179,129.08249717199928,125.288000780363,3.7944963916362724,96.0,8.0,98.0,22.0,166.6154080096292,0.03576548385416367,30403.970703125,126.22102741059803,124.75479242234003,108.12244016068492,4.376259768145125,122.68424644470215,131.4367659809924,113.9317269084119,0.21280178886722154
AAPL,2020-12-29,131.41677856445312,134.8699951171875,138.7899932861328,134.33999633789062,138.0500030517578,121047300,68.56493455133989,62.929174449285384,59.87786402416692,127.41552097999681,120.97582434356896,117.22202125106652,129.972881471259,125.99777813864631,3.97510333261269,96.0,4.0,98.0,20.0,-28.54780880962303,-0.013314734261522632,30335.669921875,127.18437979561942,125.5864621480306,108.46776635924383,4.493287276892497,123.45499305725097,132.44156761103596,114.46841850346598,0.12152396179155545
AAPL,2020-12-30,130.2962188720703,133.72000122070312,135.99000549316406,133.39999389648438,135.5800018310547,96452100,65.4894803390424,61.55526619386563,59.16613440900383,128.0159476695879,121.39366620839303,117.58461421743216,130.54936143271195,126.56979466324312,3.979566769468832,92.0,0.0,96.0,18.0,-24.48644856813139,-0.008526762751479566,30409.560546875,127.9009774344308,126.23800746372768,108.79832176398283,4.643212811204301,123.9909107208252,133.2773363432338,114.7044850984166,-0.04897879287385881
AAPL,2020-12-31,129.29258728027344,132.69000244140625,134.74000549316406,131.72000122070312,134.0800018310547,99116600,62.77361429814916,60.3318176661142,58.530301865027866,128.4610957430944,121.76403788816394,117.91660077180522,130.87869081866492,127.02314338755149,3.855547431113436,88.0,0.0,94.0,16.0,11.361711020378813,-0.007702691609050238,30606.48046875,128.37295474097843,126.74292904081798,109.11545385711821,4.683963257840788,124.45910758972168,133.82703410540327,115.09118107404011,-0.10299648700539663
AAPL,2021-01-04,126.09657287597656,129.41000366210938,133.61000061035156,126.76000213623048,133.52000427246094,143301900,54.95762675314803,56.61572741980222,56.555371683728,128.55146792585774,122.01472529058837,118.16920303313057,130.6527389484256,127.19994785233355,3.4527910960920423,84.0,0.0,92.0,14.0,81.46923548391999,-0.02471923929690356,30223.890625,128.3311012631371,126.8988781156994,109.39732326317782,4.563961647411168,124.77432403564453,133.90224733046685,115.64640074082219,-0.19303909556898932
AAPL,2021-01-05,127.65557861328124,131.00999450683594,131.74000549316406,128.42999267578125,128.88999938964844,97664900,57.722885238723684,57.92665920417537,57.27297842947283,128.78561331452232,122.30965215013747,118.45141823035488,130.70770134202718,127.48217353044484,3.2255278115823387,80.0,0.0,90.0,12.0,24.794787657614833,0.01236358531994397,30391.599609375,128.4321555728004,127.17328331356957,109.69137985817828,4.403655986508179,125.20110740661622,134.00841937963258,116.39379543359986,-0.0740449546721601
AAPL,2021-01-06,123.35853576660156,126.5999984741211,131.0500030517578,126.37999725341795,127.72000122070312,155088000,48.82540595370121,53.32128798579641,54.730396724224235,128.5774595201984,122.45031924272709,118.63050790604204,130.075747054657,127.41682722997642,2.6589198246805807,76.0,0.0,88.0,10.0,78.85413783559369,-0.033661222590961715,30829.400390625,127.87461700439454,126.99780030023484,109.93908977375695,4.292713254820831,125.3399585723877,133.92538508202935,116.75453206274604,-0.18991760913035569
AAPL,2021-01-07,127.5678939819336,130.9199981689453,131.6300048828125,127.86000061035156,128.36000061035156,109578200,55.98304559204881,56.80958908587573,56.65391006409989,128.8005584391267,122.72801363375063,118.9006065931388,130.2056318414706,127.67632137360374,2.52931046786685,72.0,24.0,86.0,8.0,33.26547117378429,0.03412295865197579,31041.130859375,127.89020436604818,127.20998462495349,110.22524894505591,4.204483489067313,125.6585849761963,134.06755195433092,117.24961799806167,-0.13232933372239727
AAPL,2021-01-08,128.66897583007812,132.0500030517578,132.6300048828125,130.22999572753906,132.42999267578125,105158200,57.65160169281571,57.66774168639296,57.14000187373171,129.11002935461536,123.03365263106234,119.18960431750405,130.48938125843785,128.00029779420774,2.489083464230106,68.0,20.0,84.0,6.0,-8.628959103026174,0.008631339859702214,31097.970703125,128.02374216715495,127.49668851579939,110.5189909415933,3.9133920861384803,126.15893745422363,133.9857216265006,118.33215328194667,-0.10765134139952212
AAPL,2021-01-11,125.67760467529295,128.97999572753906,130.1699981689453,128.5,129.19000244140625,100384500,51.896007653932735,54.61070976577103,55.417191374573925,129.09764519965572,123.22861469979928,119.40477775508722,130.25716809983803,128.07286801149155,2.1843000883464754,64.0,16.0,82.0,4.0,23.455643802529018,-0.023248581373147892,31008.689453125,127.7273425147647,127.45084729875838,110.77952367735146,3.6472598486007506,126.43858985900877,133.73310955621028,119.14407016180726,-0.13320602387563601
AAPL,2021-01-12,125.50218200683594,128.8000030517578,129.69000244140625,126.86000061035156,128.5,91951100,51.570858050328766,54.43521802799829,55.31738730390147,129.06929832842735,123.4112831703553,119.61126622314592,130.03298886167184,128.1267298663261,1.9062589953457518,60.0,12.0,80.0,2.0,5.764103437090952,-0.0013958148622441602,31068.689453125,127.38602353050595,127.36166559855143,111.03517097416209,3.2475144034579415,126.7499084472656,133.24493725418148,120.25487964034971,-0.20444328015505933
AAPL,2021-01-13,127.5386962890625,130.88999938964844,131.4499969482422,128.49000549316406,128.75999450683594,88636800,55.0888127773582,56.1323636285584,56.25074913322064,129.24269842949604,123.65648698082393,119.85915046856356,130.1648366352067,128.3314164976833,1.8334201375234045,56.0,8.0,78.0,0.0,11.937058388952384,0.016226923306525753,31060.470703125,127.31095028831845,127.43678825015114,111.30782201131184,2.6322646290109795,127.19374694824216,132.45827620626412,121.92921769022021,-0.05752852678279516
AAPL,2021-01-14,125.60940551757812,128.91000366210938,131.0,128.75999450683594,130.8000030517578,90221800,51.28785603814926,54.150838932412285,55.137373525689064,129.21101321355445,123.82873342939065,120.05807031897115,129.97178540857635,128.3742748061593,1.59751060241706,52.0,4.0,76.0,0.0,-42.622947692022,-0.015127101245505092,30991.51953125,126.98782552083334,127.2858985900879,111.55799987451354,2.589549168544473,127.24393005371091,132.42302839079986,122.06483171662197,-0.05901530221605194
AAPL,2021-01-15,123.88470458984376,127.13999938964844,130.22000122070312,127.0,128.77999877929688,111598500,48.0932698281931,52.43484202576065,54.15951020952892,129.01377380175387,123.93729952644829,120.21371711173329,129.53612602104897,128.28284699752885,1.2532790235201219,48.0,0.0,74.0,0.0,13.634142020148948,-0.013730667067706204,30814.259765625,126.45376470656622,126.96597235543388,111.78783000528516,2.6292694067280062,127.2112880706787,132.4698268841347,121.95274925722269,-0.06603761702181259
AAPL,2021-01-19,124.55706024169922,127.83000183105467,128.7100067138672,126.94000244140624,127.77999877929688,90757300,49.416035388581165,53.03650221588991,54.48064500628028,128.90103361406824,124.06492911020587,120.3811079846854,129.27364537643447,128.24930291112335,1.024342465311122,44.0,0.0,72.0,26.0,-3.8178334417834714,0.0054272692830117375,30930.51953125,126.0541736421131,126.71318875267391,112.02108836880964,2.666492609065405,127.16890411376953,132.50188933190034,121.83591889563871,0.06657432394359807
AAPL,2021-01-20,128.64947509765625,132.02999877929688,132.49000549316406,128.5500030517578,128.66000366210938,104319500,56.656243237134625,56.50896008455407,56.378626485333086,129.19903029647097,124.32607893542196,120.63712756258894,129.6976997461056,128.52935445691398,1.1683452891916204,40.0,0.0,70.0,24.0,-45.8197323693853,0.032855743769288015,31188.380859375,126.28245798746745,126.85419551304409,112.29182037087816,2.532315118366029,127.43052825927734,132.4951584960094,122.36589802254528,0.10756712606094909
AAPL,2021-01-21,133.36553955078125,136.8699951171875,139.6699981689453,133.58999633789062,133.8000030517578,120150900,63.19416355858197,60.039953303508426,58.417456080897075,129.92959837463445,124.73735487580772,120.99389388247023,130.80112980319512,129.14717969100832,1.6539501121868057,96.0,16.0,98.0,22.0,-0.907781835456192,0.03665824869899459,31176.009765625,127.16590619768415,127.41943468366351,112.60598548300824,2.7848403923114917,127.85146598815918,133.42114677278215,122.28178520353619,0.23834183321778835
AAPL,2021-01-22,135.50926208496094,139.07000732421875,139.85000610351562,135.02000427246094,136.27999877929688,114459400,65.72499990161859,61.51292730010147,59.299805975574714,130.8001135126901,125.20727790690316,121.3911711009702,132.0732648064295,129.88220396013503,2.1910608462944765,96.0,12.0,98.0,20.0,-32.23437107767216,0.016074036377016432,30996.98046875,128.3059524536133,128.1487485976446,112.93800728109939,3.2695897707293153,128.20176124572754,134.74094078718616,121.6625817042689,0.23763329337895944
AAPL,2021-01-25,139.2606658935547,142.9199981689453,145.08999633789062,136.5399932861328,143.07000732421875,157611700,69.65701837675445,63.92606508229158,60.7856524662114,131.95438824185726,125.78802283352749,121.8643321354312,133.74199301604733,130.84796649412098,2.8940265219263495,96.0,8.0,98.0,18.0,78.65006795226226,0.027683744645009778,30960.0,129.88697945731028,129.2019776117234,113.30373932795739,4.092799880384921,128.78444786071776,136.9700476214876,120.59884809994792,0.20530295837744875
AAPL,2021-01-26,139.49453735351562,143.16000366210938,144.3000030517578,141.3699951171875,143.60000610351562,98390600,69.88893522129943,64.07170536781373,60.8765123886646,133.0215897104527,126.3575959754482,122.33236887228126,135.1909177308261,131.7599692473053,3.430948483520808,92.0,4.0,96.0,16.0,79.11964478491757,0.0016793791589342355,30937.0390625,131.37381700788225,130.22198613484701,113.66807463764552,4.7406057660576915,129.32962226867676,138.81083380079215,119.84841073656138,0.19288417325133747
AAPL,2021-01-27,138.4226531982422,142.05999755859375,144.3000030517578,140.41000366210938,143.42999267578125,140843800,67.34822293405647,62.86538005394647,60.22392158553432,133.8823904578947,126.87242881423987,122.7659431291233,136.24769924279036,132.52293430740073,3.7247649353896293,88.0,0.0,94.0,14.0,13.140091030170412,-0.007684058283637274,30303.169921875,132.60498468308222,131.0879890805199,114.01803210509951,5.095942421801592,129.59124641418458,139.78313125778777,119.39936157058139,0.1464982775814468
AAPL,2021-01-28,133.57997131347656,137.08999633789062,141.99000549316406,136.6999969482422,139.52000427246094,142621100,57.22625092039015,57.76939296526909,57.38781287847073,134.18787673218003,127.20743102813006,123.08075748535994,136.3772834112673,132.86123519854814,3.51604821271917,84.0,36.0,92.0,12.0,17.82261975277433,-0.0349847497709076,30603.359375,133.0469936552502,131.46786764235725,114.3162080352935,5.159290764738077,129.69940605163575,140.0179875811119,119.3808245221596,0.031819939300487945
AAPL,2021-01-29,128.581298828125,131.9600067138672,136.74000549316406,130.2100067138672,135.8300018310547,177523800,49.03421831120099,53.15686373219312,54.675800561654775,133.97569863519786,127.36325318176078,123.2759058200524,135.69770238089808,132.79447753301622,2.9032248478818588,80.0,32.0,90.0,10.0,84.0538464170298,-0.03742082316832518,29982.619140625,132.76525508335658,131.3613812401181,114.56145742046299,5.163099198767183,129.61366004943847,139.93985844697283,119.2874616519041,-0.013183287045448943
AAPL,2021-02-01,130.70545959472656,134.13999938964844,135.3800048828125,130.92999267578125,133.75,106239800,52.16775325607244,54.749057517392636,55.58592182612806,133.99134632609793,127.5854415820194,123.51467710729627,135.45805576685967,132.8941458186927,2.5639099481669803,76.0,28.0,88.0,8.0,7.186687194677783,0.01651998218995243,30211.91015625,132.76757296607607,131.46536214919317,114.82487135853934,5.168138224814776,129.68430366516114,140.02058011479068,119.34802721553159,0.029216477960774586
AAPL,2021-02-02,131.53372192382812,134.99000549316406,136.30999755859375,134.61000061035156,135.72999572753906,83305400,53.3716010083306,55.362570741396894,55.937958722179104,134.08645672296137,127.82821416927004,123.76688212676588,135.38604803244496,133.04939468346836,2.336653348976597,72.0,24.0,86.0,6.0,-41.867204831199025,0.006336860997770977,30687.48046875,132.83244149344307,131.64149722144717,115.0934768767855,5.112182599574435,129.9561611175537,140.18052631670258,119.73179591840483,0.012865629656555574
AAPL,2021-02-03,130.5105743408203,133.94000244140625,135.77000427246094,133.61000061035156,135.75999450683594,89880900,51.642527982441685,54.41742468945794,55.38460745341043,134.0725086961466,128.02860066999583,123.9904671886261,135.16357947997747,133.1153656285008,2.0482138514766746,68.0,20.0,84.0,4.0,-7.970110039533139,-0.007778595238111863,30723.599609375,132.70344710577103,131.69429848080588,115.34876392763053,5.084346212845214,130.09891090393066,140.2676033296211,119.93021847824023,-0.09846991380648148
AAPL,2021-02-04,133.87228393554688,137.38999938964844,137.39999389648438,134.58999633789062,136.3000030517578,84183100,56.61579053718233,56.92320088644447,56.81681131113212,134.3884601907658,128.3355317755582,124.28496240183537,135.50610561992684,133.43200516636358,2.0741004535632612,64.0,16.0,82.0,2.0,-45.71914010110389,0.025758139612102715,31055.859375,132.99437706356957,132.05366734095983,115.63434313532132,4.890590825598844,130.62459831237794,140.40577996357564,120.84341666118026,-0.1518308588810583
AAPL,2021-02-05,133.45748901367188,136.75999450683594,137.4199981689453,135.86000061035156,137.35000610351562,75693800,55.852520011770615,56.52559203368426,56.58809750804994,134.6143206018201,128.61174366838696,124.5591389316156,135.69901160252823,133.67852289528747,2.0204887072407587,60.0,12.0,80.0,0.0,-30.922574015634495,-0.003098437627871542,31148.240234375,133.15130695161366,132.32346645536876,115.91236699346287,4.874137741423588,130.91907806396483,140.667353546812,121.17080258111766,-0.2490594820664375
AAPL,2021-02-08,133.60389709472656,136.91000366210938,136.9600067138672,134.9199981689453,136.02999877929688,71297200,56.077603297933166,56.63646286833833,56.650946841593885,134.83295708375243,128.8838177665418,124.83058650810997,135.88531807323304,133.91789184097797,1.9674262322550646,56.0,8.0,78.0,0.0,-32.20005667651215,0.001097039080659501,31385.759765625,133.23658854166666,132.5791635059175,116.18853334910834,4.879143456406057,131.16582412719725,140.92411104000936,121.40753721438514,-0.2667861388484474
AAPL,2021-02-09,132.72560119628906,136.00999450683594,137.8800048828125,135.85000610351562,136.6199951171875,76774200,54.28941606934434,55.751930712540485,56.15330497463453,134.94505588595086,129.11746290556783,125.07628778280724,135.9044990630181,134.0728624088193,1.8316366541988032,52.0,4.0,76.0,0.0,-23.519866114788638,-0.006573879336878807,31375.830078125,133.1186036609468,132.72771370297386,116.45262597117258,4.713605255007297,131.51822395324706,140.94543446326165,122.09101344323247,-0.2794203920462558
AAPL,2021-02-10,132.12059020996094,135.38999938964844,136.99000549316406,134.39999389648438,136.47999572753906,73046600,53.03485439715507,55.136788341745316,55.80871069954319,134.9874314577316,129.3231198394721,125.30296276317736,135.82534526711507,134.17042811110295,1.654917156012118,48.0,0.0,74.0,0.0,-20.559297278662246,-0.004558359358518671,31437.80078125,132.8811304001581,132.785081917899,116.70750343854155,4.496333790461695,131.84914436340333,140.8418119443267,122.85647678247993,-0.28209190129395956
AAPL,2021-02-11,131.86688232421875,135.1300048828125,136.38999938964844,133.77000427246094,135.89999389648438,64280000,52.48710132465683,54.87349291952607,55.662546693491144,135.00100987916787,129.51350951302425,125.51894171086164,135.7183698233762,134.24150787197033,1.4768619514058798,44.0,12.0,72.0,0.0,-27.479331383804467,-0.0019202751466596002,31430.69921875,132.62168608165922,132.78677124750047,116.95669381364661,4.380621356224684,132.06555366516113,140.8267963776105,123.30431095271176,-0.25026216819254443
AAPL,2021-02-12,132.10107421875,135.3699951171875,135.52999877929688,133.69000244140625,134.35000610351562,60145100,52.969961461567316,55.07883832147946,55.77165328073939,135.03615133040785,129.7055254344722,125.73544837913254,135.66477371473178,134.3250995197642,1.3396741949675857,40.0,8.0,70.0,12.0,-33.33639985014708,0.0017759720287877645,31458.400390625,132.42815668015254,132.79015415736606,117.20500916020787,4.109164023993217,132.39013710021973,140.60846514820616,124.1718090522333,-0.09411716432933828
AAPL,2021-02-16,129.9737091064453,133.19000244140625,136.00999450683594,132.7899932861328,135.49000549316406,80576300,48.1800054263543,52.81485213977989,54.527875198418535,134.86032762669342,129.81977058224052,125.89928473214954,135.2840396726817,134.24101825470063,1.0430214179810662,36.0,4.0,68.0,10.0,-27.798043880518108,-0.016104071256694885,31522.75,132.0191651843843,132.56001815795898,117.4290499509745,3.6452008377699645,132.6945873260498,139.98498900158972,125.40418565050987,-0.21843115090579174
AAPL,2021-02-17,127.68045043945312,130.83999633789062,132.22000122070312,129.47000122070312,131.25,97918500,43.60268993694224,50.49457940383872,53.22228220955059,134.47743893252172,129.85322060701594,126.00787180040759,134.60034069809845,133.9890907053073,0.6112499927911585,32.0,0.0,66.0,8.0,7.890494759099267,-0.01764401956948125,31613.01953125,131.39508042108446,132.08248131161645,117.6273444514488,3.3316404775276816,132.8507568359375,139.51403779099286,126.18747588088212,-0.19475038453811172
AAPL,2021-02-18,126.57777404785156,129.7100067138672,130.0,127.41000366210938,129.1999969482422,96856700,41.55822032459065,49.41213429635581,52.604295127123585,134.02339776884034,129.84852506953564,126.08923740290119,133.84798162360133,133.67212152075618,0.1758601028451494,28.0,12.0,64.0,6.0,-7.153791956441509,-0.008636219466694794,31493.33984375,130.72627883184524,131.4850543794178,117.81179637510385,3.4972296156855647,132.74717178344727,139.7416310148184,125.75271255207615,-0.09438686005883991
AAPL,2021-02-19,126.7339096069336,129.8699951171875,130.7100067138672,128.8000030517578,130.24000549316406,87668800,41.97311234695804,49.57087582635424,52.683677587779826,133.62783561154006,129.84922900552422,126.17233097903936,133.23598369953766,133.39048252789925,-0.15449882836159645,24.0,8.0,62.0,4.0,-27.03442088240704,0.0012335148113997718,31494.3203125,130.14498291015624,130.91236274355933,117.9950353332064,3.741373954170355,132.41559028625488,139.8983381945956,124.93284237791417,-0.1611235210020835
AAPL,2021-02-22,122.95735168457033,126.0,129.72000122070312,125.5999984741211,128.00999450683594,103916400,35.42265311005663,45.95382612744873,50.59227319746775,132.90137507710767,129.72302477583492,126.16854348499454,132.12275543807033,132.8430393776845,-0.7202839396141769,20.0,96.0,60.0,2.0,-9.211126390667783,-0.029799111651146015,31521.689453125,129.07774011521113,130.01157811482747,118.13797527408126,4.2175675937381785,131.78799476623539,140.22312995371175,123.35285957875902,-0.20031081382240168
AAPL,2021-02-23,122.82074737548828,125.86000061035156,126.70999908447266,118.38999938964844,123.76000213623048,158273000,35.20860944433585,45.828389319436084,50.51825262734962,132.23076798503567,129.59636824581906,126.16176232291447,131.15925469534437,132.32577724677097,-1.1665225514265956,16.0,96.0,58.0,98.0,0.41957545029969223,-0.001110989356964076,31537.349609375,128.06607491629464,129.15755455380395,118.27705950457066,4.286004259232452,130.96599884033202,139.53800735879693,122.39399032186712,-0.12285087934778867
AAPL,2021-02-24,122.3230438232422,125.3499984741211,125.55999755859376,122.2300033569336,124.94000244140624,111039900,34.39318318769156,45.36056544059536,50.24495180904672,131.5754566030438,129.45714300740272,126.14392135920473,130.26552296900232,131.80905289324133,-1.5435299242390101,12.0,92.0,56.0,96.0,12.856207808469508,-0.00405227588075574,31961.859375,127.07102995372954,128.33441598074776,118.40873925090429,4.206814712285856,130.10742416381837,138.5210535883901,121.69379473924666,-0.08741374533132171
AAPL,2021-02-25,118.06834411621094,120.98999786376952,126.45999908447266,120.54000091552734,124.68000030517578,148199500,28.34878433044007,41.59618321452192,47.98066731362544,130.56731767549385,129.17953169121802,126.030648315349,128.8385191066588,131.00764140957676,-2.1691223029179696,8.0,88.0,54.0,94.0,5.2225941077988525,-0.034782487208046775,31402.009765625,125.5866681780134,127.18783692859468,118.49574330154343,4.538316578888234,129.0897087097168,138.16634186749326,120.01307555194033,-0.1504645452831391
AAPL,2021-02-26,118.33184051513672,121.26000213623048,124.8499984741211,121.1999969482422,122.58999633789062,164560400,29.17889103047345,41.9058167154691,48.128390266279744,129.68090667175449,128.9198749844971,125.92579894877497,127.67259341890059,130.28559405599555,-2.613000637094956,4.0,84.0,52.0,92.0,15.382927210630124,0.0022317277412347014,30932.369140625,124.28795296805245,126.16327805292039,118.58329944287959,5.001442030123844,128.3273021697998,138.33018623004747,118.32441810955211,-0.16122220285884503
AAPL,2021-03-01,124.7041244506836,127.79000091552734,127.93000030517578,122.79000091552734,123.75,116307900,45.59453720726224,48.723541104638386,51.52536348526537,129.50082040925668,128.88282993305546,125.96677042057172,127.69065611068932,130.10073530484976,-2.4100791941604456,0.0,80.0,50.0,90.0,-34.48320732206048,0.05385096612886486,31535.509765625,123.98292941138858,125.81821350824265,118.73213504468623,5.06580540516668,128.13344345092773,138.2650542612611,118.00183264059437,-0.07448115455570836
AAPL,2021-03-02,122.0985870361328,125.12000274658205,128.72000122070312,125.01000213623048,128.41000366210938,102260900,41.371866171371366,46.41386547751864,50.154947865547264,129.08359967947814,128.7594585498924,125.94816014202249,127.29517097774973,129.73179215238548,-2.4366211746357465,0.0,76.0,48.0,88.0,-3.7452065986570005,-0.020893754926134767,31391.51953125,123.415260605585,125.24346527826218,118.85255611438656,5.199623548106963,127.70309982299804,138.10234691921198,117.30385272678411,-0.09749038178827918
AAPL,2021-03-03,119.11251068115234,122.05999755859376,125.70999908447266,121.83999633789062,124.80999755859376,112966300,37.127977279798344,43.93841417359896,48.64201278712782,128.41468519177488,128.5398040911613,125.86270601930975,126.48975968249496,129.16351107136387,-2.673751388868908,0.0,72.0,46.0,86.0,35.605014800961285,-0.024456272815808977,31270.08984375,122.5506579444522,124.42531393141974,118.94092864876363,5.453612262511081,127.08203926086426,137.98926378588644,116.1748147358421,-0.14990595910242724
AAPL,2021-03-04,117.22909545898438,120.12999725341795,123.5999984741211,118.62000274658205,121.75,178155000,34.70952555741711,42.45726731697973,47.715638816895726,127.62566729288375,128.26407271943202,125.73671242005938,125.5113346934062,128.49436189966417,-2.9830272062579724,0.0,68.0,44.0,84.0,98.2123009449171,-0.015812068869991425,30924.140625,121.55881972539993,123.4869383312407,119.0083508600643,5.811067535725514,126.41796531677247,138.0401003882235,114.79583024532144,-0.1893216984068738
AAPL,2021-03-05,118.4879379272461,121.41999816894533,121.94000244140624,117.56999969482422,120.9800033569336,153766600,37.63365387392362,43.771078852231156,48.38604982711818,127.034651185842,128.03967683253083,125.64183957937556,124.8818983050276,127.97033495664796,-3.0884366516203556,28.0,96.0,42.0,98.0,82.65732670809224,0.010738310854766953,31496.30078125,120.87423466273717,122.73169762747628,119.08627025281612,5.790582987710921,125.64874801635742,137.22991399177926,114.06758204093558,-0.16241310318447172
AAPL,2021-03-08,113.55015563964844,116.36000061035156,121.0,116.20999908447266,120.93000030517578,154376600,31.64653359046838,40.051324271306115,46.024004582322746,126.01801779770005,127.65673662852495,125.43784311851788,123.57083712123129,127.11031019025563,-3.5394730690243392,24.0,96.0,40.0,98.0,103.94880426137941,-0.04167329074989512,31802.439453125,119.66092754545666,121.57945073445639,119.11294426078227,6.08133720079277,124.65338134765625,136.8160557492418,112.4907069460707,-0.2133945716089693
AAPL,2021-03-09,118.1659164428711,121.08999633789062,122.05999755859376,118.79000091552734,119.02999877929688,129525800,41.08241688834013,44.61412674441999,48.4255348170592,125.54868242057535,127.44143366817627,125.34228604641616,123.18916930840966,126.66436101600637,-3.475191707596707,20.0,92.0,38.0,96.0,81.67024791997441,0.04064953303869334,31832.740234375,119.21946999686105,120.96159693400065,119.18375222125457,5.8612441972991665,123.88148231506348,135.6039707096618,112.15899392046515,-0.2393681803296327
AAPL,2021-03-10,117.08272552490234,119.9800033569336,122.16999816894533,119.4499969482422,121.69000244140624,111943300,39.697475774748725,43.80277406946756,47.91503586438259,125.01833203356185,127.19679660879126,125.22443367961434,122.69545146972104,126.16922341163061,-3.4737719419095754,16.0,88.0,36.0,94.0,45.80848774718591,-0.009166695021507576,32297.01953125,118.72420160202753,120.31409628731863,119.24172976631431,5.659175895044867,123.09933853149414,134.41769032158388,111.7809867414044,-0.29278657082621523
AAPL,2021-03-11,119.01490020751952,121.95999908447266,123.20999908447266,121.26000213623048,122.54000091552734,103026500,43.365105461765914,45.63179190080719,48.89563992125144,124.72706222888668,127.0250983293054,125.15268786433649,122.58230494891359,125.85742901702632,-3.2751240681127314,12.0,84.0,34.0,92.0,41.042156650686,0.01650264523613454,32485.58984375,118.57698553176154,119.92510216122582,119.31695905960615,5.307446920498101,122.44405403137208,133.05894787236826,111.82916019037587,-0.24213279393807277
AAPL,2021-03-12,118.1073760986328,121.02999877929688,121.16999816894533,119.16000366210938,120.4000015258789,88105100,42.07082763622999,44.9196839987579,48.45838374838434,124.37496094797338,126.8285376883215,125.06207931301694,122.3434886151264,125.49984159200932,-3.156352976882914,8.0,80.0,32.0,90.0,37.064561294337274,-0.007625298238324141,32778.640625,118.38228062220982,119.51208521525065,119.38106217759166,4.8976994886505665,121.75607872009275,131.55147769739386,111.96067974279161,-0.19967442933418997
AAPL,2021-03-15,120.9958953857422,123.98999786376952,124.0,120.41999816894533,121.41000366210938,92403800,47.44714842622697,47.61787542889911,49.91310879572755,124.33829779709681,126.735470808828,125.03851708336315,122.59679773030226,125.38800131584341,-2.7912035855411546,4.0,76.0,30.0,88.0,53.63479319179783,0.024456722200797865,32953.4609375,118.61890186128163,119.43968680245536,119.47187251304513,4.249795303617675,121.20081977844238,129.70041038567774,112.70122917120703,-0.2499297121585736
AAPL,2021-03-16,122.5377426147461,125.56999969482422,127.22000122070312,124.72000122070312,125.6999969482422,115227900,50.108866056827324,49.00080479296464,50.671444112386055,124.45560273973751,126.69725864115574,125.05019801987876,123.0542134171518,125.4014826772494,-2.3472692600976046,0.0,72.0,28.0,86.0,43.00470485738362,0.012742971355254484,32825.94921875,119.07848227364677,119.56701278686523,119.57584832718123,3.736121954759805,120.82902145385742,128.30126536337704,113.35677754433782,-0.16598172441384373
AAPL,2021-03-17,121.74729919433594,124.76000213623048,125.86000061035156,122.33999633789062,124.0500030517578,111932600,48.74579962838091,48.32255373757098,50.27326573575023,124.48459315845113,126.63374203443688,125.04382008837001,123.31664245085621,125.35396560013689,-2.037323149280681,0.0,68.0,26.0,84.0,14.31200437098199,-0.006450611897554581,33015.37109375,119.43062547956194,119.65446780976795,119.66970229571139,3.382264724264318,120.53236389160156,127.2968933401302,113.76783444307293,-0.06500498775424206
AAPL,2021-03-18,117.61943817138672,120.52999877929688,123.18000030517578,120.31999969482422,122.87999725341795,121229700,42.27800922853052,44.95284045674011,48.25273917137343,124.10796512234121,126.43361930476016,124.94461522443433,122.88792803984708,124.99663472451911,-2.108706684672029,0.0,64.0,24.0,82.0,25.16397936332747,-0.033905154777686075,32862.30078125,119.19734954833984,119.37704631260463,119.72031282870924,3.122753018238833,120.08444709777832,126.32995313425599,113.83894106130066,-0.09249329920687516
AAPL,2021-03-19,117.09249114990234,119.98999786376952,121.43000030517578,119.68000030517578,119.9000015258789,185549500,41.520637102297634,44.54164765420769,48.00143626554856,123.715777764382,126.22235302800637,124.83572253518895,122.44209262814283,124.62577273483396,-2.1836801066911278,4.0,60.0,22.0,80.0,111.64827167703903,-0.00448010150088074,32627.970703125,118.90059879847935,119.09209812709264,119.76373327606353,2.7660416624109216,119.60237617492676,125.1344594997486,114.07029285010492,-0.1129537909002787
AAPL,2021-03-22,120.4103775024414,123.38999938964844,123.87000274658205,120.26000213623048,120.33000183105467,111912300,47.85478872759048,47.667365571408524,49.68504474904343,123.68475125250262,126.1294889742897,124.80394840012212,122.58792443760522,124.53423396852392,-1.9463095309186969,0.0,56.0,20.0,78.0,7.694550619536473,0.028335603077156213,32731.19921875,119.11872464134579,119.16905063447498,119.83826839921487,2.6600494127425005,119.47502746582032,124.79512629130532,114.15492864033531,0.15700345259678403
AAPL,2021-03-23,119.58090209960938,122.54000091552734,124.23999786376952,122.13999938964844,123.33000183105467,95467100,46.498805527957465,46.980866249026796,49.27802174756992,123.57572741088592,126.01180084121552,124.7541913125486,122.58055158805477,124.38651300163528,-1.8059614135805049,0.0,52.0,18.0,76.0,-39.68200514301239,-0.0068887368351221445,32423.150390625,119.2423319498698,119.17913393293108,119.90245203350314,2.541590183329625,119.31303520202637,124.39621556868562,114.22985483536712,0.05676642722030617
AAPL,2021-03-24,117.1900634765625,120.08999633789062,122.9000015258789,120.06999969482422,122.81999969482422,88530500,42.73964198758871,45.041872463395286,48.118637841929704,123.2437530229816,125.81764331651634,124.65168153288579,122.19738924187567,124.06825250802456,-1.8708632661488878,4.0,48.0,16.0,74.0,-20.271451973569864,-0.01999348207839524,32420.060546875,119.0426999046689,118.97694614955357,119.94090035661536,2.4800617057827314,119.05638618469239,124.01650959625785,114.09626277312692,0.01834453844161079
AAPL,2021-03-25,117.6780014038086,120.58999633789062,121.66000366210938,119.0,119.54000091552734,98844700,43.739304750505696,45.51777586241678,48.37159730424668,122.99101429106817,125.64624505492205,124.56241372640237,121.95009802587796,123.81060390282946,-1.8605058769514926,0.0,44.0,14.0,72.0,-33.302946366215814,0.004163645899412538,32619.48046875,118.90849798293341,118.84567140851702,119.98240052977604,2.489763403774658,119.03686904907227,124.01639585662159,114.05734224152295,0.07731507695475476
AAPL,2021-03-26,118.28301239013672,121.20999908447266,121.4800033569336,118.91999816894533,120.3499984741211,94071200,45.02098524885001,46.1177404672022,48.688138282315464,122.82139379520193,125.50079436736632,124.48873428372258,121.83623665027714,123.61796650887709,-1.7817298585999453,0.0,40.0,12.0,70.0,-42.8348496965248,0.0051412411760125565,33072.87890625,118.86267787388392,118.77387553623744,120.02822035111005,2.4905149514867766,119.03442764282227,124.01545754579581,114.05339773984872,0.08401794175041288
AAPL,2021-03-29,118.45867919921876,121.38999938964844,122.58000183105467,120.7300033569336,121.6500015258789,80819200,45.4098513567451,46.29581411585097,48.78117860491909,122.68507051848255,125.36601420416245,124.42063022011655,121.76758476402657,123.45293190745275,-1.6853471434261849,20.0,36.0,10.0,68.0,-30.512716677027097,0.0014851397976121117,33171.37109375,118.79520517985026,118.71904235113234,120.07416451866948,2.1037106916087738,118.72215538024902,122.92957676346657,114.51473399703147,-0.018674271246354165
AAPL,2021-03-30,117.00465393066406,119.9000015258789,120.4000015258789,118.86000061035156,120.11000061035156,85671900,42.716659176276735,45.01871826946357,48.04537620606842,122.4198258525203,125.18680067372692,124.32127574332011,121.48026426585001,123.18975187918802,-1.7094876133380126,16.0,32.0,8.0,66.0,-16.222231566512715,-0.012274535545929721,33066.9609375,118.53107423328218,118.5554707845052,120.10380387187597,1.9780171834722196,118.46745872497559,122.42349309192002,114.51142435803115,-0.02254804735291926
AAPL,2021-03-31,119.20032501220705,122.1500015258789,123.5199966430664,121.1500015258789,121.6500015258789,118323800,47.75557633617212,47.295488249512296,49.22549004474455,122.39412829760208,125.08723348855158,124.27355543084887,121.58330076739293,123.11273333449846,-1.5294325671055304,12.0,28.0,6.0,64.0,4.742564818003245,0.01876567305471566,32981.55078125,118.56044296991257,118.62526757376534,120.15356115920034,1.9796212155634867,118.47184944152832,122.43109187265529,114.51260701040135,-0.03232548198286958
AAPL,2021-04-01,120.0298080444336,123.0,124.18000030517578,122.48999786376952,123.66000366210938,75089100,49.56068346432761,48.13687843359631,49.66622082983781,122.45183036449711,125.01879960368102,124.24556520159945,121.80125449548632,123.1043827171282,-1.3031282216418845,8.0,24.0,4.0,62.0,-57.85181443125368,0.006958731296593301,33153.2109375,118.69864349365234,118.77364458356585,120.20978383344205,1.9861321971027353,118.61188507080078,122.58414946500625,114.63962067659531,0.0396332973794905
AAPL,2021-04-05,122.85978698730467,125.9000015258789,126.16000366210938,123.06999969482422,123.87000274658205,88651200,55.24252360613076,50.909659958901514,51.142632044096494,122.78022761796205,125.04769146998258,124.2819264394957,122.43183096170056,123.31146559185048,-0.8796346301499227,4.0,20.0,2.0,60.0,-42.346907585912675,0.023577301246899163,33527.19140625,119.19586566743396,119.17820667085194,120.29244583585368,2.2007577112707915,118.83047752380371,123.23199294634529,114.42896210126213,0.11728320833795197
AAPL,2021-04-06,123.16228485107422,126.20999908447266,127.12999725341795,125.6500015258789,126.5,80171300,55.815469815388724,51.19887455809864,51.29844503206304,123.10687251953449,125.0857999163593,124.32430166246223,123.01308759597319,123.52617177648916,-0.5130841805159747,0.0,16.0,0.0,58.0,-48.067712334641385,0.002462138924274715,33430.23828125,119.71566954113189,119.5907597496396,120.37625138885346,2.029862060287345,119.311083984375,123.37080810494969,115.25135986380032,-0.022553681913177765
AAPL,2021-04-07,124.81148529052734,127.9000015258789,127.91999816894533,125.13999938964844,125.83000183105467,83466700,58.904210181635776,52.772020220203835,52.14743750958493,123.5633609963292,125.17806882158946,124.40288847264722,123.76492050826637,123.85015916533285,-0.08523865706648337,96.0,12.0,0.0,56.0,-35.5597880885507,0.013390466419548108,33446.26171875,120.44941878545852,120.11460749308269,120.4745871601769,2.3510500034670496,119.64336242675782,124.34546243369192,114.94126241982372,0.1032816070538993
AAPL,2021-04-08,127.21205139160156,130.36000061035156,130.38999938964844,128.52000427246094,128.9499969482422,88844600,62.962792067155554,54.96350364688539,53.35519149793832,124.21066000718847,125.3479682244997,124.53381401413523,124.77954821627947,124.33236964274165,0.447178573537812,96.0,8.0,0.0,54.0,-20.634285392694338,0.019233535243061484,33503.5703125,121.47406078520275,120.83543501354399,120.59482309977214,2.8155518804159168,120.14982872009277,125.7809324809246,114.51872495926094,0.29693890140898105
AAPL,2021-04-09,129.78831481933594,133.0,133.0399932861328,129.47000122070312,129.8000030517578,106686700,66.75713601844481,57.17510087597556,54.60973724271543,125.04774000650386,125.59885451222101,124.71988403580258,126.04423310608263,124.9744163358719,1.0698167702107355,96.0,4.0,0.0,52.0,3.5526781944451185,0.02025172457760127,33800.6015625,122.75084635416667,121.75338607061477,120.73869850993749,3.5275483052509906,120.6884994506836,127.74359606118557,113.63340284018162,0.3793859003359614
AAPL,2021-04-12,128.07080078125,131.24000549316406,132.85000610351562,130.6300048828125,132.52000427246094,91420000,62.18343397632445,55.29771761680659,53.62852492763306,125.63747957666197,125.783810282088,124.86318340849185,126.84358270409516,125.43853405122687,1.4050486528682882,92.0,0.0,14.0,50.0,3.7624382697482894,-0.013233194686876892,33745.3984375,123.67771744501023,122.45646238781157,120.86345357335028,3.8340649548225683,121.18667068481446,128.8548005944596,113.51854077516933,0.2898485839242495
AAPL,2021-04-13,131.18377685546875,134.42999267578125,134.66000366210938,131.92999267578125,132.44000244140625,91266500,66.64412987684031,57.896297343261615,55.11993074742705,126.4748617765781,126.06729167204514,125.07344295282789,128.01072269973918,126.10456802341608,1.9061546763230979,96.0,0.0,12.0,48.0,-1.230793538793859,0.02430668079866094,33677.26953125,124.94669560023716,123.40856773739769,121.01716017955572,4.436790670415946,121.69606475830078,130.56964609913268,112.82248341746889,0.3753208334150533
AAPL,2021-04-14,128.84178161621094,132.02999877929688,135.0,131.66000366210938,134.94000244140625,87222800,60.83062899118493,55.384419867948175,53.79178711357387,127.00392244350368,126.26279026572551,125.22633428967336,128.62907286582498,126.54348882014799,2.0855840456769954,96.0,56.0,10.0,46.0,-24.30409649052009,-0.01785278100231935,33730.890625,125.79290415445963,124.08911220005581,121.1454428597825,4.714942205492192,122.01126670837402,131.4411511193584,112.58138229738964,0.2410494942717308
AAPL,2021-04-15,131.25210571289062,134.5,135.0,133.63999938964844,133.82000732421875,89347100,64.28377911204811,57.358930393733786,54.932210200523755,127.71783459174142,126.53286271602958,125.43015111847174,129.5322924249288,127.13286001865553,2.3994324062732773,92.0,52.0,8.0,44.0,-20.17776769234343,0.018707627808651983,34035.98828125,126.84952051071893,124.96919210524786,121.2955695107683,5.146226411718276,122.48650703430175,132.7789598577383,112.1940542108652,0.25859824640891965
AAPL,2021-04-16,130.92031860351562,134.16000366210938,134.6699981689453,133.27999877929688,134.3000030517578,84922400,63.45450129869173,56.998835283937154,54.74243958486957,128.33137450320504,126.78293291098302,125.62201600954069,130.24424799987966,127.65338917742989,2.590858822449775,88.0,48.0,6.0,42.0,-29.94917912029808,-0.002527861229904893,34200.671875,127.73262140183222,125.7724122546968,121.44023395253652,5.339940994094585,123.1515510559082,133.83143304409737,112.47166906771903,0.2836752367978306
AAPL,2021-04-19,131.58389282226562,134.83999633789062,135.47000122070312,133.33999633789062,133.50999450683594,94264200,64.44247381578343,57.55155157168269,55.059283814693664,128.95124324936558,127.04709892497998,125.82460898379014,130.9512862057275,128.18573044857513,2.7655557571523843,96.0,44.0,4.0,40.0,-49.197276198534624,0.005068535012961561,34077.62890625,128.58384355817523,126.57549242292131,121.5893932562681,5.456413759519605,123.87612113952636,134.78894865856557,112.96329362048715,0.26497523365234305
AAPL,2021-04-20,129.89566040039062,133.11000061035156,135.52999877929688,131.80999755859375,135.02000427246094,94812300,59.99843056645931,55.66385442764683,54.07645132861826,129.3473153789833,127.24588258679543,125.9847274810772,131.28339611413122,128.5504912012993,2.7329049128319127,96.0,40.0,2.0,38.0,-15.27982178902587,-0.01283008418177256,33821.30078125,129.08496602376303,127.14878187633695,121.71960501371925,5.550730229622263,124.35038528442382,135.45184574366834,113.2489248251793,0.1768211646873594
AAPL,2021-04-21,130.27627563476562,133.5,133.75,131.3000030517578,132.36000061035156,68847100,60.65716495984632,56.00126884263157,54.264267265670576,129.74280915241346,127.45093561673656,126.1498983056689,131.62441209657257,128.91712148268454,2.707290613888034,92.0,36.0,0.0,36.0,-27.88395164407424,0.0029301612786893916,34137.30859375,129.51406569707962,127.71315238589332,121.85153876537115,5.582162245657448,124.88515396118164,136.04947845249654,113.72082946986674,0.1416456586341474
AAPL,2021-04-22,128.75390625,131.94000244140625,134.14999389648438,131.41000366210938,133.0399932861328,84566500,56.639521081893996,54.28757099976567,53.373366370150215,129.95206565612705,127.59811813557819,126.27715334161917,131.6729644573162,129.141038590738,2.531925866578206,88.0,32.0,0.0,34.0,-4.477552933734701,-0.01168569931361596,33815.8984375,129.63469754173641,128.0816049848284,121.96635803260614,5.3366502164468645,125.46334609985351,136.13664653274725,114.79004566695978,0.038985769168077535
AAPL,2021-04-23,131.07644653320312,134.32000732421875,135.1199951171875,132.16000366210938,132.16000366210938,78657500,60.89500949435854,56.398507732566856,54.53536678271653,130.3680601007072,127.81850794504182,126.45391936321477,132.08020182145503,129.52466590432917,2.555535917125866,84.0,28.0,0.0,32.0,-20.42314863619395,0.01803860054306594,34043.48828125,129.98191477457684,128.61618597848076,122.10238235321805,5.145443886358964,126.13326835632324,136.42415612904117,115.84238058360532,-0.0015977857687378772
AAPL,2021-04-26,131.46676635742188,134.72000122070312,135.05999755859375,133.55999755859375,134.8300018310547,66905100,61.57747897727691,56.74661464260895,54.72884189354275,130.78253068356395,128.0447864130963,126.63559149195076,132.48632480595472,129.9095055573939,2.5768192485608097,80.0,24.0,2.0,30.0,-28.878232657816632,0.0029778029122866645,33981.5703125,130.30292075020927,129.12413816906158,122.2403749297033,4.926648143810336,126.7924560546875,136.64575234230819,116.93915976706683,0.04646340430471159
AAPL,2021-04-27,131.14474487304688,134.38999938964844,135.41000366210938,134.11000061035156,135.00999450683594,66015800,60.63723755308392,56.361621252383316,54.533474203695846,131.1260991317625,128.25282618281932,126.8060180391529,132.77919781883068,130.24139398941276,2.537803829417925,76.0,20.0,0.0,28.0,-18.316687123851757,-0.0024494516241428954,33984.9296875,130.50190022786458,129.53864186604818,122.37324817676449,4.60325482613816,127.4267593383789,136.6332689906552,118.22024968610258,-0.06465691365612572
AAPL,2021-04-28,130.35430908203125,133.5800018310547,135.02000427246094,133.0800018310547,134.30999755859375,107760100,58.28469005617183,55.40478719897829,54.05020457931216,131.3598041507427,128.42748767948277,126.95489680381007,132.90239843609592,130.48869827397883,2.4137001621170953,72.0,16.0,86.0,26.0,25.782316021939515,-0.006027201408495553,33820.37890625,130.53517150878906,129.8174561273484,122.49636536631418,3.9313098569248712,128.09424209594727,135.956861809797,120.23162238209753,0.032573872737807166
AAPL,2021-04-29,130.25674438476562,133.47999572753906,137.07000732421875,132.4499969482422,136.47000122070312,151101000,57.98564935303661,55.28464983987358,53.9899431773348,131.56172715805664,128.59314368105836,127.09830557136455,132.9912595578564,130.71027586313144,2.2809836947249664,96.0,12.0,98.0,24.0,27.701273961789596,-0.0007484577836566197,34060.359375,130.52550789969308,130.0234087262835,122.61663868842433,3.349086137893215,128.6470630645752,135.34523534036163,121.94889078878877,-0.11999943280460858
AAPL,2021-04-30,128.28550720214844,131.4600067138672,133.55999755859375,131.07000732421875,131.77999877929688,109839500,52.162413793810515,52.882060177249805,52.77681914464344,131.55203949670525,128.68713919033078,127.19416713493604,132.7556821972427,130.76581148170445,1.9898707155382453,92.0,8.0,96.0,22.0,46.27888734849665,-0.015133474983793138,33874.8515625,130.24855143229166,129.9889748346238,122.71550581481327,2.671260212668264,129.05984802246093,134.40236844779744,123.7173275971244,-0.12185608330062186
AAPL,2021-05-03,129.3394317626953,132.5399932861328,134.07000732421875,131.8300018310547,132.0399932861328,75135100,54.77731624286421,53.9906877916667,53.34869362014552,131.6461303337936,128.81346227543904,127.31165781957773,132.72249928784117,130.89723235610654,1.8252669317346317,88.0,4.0,94.0,20.0,-15.246381323659467,0.00821546083834801,34113.23046875,130.11007341657367,130.01560185750324,122.823198173485,2.2374222922028997,129.38383026123046,133.85867484563624,124.90898567682466,-0.15331208701039314
AAPL,2021-05-04,124.76268768310548,127.8499984741211,131.49000549316406,126.6999969482422,131.19000244140625,137564700,43.625237552476385,48.81795169106522,50.631697658783146,131.28459396620573,128.78187329834662,127.32348948231494,131.9728837780381,130.67151132781132,1.3013724502267792,84.0,0.0,92.0,18.0,71.58846120743956,-0.035385527964797214,34133.03125,129.3789280482701,129.57549304053896,122.8835786874496,2.02139059397456,129.46385040283204,133.50663159078115,125.42106921488292,-0.2001472814741471
AAPL,2021-05-05,125.00665283203124,128.10000610351562,130.4499969482422,127.97000122070312,129.1999969482422,84000900,44.276490024203824,49.087595529023595,50.7680796624096,130.98129988404477,128.75951699687676,127.34055578168199,131.37705644349617,130.48102945934497,0.8960269841512059,80.0,0.0,90.0,16.0,0.6400157188435628,0.001955433579191812,34230.33984375,128.7191598801386,129.15099803379604,122.94483289272631,1.9980857057544845,129.47360877990724,133.46978019141622,125.47743736839827,-0.2827040538986042
AAPL,2021-05-06,126.60704040527344,129.74000549316406,129.75,127.12999725341795,127.88999938964844,78128300,48.480988904403915,50.84914780880673,51.66193944793046,130.86308137062755,128.79166416068944,127.3932909401761,131.1252024511374,130.42613879518342,0.699063655953978,76.0,0.0,88.0,14.0,-12.06184731542491,0.012802419207180948,34548.53125,128.33225722539993,128.87799152192616,123.02054345429833,2.038302360898446,129.44335823059083,133.51996295238771,125.36675350879393,-0.1744607387935876
AAPL,2021-05-07,127.2815170288086,130.2100067138672,131.25999450683594,129.47999572753906,130.85000610351562,78973300,50.186859619579856,51.581332693598206,52.03643762715327,130.80088378426942,128.83816719521985,127.45519678135612,130.98440310694198,130.41012901138222,0.5742740955597583,72.0,0.0,86.0,12.0,-25.976433801026744,0.005327323199216583,34777.76171875,128.07636362711588,128.67210188366118,123.10135213026359,2.0923320450725815,129.31801834106446,133.50268243120962,125.1333542509193,-0.2911479832023118
AAPL,2021-05-10,123.99708557128906,126.8499984741211,129.5399932861328,126.80999755859376,129.41000366210938,88071200,42.76161626660779,47.97247775831104,50.107447544741106,130.42460899282673,128.7729813355117,127.44189571965865,130.34834085573877,130.14641563825177,0.20192521748700187,68.0,4.0,84.0,10.0,-3.6630934150076575,-0.02580446504873246,34742.8203125,127.42352084205264,128.1653463817778,123.14784640791405,2.396337451725268,129.1143325805664,133.90700748401696,124.32165767711588,-0.3686541997690549
AAPL,2021-05-11,123.07823944091795,125.91000366210938,126.2699966430664,122.7699966430664,123.5,126142800,40.93686963150656,47.018103258777266,49.58274936923422,129.99464658037746,128.67911321507228,127.40822776234987,129.66551974902654,129.8326073437227,-0.16708759469617007,64.0,96.0,82.0,8.0,38.21369286649537,-0.007410223604351063,34269.16015625,126.70434214274088,127.59048036847796,123.18351397576023,2.6947616280961983,128.70905570983885,134.09857896603125,123.31953245364646,-0.23706682160683526
AAPL,2021-05-12,120.00885772705078,122.7699966430664,124.63999938964844,122.25,123.4000015258789,112172300,35.48890963563359,43.98665610123414,47.87395951485709,129.30658468158592,128.48537168812126,127.3062886168711,128.6046700404173,129.30945099552596,-0.7047809551086743,60.0,96.0,80.0,6.0,28.6043328120629,-0.024938459696935977,33587.66015625,125.64446527390253,126.7618900844029,123.186991073077,3.3225534407395787,128.26740951538085,134.91251639686,121.6223026339017,-0.2300941447499663
AAPL,2021-05-13,122.15936279296876,124.97000122070312,126.1500015258789,124.26000213623048,124.58000183105467,105861300,41.37560923797449,46.49321320981074,49.12740496043158,128.89357673293043,128.37011364000918,127.25494164113114,128.04549022199973,128.98801027146501,-0.942520049465287,56.0,92.0,78.0,4.0,18.483196432788528,0.01791955282841795,34021.44921875,124.95460859026228,126.18017134893508,123.2104756107615,3.509489321420978,127.81277236938476,134.8317510122267,120.7937937265428,-0.127833061678461
AAPL,2021-05-14,124.58360290527344,127.4499969482422,127.88999938964844,125.8499984741211,126.25,81918000,47.22227181397658,49.15319813909356,50.4966904982983,128.7560929439125,128.33994587962337,127.25922857095775,127.95387587219088,128.8740833586337,-0.9202074864428198,52.0,88.0,76.0,2.0,-3.5378180550714533,0.019844898146801793,34382.12890625,124.67290852864583,125.8726313999721,123.25650909234042,3.500201379055221,127.49593658447266,134.4963393425831,120.49553382636222,-0.07256227066409063
AAPL,2021-05-17,123.4301300048828,126.2699966430664,126.93000030517578,125.16999816894533,126.81999969482422,74244600,44.926399410012735,47.976341764141594,49.84530205587509,128.51932186764145,128.27207869153955,127.23748720990518,127.69481752924865,128.68118804636944,-0.9863705171207897,48.0,84.0,74.0,0.0,-21.237755160495713,-0.009258625320602398,34327.7890625,124.30296601795015,125.48541172572544,123.28945812244321,3.4737511100832035,127.08824844360352,134.03575066376993,120.1407462234371,-0.11431873891234359
AAPL,2021-05-18,122.04208374023438,124.8499984741211,126.98999786376952,124.77999877929688,126.55999755859376,63342900,42.26354153613981,46.58445621039699,49.06807726694296,128.16986249683,128.1598793401488,127.18501492999783,127.25715305922903,128.3973962262029,-1.1402431669738604,44.0,80.0,72.0,0.0,-33.19126315889394,-0.011245603197481135,34060.66015625,123.82142319452196,125.00482461111886,123.30710157859384,3.581900934022343,126.6955696105957,133.85937147864038,119.53176774255101,-0.05726481570116712
AAPL,2021-05-19,121.88566589355467,124.69000244140624,124.91999816894533,122.86000061035156,123.16000366210938,92612000,41.96170863239813,46.42704918650513,48.98025599000082,127.83844725345631,128.0461128844523,127.13017949068812,126.86220681033322,128.1227744643661,-1.260567654032883,40.0,76.0,70.0,28.0,34.51837477540812,-0.001281671386508254,33896.0390625,123.39818870907737,124.54673854282925,123.3222499756315,3.6314697130998375,126.27603912353516,133.53897854973482,119.01309969733548,0.05613548851042194
AAPL,2021-05-20,124.44673919677734,127.30999755859376,127.72000122070312,125.0999984741211,125.2300033569336,76857100,48.452912069183746,49.33394927062245,50.46158803552366,127.78811871108844,128.02197795573562,127.1341315361366,126.931097694681,128.06256876764223,-1.131471072961233,36.0,72.0,68.0,26.0,-9.116375869877553,0.021012095921593588,34084.1484375,123.39615522112165,124.37251950218564,123.36208015062323,3.6044037508995066,126.06068077087403,133.26948827267304,118.85187326907501,0.06614367566900049
AAPL,2021-05-21,122.60902404785156,125.43000030517578,128.0,125.20999908447266,127.81999969482422,79295400,44.59838905260983,47.41929619501571,49.411152897917624,127.56353600576342,127.93699508194678,127.09667810248911,126.70015963475713,127.86756369634843,-1.1674040615912986,32.0,68.0,66.0,24.0,0.8109843308012586,-0.014767081570694729,34207.83984375,123.18565274193173,124.04379029046922,123.38273079032328,3.47936751182281,125.63730964660644,132.59604467025207,118.67857462296082,-0.009588104885579167
AAPL,2021-05-24,124.241455078125,127.0999984741211,127.94000244140624,125.94000244140624,126.01000213623048,63092900,48.51636102844563,49.23425143314255,50.34801466483649,127.51938957417845,127.90955257021479,127.0967510776898,126.76167330235158,127.81070701322048,-1.0490337108688976,28.0,64.0,64.0,22.0,-5.6979213841695175,0.013314118132416786,34393.98046875,123.25690685453868,123.91085176013765,123.41884134359027,3.2066506189084825,125.2760440826416,131.68934532045856,118.86274284482464,0.14703278572916326
AAPL,2021-05-25,124.04595947265624,126.9000015258789,128.32000732421875,126.31999969482422,127.81999969482422,72009500,48.07785971430247,49.02409362914194,50.23433116370292,127.46040023624515,127.87645253597425,127.09242691171593,126.78295456750963,127.74324734749148,-0.9602927799818417,24.0,60.0,62.0,20.0,9.079190133271126,-0.0015735134890833002,34312.4609375,123.30705900646392,123.79370084490095,123.45232776774697,2.9011919248869664,124.92110481262208,130.72348866239602,119.11872096284814,0.004135158029373161
AAPL,2021-05-26,123.99708557128906,126.8499984741211,127.38999938964844,126.41999816894533,126.95999908447266,56575900,47.96115269307579,48.969900817619624,50.20541241069188,127.40226673509048,127.84279830443808,127.08709881418638,126.79326901468063,127.67708076427886,-0.8838117495982232,20.0,56.0,60.0,18.0,-47.498285543536056,-0.00039399833396380757,34323.05078125,123.35984409877233,123.70569901239304,123.48453361283488,2.6080317795782255,124.60324363708496,129.8193071962414,119.3871800779285,0.02998942988125314
AAPL,2021-05-27,122.46239471435548,125.27999877929688,127.63999938964844,125.08000183105467,126.44000244140624,94625600,44.32277807674255,47.26836590921844,49.296107805593266,127.20014597739585,127.75877209049901,127.04738232990309,126.56045820923697,127.49951913576167,-0.9390609265247036,16.0,52.0,58.0,16.0,-37.3759273598454,-0.012376830067116762,34464.640625,123.2328604561942,123.50180863879976,123.50075521858177,2.2805624256587693,124.21352615356446,128.774651004882,119.65240130224691,-0.044741421383501664
AAPL,2021-05-28,121.8074722290039,124.61000061035156,125.8000030517578,124.5500030517578,125.56999969482422,71311100,42.8295870656325,46.55252235453676,48.91036073440594,126.95346546624877,127.65553368131384,126.99381350090195,126.26038780940846,127.28548072647203,-1.0250929170635743,12.0,48.0,56.0,14.0,-35.0769987117567,-0.005347947726150437,34529.44921875,123.06445021856399,123.27266064598447,123.50966061112892,2.1266251190363183,123.88962440490722,128.14287464297985,119.63637416683459,-0.15331416301013145
AAPL,2021-06-01,121.48487091064452,124.27999877929688,125.3499984741211,123.94000244140624,125.08000183105467,67637100,42.0776171750471,46.19515533851274,48.718742762227535,126.69884959130098,127.54486040583787,126.93416922130623,125.95571257400668,127.06285243408868,-1.1071398600820004,8.0,44.0,54.0,12.0,-9.979357184591489,-0.002648452615065189,34575.30859375,122.87387993222191,123.04363650367374,123.51476496302666,1.7610685506793973,123.49689636230468,127.01903346366348,119.97475926094589,-0.16859654100885377
AAPL,2021-06-02,122.2473602294922,125.05999755859376,125.23999786376952,124.0500030517578,124.27999877929688,59278900,44.5554267082541,47.18886304874192,49.198753873095356,126.54276844532887,127.46338949281346,126.89297863531255,125.81791026394316,126.91449281368165,-1.0965825497384856,4.0,40.0,52.0,10.0,-56.90834930763488,0.0062764137882527216,34600.37890625,122.80014982677642,122.9246330624535,123.52697803478335,1.7557223079958804,123.371129989624,126.88257460561576,119.85968537363223,-0.04562418773249766
AAPL,2021-06-03,120.76153564453124,123.54000091552734,124.8499984741211,123.12999725341795,124.68000030517578,76229200,40.88509767919619,45.49104466892922,48.29978323368054,126.25679058534777,127.3347538017549,126.81928681729529,125.46746267187919,126.6645304508554,-1.197067778976205,0.0,36.0,50.0,8.0,-9.251924681759363,-0.012154246784320422,34577.0390625,122.50699070521763,122.67610026768276,123.52388564873691,1.803544059465284,123.15887413024902,126.76596224917958,119.55178601131846,-0.1907084619496846
AAPL,2021-06-04,123.05867004394533,125.88999938964844,126.16000366210938,123.8499984741211,124.06999969482422,75169300,48.01503476847536,48.463916983545744,49.748337043798706,126.22185809051926,127.28738480463664,126.79886291778658,125.53246832076677,126.60715777965487,-1.074689458888102,4.0,32.0,48.0,6.0,-3.7873600219126744,0.019022070124843804,34756.390625,122.53342880975633,122.66655702136812,123.54318859157277,1.6107091589838831,122.98145561218261,126.20287393015037,119.76003729421485,-0.2082421753661985
AAPL,2021-06-07,123.06846618652344,125.9000015258789,126.31999969482422,124.83000183105467,126.16999816894533,71057600,48.04381401105018,48.47634431913677,49.754463119740656,126.19120508436303,127.24189682828393,126.77910772236004,125.58901189078402,126.55477583493072,-0.9657639441467012,0.0,28.0,46.0,4.0,-10.02326102619493,7.960546440655136e-05,34630.23828125,122.57569623674665,122.67484374273391,123.56205920926374,1.2549449282352672,122.77080307006835,125.28069292653889,120.26091321359782,-0.09881690222231944
AAPL,2021-06-08,123.88956451416016,126.73999786376952,128.4600067138672,126.20999908447266,126.5999984741211,74403800,50.516596510265366,49.534132475010075,50.27295101246004,126.24347106335414,127.22544112452935,126.77824816502839,125.76608665585871,126.56849598521507,-0.802409329356351,0.0,24.0,44.0,2.0,-15.518580421295496,0.006671882351993119,34599.8203125,122.73088785807292,122.78139245169503,123.58857668900372,1.2496342421150983,122.76542701721192,125.26469550144212,120.26615853298172,-0.152769757896974
AAPL,2021-06-09,124.2707977294922,127.12999725341795,127.75,126.5199966430664,127.20999908447266,56877900,51.66679940995303,50.02811050418329,50.51487852376058,126.3279021290745,127.22231181727979,126.78597891422376,125.97591905548322,126.6100886717486,-0.6341696162653818,8.0,20.0,42.0,0.0,-54.90991162396902,0.0030772019970131126,34447.140625,122.91931551978702,122.92476109095982,123.6184476649346,1.2930443198259496,122.82505493164062,125.41114357129253,120.23896629198872,-0.10866946752617627
AAPL,2021-06-10,123.27374267578124,126.11000061035156,128.19000244140625,125.94000244140624,127.0199966430664,71186400,48.492124928619326,48.7343097980441,49.86742022203492,126.30714960348183,127.1858425973805,126.77112224820459,125.99654698700142,126.57304511164511,-0.5764981246436918,4.0,16.0,40.0,0.0,-36.53834324516837,-0.008023244977322208,34466.23828125,122.95208696637835,122.96749325706845,123.63823381983819,1.1122449786433282,122.98829917907715,125.2127891363638,120.7638092217905,-0.1460929386209715
AAPL,2021-06-11,124.48583221435548,127.3499984741211,127.44000244140624,126.0999984741211,126.52999877929688,53522400,52.327074787577494,50.352972521565825,50.65202565167755,126.40646854354272,127.19122475727363,126.78384480262034,126.20477029271214,126.63059721256926,-0.4258269198571156,0.0,12.0,38.0,56.0,-49.441013854921486,0.009832503761665778,34479.6015625,123.1576417468843,123.11011545090449,123.67003828247981,1.142240080279273,123.10462265014648,125.38910281070503,120.82014248958794,-0.0364962351931139
AAPL,2021-06-14,127.54541015625,130.47999572753906,130.5399932861328,127.06999969482422,127.81999969482422,96906500,60.35165959802699,54.14311222900081,52.564245454460604,126.79442351344713,127.29905331367577,126.86507888888228,126.86249728268552,126.91573784330777,-0.05324056062224258,96.0,8.0,36.0,54.0,18.296955492077444,0.024577720110559698,34393.75,123.75326588948568,123.53304759434292,123.73213375224402,1.4847316182898826,123.25271301269531,126.22217624927508,120.28324977611554,0.1618433038788052
AAPL,2021-06-15,126.72434997558594,129.63999938964844,130.60000610351562,129.38999938964844,129.94000244140625,62746300,57.551974713133724,53.01673799565177,52.01234304145517,127.06543073975202,127.37580564403552,126.92606615263539,127.28980529914136,127.11753499488856,0.17227030425280532,96.0,4.0,34.0,52.0,-15.487052256999162,-0.006437394961200216,34299.328125,124.20794910249256,123.86367968604678,123.78583684513225,1.675870924260711,123.41742401123047,126.7691658597519,120.06568216270904,0.19068222687222572
AAPL,2021-06-16,127.2228775024414,130.14999389648438,130.88999938964844,128.4600067138672,130.3699951171875,91815000,58.80165394666169,53.62422789919971,52.322494239335285,127.3591986594408,127.46676263591908,126.99692170744525,127.72983431411721,127.34216158019194,0.387672733925271,96.0,0.0,32.0,50.0,44.94915767986625,0.003933952132731511,34033.671875,124.70359417143322,124.22610382806687,123.84424544073455,1.8440545709656366,123.67646369934081,127.36457284127209,119.98835455740954,0.12791853205892595
AAPL,2021-06-17,128.82595825195312,131.7899932861328,132.5500030517578,129.64999389648438,129.8000030517578,96721700,62.61327266608768,55.541193081312954,53.31260490837695,127.78117910007813,127.6085079031392,127.10226393994388,128.35447415596576,127.67163059544681,0.6828435605189469,96.0,16.0,30.0,48.0,4.437545890381376,0.012600569810889306,33823.44921875,125.38226151239304,124.71653188069662,123.91831551698903,2.121471217642909,124.02347831726074,128.26642075254657,119.78053588197493,0.27059295100164715
AAPL,2021-06-18,127.52587890625,130.4600067138672,131.50999450683594,130.24000549316406,130.7100067138672,108953300,57.932165578682,53.675218930697106,52.41188782473963,128.03630553948662,127.70199966742535,127.1760604844257,128.67840224179673,127.87817697458907,0.8002252672076651,92.0,12.0,28.0,46.0,41.76087830532247,-0.010091749856503851,33290.078125,125.82697957356771,125.05009384155274,123.97928498073597,2.2609472568228286,124.17743530273438,128.69932981638004,119.65554078908872,0.18044283550390103
AAPL,2021-06-21,129.3245086669922,132.3000030517578,132.41000366210938,129.2100067138672,130.3000030517578,79663300,62.1483848407465,55.805443466237236,53.520465447580186,128.44237196922674,127.85275387674773,127.28867460678465,129.23557159717535,128.20571964697194,1.0298519502034083,88.0,8.0,26.0,44.0,0.4639613394976253,0.01410403736220811,33876.96875,126.45705392020089,125.54029130481538,124.05830018304474,2.501613491262577,124.51320953369141,129.51643651621657,119.50998255116626,0.2714608996240873
AAPL,2021-06-22,130.9667205810547,133.97999572753906,134.0800018310547,131.6199951171875,132.1300048828125,74783600,65.54393974524268,57.64941052021032,54.507803522627924,128.96976470811364,128.0536470521835,127.43573660943859,129.96548300184668,128.63344380108802,1.3320392007586577,96.0,4.0,24.0,42.0,18.52934323830415,0.012698381234845124,33945.578125,127.23142663864863,126.15491140456427,124.15358070829022,2.885679940706726,124.84947280883789,130.62083269025135,119.07811292742444,0.34742527243702614
AAPL,2021-06-23,130.69302368164062,133.6999969482422,134.32000732421875,133.22999572753906,133.77000427246094,60214200,64.50534197571142,57.236654360448746,54.31159796765625,129.4202630166973,128.23877327828376,127.57341266084087,130.54002360898446,129.00874403421057,1.5312795747738903,96.0,0.0,22.0,40.0,-16.380199834744026,-0.0020898202092849427,33874.23828125,127.88626491001673,126.71144005911691,124.24547198091574,3.158181569356508,125.18182601928712,131.49818915800014,118.8654628805741,0.3501371667081896
AAPL,2021-06-24,130.40953063964844,133.41000366210938,134.63999938964844,132.92999267578125,134.4499969482422,68711000,63.384979873731815,56.79982433825432,54.105751933120416,129.80023831626036,128.40832181545838,127.70168938614347,130.9815590017729,129.3347632659068,1.6467957358661067,96.0,36.0,20.0,38.0,21.44923898691846,-0.0021691520634089523,34196.8203125,128.40871850876582,127.20931668962751,124.33389401563957,3.3511774737932547,125.50244827270508,132.20480322029158,118.80009332511857,0.3529395584509593
AAPL,2021-06-25,130.11630249023438,133.11000061035156,133.88999938964844,132.80999755859375,133.4600067138672,70783700,62.1819538267831,56.3386109599417,53.89017776440229,130.11545377284048,128.56247521856963,127.82055336909309,131.30901155693883,129.6144104766064,1.6946010803324327,92.0,32.0,18.0,36.0,-25.196035745083783,-0.0022485177883533325,34433.83984375,128.82206682477678,127.64873137701126,124.41837012295699,3.422018707439274,125.88514366149903,132.72918107637759,119.04110624662049,0.301150894437765
AAPL,2021-06-28,131.748779296875,134.77999877929688,135.25,133.35000610351562,133.41000366210938,62111300,66.0457072756709,58.293810314757444,54.910745012996465,130.55969615440776,128.76632845006887,127.97350821327339,131.84300959114776,129.99704664717606,1.8459629439716991,96.0,28.0,16.0,34.0,-12.900936880794154,0.012546289553249101,34283.26953125,129.38595646449497,128.20717286609468,124.51829390720349,3.5191757998100175,126.38220901489258,133.42056061451262,119.34385741527255,0.2586992863648362
AAPL,2021-06-29,133.26388549804688,136.3300018310547,136.49000549316406,134.35000610351562,134.8000030517578,64556100,69.19170708567185,60.01709932430942,55.83646990089144,131.10924907599318,129.01431774124873,128.15716741366418,132.53331608959496,130.46615443857448,2.067161651020484,96.0,24.0,14.0,32.0,-4.555192342664012,0.01149996386499974,34292.2890625,130.07701059977214,128.8625706263951,124.63223093478834,3.6400091047338927,126.97115974426269,134.2511779537305,119.69114153479491,0.3374610685533721
AAPL,2021-06-30,133.87973022460938,136.9600067138672,137.41000366210938,135.8699951171875,136.1699981689453,63261400,70.39252779318645,60.701570582772064,56.20936970228817,131.66646408912405,129.2748321337936,128.35063640927302,133.21434541640608,130.9471805330406,2.267164883365467,96.0,20.0,98.0,30.0,6.718242072643048,0.004621242463859643,34502.51171875,130.764528910319,129.52052971976144,124.75108584579543,3.77242154541122,127.55277824401855,135.097621334841,120.00793515319612,0.4053896919057326
AAPL,2021-07-01,134.18275451660156,137.27000427246094,137.3300018310547,135.75999450683594,136.60000610351562,52485800,70.99166222525028,61.04188421613299,56.39423374099011,132.20013458277518,129.53696892522532,128.54666647220023,133.8382929327222,131.41553784707173,2.422755085650465,92.0,16.0,96.0,28.0,-31.147381843178206,0.0022634068016404996,34633.53125,131.39144105457123,130.15195603143601,124.87187796255843,3.69367364941088,128.22383918762208,135.61118648644384,120.83649188880031,0.3619140751112123
AAPL,2021-07-02,136.81224060058594,139.9600067138672,140.0,137.75,137.89999389648438,78852600,75.60488058766506,63.85832201773431,57.96548150742388,132.93917002383157,129.8787078691152,128.79750911487423,134.78009505289836,132.04846146683437,2.7316335860639924,96.0,12.0,98.0,26.0,4.900005720420437,0.019596304260239616,34786.3515625,132.27659970238096,130.96989902314687,125.01774979434796,3.9526467277487662,128.9115177154541,136.81681117095164,121.00622425995657,0.4651521767502864
AAPL,2021-07-06,138.82589721679688,142.02000427246094,143.14999389648438,140.07000732421875,140.07000732421875,108181800,78.43341674411454,65.82066378957668,59.11664173005099,133.8040113808439,130.27678316102816,129.08811340405194,135.89392724052337,132.78709426725115,3.106832973272219,96.0,8.0,98.0,24.0,52.245220778635925,0.014718395133149542,34577.37109375,133.3419903709775,131.91412564232235,125.18227784265926,4.283282957747618,129.69938926696778,138.26595518246302,121.13282335147255,0.4654614237681705
AAPL,2021-07-07,141.31857299804688,144.57000732421875,144.88999938964844,142.66000366210938,143.5399932861328,104911600,81.32067152765815,68.04777589282479,60.48361861513044,134.829344327832,130.74541346146063,129.42837480889077,137.22870879186112,133.65990264184134,3.568806150019782,96.0,4.0,98.0,22.0,41.00301328695578,0.01795540912195448,34681.7890625,134.6244849795387,133.0207145690918,125.37004165915114,4.782900436413033,130.57083969116212,140.13664056398818,121.00503881833606,0.4271120358856289
AAPL,2021-07-08,140.01849365234375,143.24000549316406,144.05999755859375,140.6699981689453,141.5800018310547,105575500,75.63337354665842,65.73119065290149,59.426143528096155,135.63035967691124,131.15507221659846,129.73192713162203,138.15352366898466,134.36953989008745,3.783983778897209,92.0,0.0,96.0,20.0,85.61778827980639,-0.00919963539202373,34421.9296875,135.5993909563337,133.9204911368234,125.5430089944868,4.983207249910545,131.35822448730468,141.32463898712578,121.3918099874836,0.46290229626886437
AAPL,2021-07-09,141.8463897705078,145.11000061035156,145.64999389648438,142.64999389648438,142.75,99890800,77.96658051642044,67.35176861439083,60.41897378609601,136.53318262295318,131.61261085245923,130.06990676851717,139.2237508907334,135.16512957306998,4.058621317663437,96.0,0.0,98.0,18.0,40.322870660688,0.013054676353700945,34870.16015625,136.7114208403088,134.91936402093796,125.73252545940342,5.125839285616042,132.286856842041,142.53853541327308,122.03517827080893,0.5892708250205698
AAPL,2021-07-12,141.25013732910156,144.5,146.32000732421875,144.0,146.2100067138672,76299700,75.42934072059194,66.29129385626632,59.93084803100638,137.29192713505287,132.0351482015589,130.3870516747036,140.03548152292828,135.8566014565463,4.178880066381993,96.0,0.0,98.0,16.0,42.55657444359745,-0.004203508051004445,34996.1796875,137.60756458100818,135.7730097816104,125.91446295363393,5.15365304678597,133.12507209777831,143.43237819135027,122.81776600420638,0.500000977292288
AAPL,2021-07-13,142.36448669433594,145.63999938964844,147.4600067138672,143.6300048828125,144.02999877929688,100827100,76.93974437460194,67.28950834662756,60.5388338061271,138.08698163549056,132.48120889625037,130.7222812948123,140.89771504088523,136.58129759973903,4.3164174411462,96.0,8.0,98.0,14.0,4.045755444681213,0.007889191375708426,34888.7890625,138.53871082124255,136.6529540289016,126.10564508808193,5.369977741988273,133.86602592468262,144.60598140865918,123.12607044070607,0.4714013644423952
AAPL,2021-07-14,145.79554748535156,149.14999389648438,149.57000732421875,147.67999267578125,148.10000610351562,127050800,80.84425785532159,70.11525160791926,62.33443040402506,139.14060185082332,133.02772643724163,131.1272859673765,142.1672964032851,137.5123121402387,4.654984263046401,96.0,4.0,98.0,12.0,102.48333367863923,0.02410053848880378,34933.23046875,139.81878168015254,137.7890989394415,126.32912151127906,5.7171071937018665,134.8195858001709,146.25380018757463,123.38537141276717,0.45697237918362504
AAPL,2021-07-15,145.14060974121094,148.47999572753906,150.0,147.08999633789062,149.24000549316406,106820300,78.12500763557713,68.93639743161955,61.78680932343222,140.03006793432004,133.53435821725137,131.5086642038636,143.1384809147088,138.32473314670537,4.813747768003424,96.0,0.0,98.0,10.0,16.342972281217666,-0.004492165607501986,34987.01953125,140.86769394647507,138.77205360049294,126.54426130038588,5.865969119120327,135.71547241210936,147.44741065035,123.9835341738687,0.3747635811496715
AAPL,2021-07-16,143.09764099121094,146.38999938964844,149.75999450683594,145.8800048828125,148.4600067138672,93251400,70.19370458009847,65.38048002098989,60.106048305600524,140.63577569197037,133.95585464913322,131.83572651563907,143.63871452623798,138.92216027581227,4.716554250425702,92.0,0.0,96.0,8.0,-3.587922875631839,-0.014075790046925274,34687.8515625,141.50391438802083,139.47511727469308,126.73741548073232,5.851806925529261,136.42905654907227,148.1326704001308,124.72544269801375,0.24947856081725187
AAPL,2021-07-19,139.24623107910156,142.4499969482422,144.07000732421875,141.6699981689453,143.75,121434600,58.19847005970695,59.391164283120396,57.11716613479315,140.80855866875817,134.23435111795644,132.06900718448748,143.45583489885402,139.18348151080707,4.272353388046952,88.0,0.0,94.0,6.0,11.455642004418406,-0.02691455907610618,33962.0390625,141.5029817127046,139.74341961088635,126.89064915101919,5.48889217573467,137.01507415771485,147.9928585091842,126.03728980624551,0.1320420241598306
AAPL,2021-07-20,142.86302185058594,146.14999389648438,147.10000610351562,142.9600067138672,143.4600067138672,96350000,64.35816205393168,62.71726064699541,59.06761785579116,141.31726678568447,134.62502793036717,132.37847941991598,143.87032089848947,139.6995194653017,4.170801433187762,84.0,4.0,92.0,4.0,20.946533723810084,0.025974065821787296,34511.98828125,141.91288350423176,140.3003670102074,127.07854761607611,5.322840242569006,137.69199981689454,148.33768030203254,127.04631933175652,0.15204947934951507
AAPL,2021-07-21,142.1298828125,145.39999389648438,146.1300048828125,144.6300048828125,145.52999877929688,74993500,62.35245268329181,61.65570014815712,58.517100004318635,141.70609793909398,134.97830550302675,132.66466655126914,144.1056552058733,140.1217768305745,3.9838783752987865,80.0,0.0,90.0,2.0,0.28067651196251586,-0.005131762079432223,34798.0,142.13361307779948,140.7230225335984,127.25769547799334,5.163406422746398,138.2501579284668,148.5769707739596,127.923345082974,0.11619771744146935
AAPL,2021-07-22,143.49844360351562,146.8000030517578,148.1999969482422,145.80999755859375,145.94000244140625,77338200,64.57204342970698,62.87224567362374,59.240702919460446,142.1912317593477,135.36590214396875,132.9753332875436,144.52017025908629,140.61646025436588,3.903710004720409,76.0,8.0,88.0,0.0,28.43847464551551,0.00962894476470555,34823.3515625,142.45824454171316,141.22285926455544,127.4488592028262,4.967207398085484,138.89042892456055,148.8248437207315,128.9560141283896,0.09200080559423644
AAPL,2021-07-23,145.21881103515625,148.55999755859375,148.72000122070312,146.9199981689453,147.5500030517578,71447400,67.19068011577286,64.34685437636145,60.13273140597335,142.7977808830854,135.79849543625153,133.31785338141282,145.1416821513182,141.20487042504942,3.936811726268786,72.0,4.0,86.0,8.0,3.9824773325959453,0.011988753246648276,35061.55078125,142.9235374813988,141.8255623227074,127.6556396769054,4.734792178529131,139.63089294433593,149.1004773013942,130.16130858727766,0.04619134027966523
AAPL,2021-07-26,145.63912963867188,148.99000549316406,149.8300018310547,147.6999969482422,148.27000427246094,72434100,67.8165779494824,64.70205943801508,60.34907135624805,143.38751656023575,136.23100396270766,133.6622962849678,145.73373189621756,141.7815470967616,3.9521847994559494,68.0,0.0,84.0,6.0,2.331610243601281,0.002894381247990463,35144.30859375,143.36481032598587,142.39777534121558,127.86485386521069,4.349654862504208,140.40703430175782,149.10634402676624,131.7077245767494,0.1369536058295674
AAPL,2021-07-27,143.46908569335938,146.77000427246094,149.2100067138672,145.5500030517578,149.1199951171875,104818600,61.31325673893976,61.42552774805702,58.67176182946864,143.70965824711433,136.57654495647006,133.9503777791984,145.89315841563962,142.1510624431097,3.74209597252991,64.0,0.0,82.0,4.0,68.75930788761465,-0.014900143599431925,35058.51953125,143.4518560500372,142.68939928327288,128.05079902117527,3.886636693304523,140.99304962158203,148.76632300819108,133.21977623497298,-0.010488549347844598
AAPL,2021-07-28,141.71934509277344,144.97999572753906,146.97000122070312,142.5399932861328,144.80999755859375,118931200,56.60015536699288,58.93016695313485,57.360071340168524,143.83064276905955,136.85206793257066,134.1927869648762,145.75267184823952,142.36061305677114,3.392058791468372,60.0,8.0,80.0,2.0,84.22922078626188,-0.012195941670149812,34930.9296875,143.28512195405506,142.7585702805292,128.21775990652208,3.4353099771583415,141.41582260131835,148.28644255563503,134.54520264700167,-0.0396728234062561
AAPL,2021-07-29,142.36448669433594,145.63999938964844,146.5500030517578,144.5800018310547,144.69000244140625,56699500,57.88558765128671,59.55835391923352,57.71573243036815,144.00296244721088,137.1401968328027,134.44437405113493,145.73533762384088,142.6035305629102,3.1318070609306687,56.0,4.0,78.0,0.0,-10.37267591295798,0.004552247973910406,35084.53125,143.1882081531343,142.84891924176898,128.38975003370598,2.944517284875411,141.84006042480468,147.7290949945555,135.95102585505384,0.019433645877703312
AAPL,2021-07-30,142.57952880859375,145.86000061035156,146.3300018310547,144.11000061035156,144.3800048828125,70440600,58.328636786378205,59.77105386537519,57.83535434203312,144.17982322465284,137.42609203862398,134.69526694254628,145.75451654484252,142.84475056642438,2.909765978418136,52.0,0.0,76.0,18.0,34.20887173292586,0.00151050391323726,34935.46875,143.11503237769716,142.91934480212984,128.56281727577323,2.329678626706855,142.2598991394043,146.919256392818,137.6005418859906,0.15390281468210032
AAPL,2021-08-02,142.2471923828125,145.52000427246094,146.9499969482422,145.25,146.36000061035156,62880000,57.324936978935966,59.27144200496014,57.57848015128964,144.30745951492025,137.69146621022517,134.93317325748944,145.7184377337069,143.0429175076123,2.675520226094619,48.0,0.0,74.0,16.0,-20.256275633270178,-0.0023308845846123916,34838.16015625,142.9848842075893,142.91813463483538,128.7313446823044,1.9462094120205053,142.53164672851562,146.42406555255664,138.6392279044746,0.1757894829721089
AAPL,2021-08-03,144.0458221435547,147.36000061035156,148.0399932861328,145.17999267578125,145.80999755859375,64786600,61.21481835692998,61.09654788487357,58.59409058205907,144.59817771448513,138.00846733809817,135.20629034216773,145.97098586857533,143.36270144114854,2.6082844274267813,44.0,0.0,72.0,14.0,-40.113216825750726,0.01264439551047003,35116.3984375,143.09567042759485,143.06234181722004,128.9165567874434,1.7646329179204903,142.79264297485352,146.3219088106945,139.26337713901253,0.13868595072516318
AAPL,2021-08-04,143.64501953125,146.9499969482422,147.7899932861328,146.27999877929688,147.27000427246094,56368300,59.90444608384105,60.4703457876696,58.27684204286722,144.82216049865247,138.3016322433488,135.46439378405947,146.12160295775485,143.6284270342666,2.493175923488252,40.0,4.0,70.0,12.0,-46.27066978294106,-0.002782466067674294,34792.671875,143.1696803501674,143.14352053687685,129.09645597771032,1.7388396492298563,142.90896530151366,146.38664459997338,139.43128600305394,0.13092800849098266
AAPL,2021-08-05,143.7525634765625,147.05999755859375,147.83999633789062,146.1699981689453,146.97999572753906,46397700,60.15093442191745,60.58276323257578,58.33860228566761,145.03528783769448,138.58879176188142,135.71924221866462,146.2659713578839,143.88261744347602,2.383353914407877,36.0,0.0,68.0,10.0,-56.05258795838049,0.0007486785526114037,35064.25,143.27227318173362,143.22386322021484,129.2760385830248,1.6076686429116516,143.0956687927246,146.3110060785479,139.8803315069013,0.10229627137822155
AAPL,2021-08-06,143.0672607421875,146.13999938964844,147.11000061035156,145.6300048828125,146.35000610351562,54126800,57.71605219404225,59.465219598755986,57.78244432701916,145.1404984616901,138.836372339841,135.94826984879614,146.24659105507845,144.0498309209703,2.1967601341081604,32.0,0.0,66.0,8.0,-45.81402891958018,-0.004767238355973591,35208.51171875,143.27725495837984,143.22115769159225,129.4472631137525,1.5806886155646218,143.1567123413086,146.31808957243786,139.99533511017935,0.05205228410399995
AAPL,2021-08-09,143.01832580566406,146.08999633789062,146.6999969482422,145.52000427246094,146.1999969482422,48908700,57.536948865369276,59.384101748183106,57.74233485303752,145.23092683085204,139.074196077482,136.17116493646856,146.2224995601265,144.20095428518664,2.0215452749398537,28.0,0.0,64.0,6.0,-35.899223719097186,-0.0003420414724485399,35101.8515625,143.23932131812685,143.2079780215309,129.61656972401178,1.5165881292139312,143.24512176513673,146.2782980235646,140.21194550670887,0.017636420884364176
AAPL,2021-08-10,142.53860473632812,145.60000610351562,147.7100067138672,145.3000030517578,146.44000244140625,69023100,55.71175774185543,58.571820991466865,57.34415079286007,145.26607723777238,139.2881570619421,136.3783922148652,146.12673133603252,144.304587753211,1.8221435828215249,24.0,4.0,62.0,4.0,-31.543106962314692,-0.0033542629354211817,35264.671875,143.13594578334263,143.14069068545388,129.77964344764823,1.5117588893182896,143.25382766723632,146.2773454458729,140.23030988859975,0.08912688082618217
AAPL,2021-08-11,142.7931671142578,145.86000061035156,146.72000122070312,145.52999877929688,146.0500030517578,48493500,56.50032303977263,58.88133101225611,57.50283322829662,145.3226413684942,139.5036273422178,136.5867792125682,146.0856958397739,144.4198035204066,1.665892319367316,20.0,0.0,60.0,2.0,-61.83140916861601,0.0017859188280997529,35484.96875,143.06261930919828,143.09681825183688,129.94376025337485,1.3902676373512557,143.10370864868165,145.88424392338416,140.32317337397913,0.0852110437136513
AAPL,2021-08-12,145.75946044921875,148.88999938964844,149.0500030517578,145.83999633789062,146.19000244140625,72282600,64.44467430634052,62.28614896038713,59.30297507631285,145.66238975146126,139.81137724541225,136.85717965602052,146.5171271551392,144.75092914035042,1.7661980147887846,16.0,24.0,58.0,0.0,-32.33252481035908,0.02077335628102861,35499.8515625,143.39151553199406,143.34974699474517,130.13585551551324,1.44384247429937,143.13465118408203,146.02233613268078,140.24696623548328,0.16983988867283825
AAPL,2021-08-13,145.9650421142578,149.10000610351562,149.44000244140625,148.27000427246094,148.97000122070312,59375000,64.92281108926151,62.50927141467469,59.4245249666673,145.98978178499027,140.11592245387465,137.12625276475666,146.9144931471971,145.07308298947376,1.8414101577233453,12.0,20.0,56.0,0.0,-36.328033680995674,0.0014104173026263656,35515.37890625,143.74267360142298,143.61930803571428,130.32831237299524,1.5762644769475884,143.27802124023438,146.43055019412955,140.1254922863392,0.10609347383381858
AAPL,2021-08-16,147.94253540039062,151.1199951171875,151.19000244140625,146.47000122070312,148.5399932861328,103296000,69.21173231474076,64.59851366107466,60.580135777823884,146.4783735309138,140.47671172152425,137.43380754173316,147.56149345027256,145.52100240634147,2.040491043931098,96.0,16.0,98.0,0.0,-14.936929013641912,0.013547718395373609,35625.3984375,144.3543935139974,144.0635474795387,130.53882656913493,1.6047406632408963,143.71283645629882,146.9223177827806,140.50335512981704,0.25093442283970424
AAPL,2021-08-17,147.03213500976562,150.19000244140625,151.67999267578125,149.08999633789062,150.22999572753906,92229700,65.25583731581834,62.92435964833151,59.78030619993504,146.83186199857977,140.7951802697171,137.71416347359408,147.9658794489085,145.8668542607907,2.099025188117821,96.0,12.0,98.0,4.0,-4.276388168137,-0.006153743331227202,35343.28125,144.8021224248977,144.37967115129743,130.738303134216,1.7525191210786506,143.92129211425782,147.42633035641512,140.41625387210053,0.17889259988084705
AAPL,2021-08-18,143.2826385498047,146.36000061035156,150.72000122070312,146.14999389648438,149.8000030517578,86326000,52.058607508285675,56.653404746859636,56.63771850594205,146.7869228187485,140.97763339563954,137.90418187220413,147.7188211660536,145.90338362001742,1.8154375460361791,92.0,8.0,96.0,2.0,15.11130964683606,-0.025501203935533567,34960.69140625,144.6993204752604,144.3188470023019,130.89873703192717,1.7089151825931361,143.97892990112305,147.39676026630931,140.5610995359368,0.027284150289279864
AAPL,2021-08-19,143.61550903320312,146.6999969482422,148.0,144.5,145.02999877929688,86960300,52.96798463001677,57.04749885039465,56.84323864239443,146.77864416441457,141.16525187277404,138.09749648925992,147.562078978698,145.96239201470075,1.599686963997243,88.0,4.0,94.0,0.0,12.441587727668862,0.002323173880433016,34894.12109375,144.6321569533575,144.28423549107143,131.0606227464818,1.707382628376562,143.98478317260742,147.39954842936055,140.5700179158543,0.08647193045934108
AAPL,2021-08-20,145.07420349121094,148.19000244140625,148.5,146.77999877929688,147.44000244140625,60549600,56.832246563045494,58.7517507237531,57.73890441328499,146.91305923841378,141.39557156354886,138.31930980688952,147.6586825883454,146.12740019445673,1.531282393888688,84.0,0.0,92.0,0.0,-15.252899335735101,0.01015694243489107,35120.078125,144.74961954752604,144.38798980712892,131.23514159055492,1.7021800209686235,143.97755279541016,147.38191283734741,140.5731927534729,0.1222393572019598
AAPL,2021-08-23,146.5622100830078,149.7100067138672,150.19000244140625,147.88999938964844,148.30999755859375,60131800,60.406022385272344,60.413359430371486,58.63256009792153,147.17943518845695,141.66817599470681,138.56965479385607,147.97427091534877,146.3927784551538,1.5814924601949656,80.0,24.0,90.0,0.0,-16.984127641538997,0.010256865493575074,35335.7109375,145.03855910528273,144.63414764404297,131.422593473368,1.7610991105264275,144.02370681762696,147.54590503867982,140.5015085965741,0.17238907988677962
AAPL,2021-08-24,146.47410583496094,149.6199951171875,150.86000061035156,149.14999389648438,149.4499969482422,48606400,60.088818715978185,60.26429652175675,58.557746637154914,147.41186946738367,141.92889137577174,138.81251941634687,148.2274592540932,146.63183154123038,1.5956277128628074,76.0,20.0,88.0,2.0,-53.62807745953485,-0.000601138915665711,35366.26171875,145.29178583054315,144.86751897902715,131.60743992591972,1.8378086910766236,144.17395782470703,147.84957520686027,140.4983404425538,0.21476784127212892
AAPL,2021-08-25,145.24058532714844,148.36000061035156,150.32000732421875,147.8000030517578,149.80999755859375,58991300,55.680290128135006,58.18002497122472,57.5094041072927,147.50216767147583,142.13974741624978,139.02235416786345,148.2478502319791,146.75984406486901,1.4880061671100862,72.0,16.0,86.0,0.0,-50.39880199644836,-0.008421423710224696,35405.5,145.35359947567895,144.96910255068823,131.77848560276317,1.7571790916233003,144.3500198364258,147.8643780196724,140.8356616531792,0.15958630795924092
AAPL,2021-08-26,144.43785095214844,147.5399932861328,149.1199951171875,147.50999450683594,148.35000610351562,48597200,52.957360031911485,56.853035071095924,56.833749767816045,147.50577011096698,142.31680465788529,139.20955502760563,148.13894916338737,146.81763289607372,1.321316267313648,68.0,12.0,84.0,4.0,-14.28989673630279,-0.0055269288070677325,35213.12109375,145.2942102341425,144.9774674188523,131.9400717580615,1.693894909435165,144.4536880493164,147.84147786818673,141.0658982304461,0.036350095649023834
AAPL,2021-08-27,145.47557067871094,148.60000610351562,148.75,146.8300018310547,147.47999572753906,55802400,55.95593746497879,58.13320010158706,57.492518851952205,147.60998306263826,142.52281126266004,139.4159385677355,148.20988100033017,146.94966054106942,1.2602204592607507,64.0,8.0,82.0,2.0,-20.780913280125382,0.007184541446177306,35455.80078125,145.3601303827195,145.07478957403274,132.11043641275435,1.648424090217774,144.59849014282227,147.89533832325782,141.30164196238673,0.07179715937277208
AAPL,2021-08-30,149.9005126953125,153.1199951171875,153.49000549316406,148.61000061035156,149.0,90956700,65.92885994409934,62.98907437374776,60.139398356599024,148.1347461154525,142.87025991362816,139.7171266237674,148.9652831721544,147.4067223615226,1.558560810631775,96.0,4.0,98.0,0.0,44.651240458015266,0.030417079623452636,35399.83984375,145.99264046805246,145.57974410284135,132.32321467613107,1.9369389040659208,144.98115615844728,148.85503396657913,141.10727835031543,0.12774533705307897
AAPL,2021-08-31,148.63766479492188,151.8300018310547,152.8000030517578,151.2899932861328,152.66000366210938,86453100,61.63922450613197,60.898609973197736,59.06827261268613,148.48667523122413,143.16402194370772,139.9833436612902,149.4060091196775,147.73437269259907,1.6716364270784254,92.0,0.0,96.0,0.0,33.44287244584528,-0.008424573590068318,35360.73046875,146.38665742420014,145.9279830206008,132.52176211798368,2.0865971894078568,145.21074829101562,149.38394266983133,141.0375539121999,0.10289608395113704
AAPL,2021-09-01,149.30335998535156,152.50999450683594,154.97999572753906,152.33999633789062,152.8300018310547,80313700,63.005660072324694,61.59536456017813,59.45669019035407,148.8698484955681,143.47044727364633,140.25865466888462,149.8835453330865,148.08812245661662,1.7954228764698712,96.0,4.0,98.0,4.0,42.48025929467449,0.004478644032440693,35312.53125,146.8137718563988,146.31775556291853,132.7253174758076,2.241017060960244,145.4936653137207,149.9756994356412,141.0116311918002,0.23940704828450232
AAPL,2021-09-02,150.4193572998047,153.64999389648438,154.72000122070312,152.39999389648438,153.8699951171875,71115500,65.24098980029387,62.74935815337865,60.10431926374559,149.32510043851252,143.8042029006246,140.55296981674397,150.46299895822463,148.50011293364386,1.9628860245807687,92.0,0.0,96.0,2.0,53.27376141489773,0.0074746965812599875,35443.8203125,147.35593450637091,146.7868690854027,132.9383306729141,2.4541017310779787,145.8270050048828,150.73520846703877,140.91880154272684,0.1699086321205924
AAPL,2021-09-03,151.0557403564453,154.3000030517578,154.6300048828125,153.08999633789062,153.75999450683594,57808700,66.48461818136755,63.39971827716174,60.47172370047438,149.79890068739303,144.14832749574373,140.85510241531568,151.05330728030665,148.92973442387452,2.1235728564321334,88.0,52.0,94.0,0.0,6.802360383396025,0.004230725805936197,35369.08984375,147.94052618117558,147.28484388078962,133.15602432175064,2.6254060886586097,146.2264289855957,151.47724116291292,140.9756168082785,0.1620912547022913
AAPL,2021-09-07,153.39549255371094,156.69000244140625,157.25999450683594,154.38999938964844,154.97000122070312,82278300,70.64338977762394,65.68406244220196,61.79180364640628,150.45519609253714,144.55952995297855,141.2031221961089,151.92049115124505,149.50456909183984,2.4159220594052044,96.0,48.0,98.0,0.0,68.22835201099191,0.015489329910564953,35100.0,148.80743524460564,147.96761183965774,133.39527159353986,2.9618775377301674,146.74528732299805,152.66904239845837,140.82153224753773,0.1717681679554226
AAPL,2021-09-08,151.84866333007812,155.11000061035156,157.0399932861328,153.97999572753906,156.97999572753906,74420200,64.90905101923569,62.98876336852442,60.430377481433226,150.89851080851946,144.9054470237121,141.5087678755428,152.4111849141845,149.91978624135925,2.4913986728252553,92.0,44.0,96.0,0.0,7.819266303599809,-0.010083928790092678,35031.0703125,149.4074970063709,148.45364764985584,133.61721770177434,2.9973326840217536,147.21079025268554,153.20545562072905,141.21612488464203,0.0804180916164483
AAPL,2021-09-09,150.83053588867188,154.07000732421875,156.11000061035156,153.9499969482422,155.49000549316406,57305700,61.37750012836563,61.27256663371072,59.54918108329957,151.20055809572892,145.20592441061393,141.78483907221698,152.6663883618821,150.22721002527476,2.439178336607341,88.0,40.0,94.0,2.0,18.171919948034272,-0.006704882473631768,34879.37890625,149.79022725423178,148.79838532947358,133.82722988868827,2.911440777262854,147.61265869140624,153.43554024593195,141.78977713688053,0.08282320304752133
AAPL,2021-09-10,145.8377685546875,148.97000122070312,155.47999572753906,148.6999969482422,155.0,140893200,47.678064046949544,53.81584990792407,55.49951075260331,150.98812410763122,145.32933676504308,141.94275472383205,152.09771341708534,150.13408344715833,1.9636299699270126,84.0,36.0,92.0,0.0,94.91993923848892,-0.03310183382010612,34607.71875,149.43854064941405,148.62934817359562,133.98574713066444,2.9088688817700734,147.6165740966797,153.43431186021985,141.79883633313955,-0.10747926852465928
AAPL,2021-09-13,146.4055938720703,149.5500030517578,151.4199981689453,148.75,150.6300048828125,102404300,49.07033081551549,54.469361067787936,55.84796196543665,150.85116019754804,145.46771926624683,142.10994699477547,151.70575797626572,150.09081823268423,1.6149397435814876,80.0,32.0,90.0,0.0,72.4704,0.0038935409051454872,34869.62890625,149.15529203869048,148.5140167236328,134.148177918771,2.897349570847761,147.63860168457032,153.43330082626585,141.8439025428748,-0.17712767931194598
AAPL,2021-09-14,145.00563049316406,148.1199951171875,151.07000732421875,146.91000366210938,150.35000610351562,109296300,45.832189041735234,52.56752207082865,54.76904454179937,150.5910492375137,145.5546791302121,142.2420359644988,151.15410215179213,149.94483133524002,1.209270816552106,76.0,28.0,88.0,0.0,5.8088406133829,-0.009562226018013598,34577.5703125,148.68687322707405,148.2632575625465,134.29497800570815,2.95498639455057,147.49175643920898,153.40172922831013,141.58178365010784,-0.39515303973753463
AAPL,2021-09-15,145.89651489257812,149.02999877929688,149.44000244140625,146.3699951171875,148.55999755859375,83281300,48.17586878165616,53.63584551104668,55.32942250373446,150.44237776530255,145.66862403673946,142.39122196042842,150.82731701756208,149.8770659607257,0.9502510568363789,72.0,24.0,86.0,2.0,-9.70229763297506,0.0061437917712861,34814.390625,148.3512244814918,148.11132979620072,134.4490532376873,2.9751250246065832,147.43497543334962,153.3852254825628,141.48472538413645,-0.3338661950937681
AAPL,2021-09-16,145.66159057617188,148.7899932861328,148.97000122070312,147.22000122070312,148.44000244140625,68034100,47.59111350675993,53.30751122481709,55.14558396143908,150.28500781490544,145.7709640121294,142.53185429725707,150.5138825973422,149.796542058904,0.7173405384381795,68.0,20.0,84.0,0.0,-21.189328823297732,-0.0016102119819600968,34751.3203125,147.9780055454799,147.94243600027903,134.5991843623071,2.8450883896064783,147.55392303466797,153.24409981388092,141.86374625545503,-0.32159308081175897
AAPL,2021-09-17,142.98898315429688,146.05999755859375,148.82000732421875,145.75999450683594,148.82000732421875,129868800,41.43009635412091,49.71691366731556,53.09755507852333,149.8826258857329,145.78044052184956,142.60939590739633,149.8286695144578,149.51976098480694,0.30890852965086424,64.0,16.0,82.0,12.0,49.342631062680326,-0.018348058752505447,34584.87890625,147.23678429013208,147.50767982119606,134.72124676908427,2.8937680360189937,147.52259674072266,153.31013281276066,141.73506066868467,-0.3955656387259117
AAPL,2021-09-20,139.93458557128906,142.94000244140625,144.83999633789062,141.27000427246094,143.8000030517578,123478900,35.73619496902394,46.04145119843177,50.89335633006647,149.22142365293988,145.68731140445797,142.61666198506688,148.76887458014218,149.03237146307353,-0.2634968829313493,60.0,96.0,80.0,98.0,103.93016634296511,-0.021361069332956006,33970.46875,146.11199180966332,146.78501209077382,134.81175242789348,3.3195313228516743,147.26561584472657,153.90467849042992,140.62655319902322,-0.4135752092386764
AAPL,2021-09-21,140.41427612304688,143.42999267578125,144.60000610351562,142.77999877929688,143.92999267578125,75834000,37.19602209862881,46.683399635270476,51.21788002992519,148.66985879797238,145.6133009543374,142.6345373848628,147.94750813331743,148.61738044179262,-0.6698723084751919,56.0,92.0,78.0,96.0,26.112971838528033,0.003427962785607752,33919.83984375,145.1460716610863,146.13250354585193,134.90603580683617,3.6557287241139114,146.9582191467285,154.26967659495634,139.64676169850068,-0.4962620745189325
AAPL,2021-09-22,142.7834014892578,145.85000610351562,146.42999267578125,143.6999969482422,144.4499969482422,76404300,43.96615202251724,49.745610092186936,52.79019369101973,148.4013013985003,145.62106177890064,142.705207027031,147.62481551334793,148.4123897500684,-0.7875742367204737,52.0,88.0,76.0,94.0,57.18979393660094,0.016872396679486146,34258.3203125,144.57435288202194,145.73490186418806,135.0228666007578,3.772730195467468,146.77368392944337,154.3191443203783,139.22822353850842,-0.3984894912779528
AAPL,2021-09-23,143.7427520751953,146.8300018310547,147.0800018310547,145.63999938964844,146.64999389648438,64838200,46.481996221986314,50.92914156324776,53.41067423765548,148.25165382064833,145.6606991576598,142.79586185788867,147.5025364853028,148.29517583014146,-0.7926393448386477,48.0,84.0,74.0,92.0,9.911461520597104,0.006718922339230549,34764.8203125,144.19264235723585,145.44624168759302,135.14806588357953,3.819343776552059,146.69879226684571,154.33747981994983,139.0601047137416,-0.3561998806817456
AAPL,2021-09-24,143.8308868408203,146.9199981689453,147.47000122070312,145.55999755859375,145.66000366210938,53477900,46.71867694530412,51.038996680141494,53.46800549317178,148.12482947286708,145.7019876498331,142.88650221637343,147.4129152058632,148.193310818201,-0.7803956123378271,44.0,80.0,72.0,90.0,10.043171211510128,0.0006131423278921133,34798.0,143.88626985095797,145.17310783749534,135.2729898287645,3.840606835403069,146.6684440612793,154.34965773208543,138.98723039047317,-0.14400367422922203
AAPL,2021-09-27,142.31346130371094,145.3699951171875,145.9600067138672,143.82000732421875,145.47000122070312,74150700,43.17812041307725,49.077300687614,52.33653290950117,147.8624642961357,145.69110264876272,142.94108447792976,147.0986198076054,147.98417632182966,-0.8855565142242767,40.0,76.0,70.0,88.0,32.880843834673776,-0.010550067307787181,34869.37109375,143.44638206845238,144.7583475748698,135.38168886706603,3.9556617487879255,146.5103385925293,154.42166209010517,138.59901509495344,-0.10877275431290899
AAPL,2021-09-28,138.92623901367188,141.91000366210938,144.75,141.69000244140625,143.25,108972300,36.52413388312698,45.06749292048679,49.929841155907184,147.29556328337128,145.5671321901839,142.91842336109855,146.30037116983675,147.53423760629482,-1.2338664364580723,36.0,72.0,68.0,86.0,19.806787185550927,-0.023801137706927045,34299.98828125,142.66040780203684,144.03605237688336,135.4555075077038,4.213396488261048,145.96162490844728,154.38841788496939,137.53483193192517,-0.07739339055633938
AAPL,2021-09-29,139.82687377929688,142.8300018310547,144.4499969482422,142.02999877929688,142.47000122070312,74602000,39.20677785297387,46.2778010255769,50.54684582495053,146.87027171648398,145.47739021119605,142.91648003076793,145.76646819463951,147.18577569701776,-1.4193075023782455,32.0,68.0,66.0,84.0,-13.708126140069007,0.006482826944853581,34390.71875,142.11758887881325,143.45179036458333,135.537350291162,4.37633570229874,145.521085357666,154.2737567622635,136.76841395306852,-0.0841007947974572
AAPL,2021-09-30,138.52484130859375,141.5,144.3800048828125,141.27999877929688,143.66000366210938,89056700,36.786314697897836,44.79803563013391,49.64438849053162,146.35881726729505,145.3469839747634,142.88534860152026,145.11008847238728,146.76460712686827,-1.654518654480995,28.0,64.0,64.0,82.0,10.8860630253618,-0.00931174698762316,33843.921875,141.50596240815662,142.78548140752883,135.605215086676,4.546409662676933,144.98215942382814,154.074978749182,135.88934009847426,-0.17900996201923514
AAPL,2021-10-01,139.65066528320312,142.64999389648438,142.9199981689453,139.11000061035156,141.89999389648438,94639600,40.22273836664062,46.33668820831213,50.42532388368763,146.00559599388453,145.2585580705575,142.88017597064035,144.73161238378682,146.45982096165466,-1.7282085778678322,24.0,96.0,62.0,98.0,33.07872404750019,0.00812723525956871,34326.4609375,141.11409272693453,142.27772006080264,135.68329390606476,4.50608038472424,144.44372482299804,153.45588559244652,135.43156405354955,-0.03884594257061298
AAPL,2021-10-04,136.21449279785156,139.13999938964844,142.2100067138672,138.27000427246094,141.75999450683594,98322000,34.12513565478788,42.580117066454335,48.10200512207213,145.35172965062395,145.0579495892162,142.79797428754162,143.87136423084246,145.91761195632085,-2.046247725478395,20.0,96.0,60.0,98.0,70.08166590841863,-0.024605485970175756,34002.921875,140.3283993675595,141.49398367745536,135.72643345087914,4.581305416654611,143.70166244506837,152.8642732783776,134.53905161175913,-0.10504315220882024
AAPL,2021-10-05,138.1430206298828,141.11000061035156,142.24000549316406,139.36000061035156,139.49000549316406,80861100,39.654416155170054,45.16743848657336,49.43621621734936,144.9477554563123,144.9285086390895,142.76087596496603,143.44653905845925,145.56149259736017,-2.11495353890092,16.0,92.0,58.0,96.0,-1.7224468663061827,0.014158022339761489,34314.671875,139.8835681733631,140.96458921886625,135.78818138464175,4.129961697016552,142.93903884887695,151.19896224291006,134.67911545484384,-0.023696453097455408
AAPL,2021-10-06,139.01431274414062,142.0,142.14999389648438,138.3699951171875,139.47000122070312,83221100,42.0221535016837,46.30110564289862,50.02847076734651,144.6670168414254,144.83249196239805,142.74415341628546,143.22399458792705,145.29767833088903,-2.0736837429619754,12.0,88.0,56.0,94.0,11.825955856071335,0.0063071743348670495,34416.98828125,139.62875206356958,140.59080578031995,135.8579651463447,3.640858253436333,142.29732131958008,149.57903782645275,135.0156048127074,0.016853776066641447
AAPL,2021-10-07,140.27720642089844,143.2899932861328,144.22000122070312,142.72000122070312,143.05999755859375,61732700,45.36812201210153,47.91962683493836,50.87943079569152,144.53587174092135,144.7819182353074,142.75614989694142,143.23414823380486,145.14896092016633,-1.914812686361472,8.0,84.0,54.0,92.0,7.725235011525903,0.009084630581041031,34754.94140625,139.60562918526784,140.3984138852074,135.93953902818672,3.056981679521222,141.7696548461914,147.88361820523386,135.65569148714894,0.018569844492990265
AAPL,2021-10-08,139.89540100097656,142.89999389648438,144.17999267578125,142.55999755859375,144.02999877929688,58773200,44.531390719206705,47.47103505107345,50.6135405143729,144.38007385097498,144.72021579796893,142.75931130352478,143.1827398742171,144.98237077026397,-1.7996308960468639,4.0,80.0,52.0,90.0,-58.28528275317758,-0.0027217922972908593,34746.25,139.55742536272322,140.21991351899646,136.0165511435893,2.926784606405196,141.47253646850587,147.32610568131625,135.61896725569548,-0.06584126970409292
AAPL,2021-10-11,139.80726623535156,142.80999755859375,144.80999755859375,141.80999755859375,142.27000427246094,64452200,44.32815282250523,47.364891438208026,50.55131453194798,144.23054277551012,144.65758569175992,142.76042528715269,143.12539490258274,144.8214542360662,-1.696059333483447,0.0,76.0,50.0,88.0,-37.06104138205134,-0.0006300047392150399,34496.05859375,139.49784342447916,140.06131635393416,136.0921195277883,2.7049318284629904,141.14262008666992,146.5524837435959,135.73275642974394,-0.04191056179704605
AAPL,2021-10-12,138.5346221923828,141.50999450683594,143.25,141.0399932861328,143.22999572753906,73035900,41.390607269130015,45.83037160609869,49.65187022992369,143.9714429403983,144.5543859807788,142.7329432919809,142.87687176477556,144.57616092278985,-1.6992891580142953,0.0,72.0,48.0,86.0,-33.17623743896179,-0.009102846205621296,34378.33984375,139.27435666038878,139.8129356020973,136.1544178054582,2.6036570831943577,140.81906967163087,146.0263838380196,135.61175550524214,-0.056617863035947236
AAPL,2021-10-13,137.94723510742188,140.91000366210938,141.39999389648438,139.1999969482422,141.24000549316406,78762700,40.07072762193228,45.13053262356121,49.23925555644801,143.679877294847,144.43489803590438,142.69287868473097,142.5742766720577,144.304593718295,-1.7303170462373032,0.0,68.0,46.0,84.0,-5.425707811957786,-0.004240002070711513,34377.80859375,139.01301618303572,139.5394275483631,136.21037673039223,2.38536111431267,140.42160568237304,145.1923279109984,135.6508834537477,-0.08166986825421875
AAPL,2021-10-14,140.73728942871094,143.75999450683594,143.8800048828125,141.50999450683594,142.11000061035156,69907100,48.47538873049204,48.96902884471389,51.20464982662797,143.6875075055126,144.41277005134475,142.71633177972228,142.75669480048512,144.2642530359647,-1.5075582354795927,0.0,64.0,44.0,82.0,2.7530312005303226,0.02022551825062968,34912.55859375,139.17887834821428,139.56949266706195,136.29386071997496,2.046033167384893,140.175390625,144.2674569597698,136.08332429023022,0.05565628127114425
AAPL,2021-10-15,141.79461669921875,144.83999633789062,144.89999389648438,143.50999450683594,143.77000427246094,67940300,51.264756632186874,50.33448071150001,51.92445770171979,143.79726834669145,144.42677747057576,142.76300572605564,143.07720272931675,144.30690068795923,-1.2296979586424754,0.0,60.0,42.0,80.0,-47.68543329883698,0.007512772732797268,35294.76171875,139.51518031529017,139.7237046741304,136.38740167190778,1.9758149193608021,140.11567230224608,144.06730214096768,136.16404246352448,0.07392385445735387
AAPL,2021-10-18,143.46865844726562,146.5500030517578,146.83999633789062,143.16000366210938,143.4499969482422,85589200,55.383182024497586,52.424623306415064,53.043545668384745,144.0594335566978,144.49639142405712,142.84623643651062,143.611479702,144.47305641861098,-0.8615767166109833,0.0,56.0,40.0,78.0,-30.68516159441006,0.011806102283826059,35258.609375,140.07962922595797,140.04303668794176,136.4970276960686,2.1120990737046235,140.29237594604493,144.51657409345418,136.06817779863567,0.30694135372629094
AAPL,2021-10-19,145.63221740722656,148.75999450683594,149.1699981689453,146.5500030517578,147.00999450683594,76378900,60.07866483805175,54.96483223173169,54.442102384006525,144.5071060281395,144.63618168906626,142.97620914135294,144.40355890274398,144.79060738810912,-0.3870484853651419,0.0,52.0,38.0,76.0,0.7185431336867368,0.015080359594748627,35457.30859375,140.88929152715775,140.5515930175781,136.62747639290728,2.426780291281337,140.55327301025392,145.40683359281658,135.69971242769125,0.3155508192287078
AAPL,2021-10-20,146.12167358398438,149.25999450683594,149.75,148.1199951171875,148.6999969482422,58418800,61.076644512868285,55.52198202523338,54.75319642637027,144.95976207372965,144.787782109321,143.11431431422068,145.15070284183506,145.1216731006074,0.0290297412276459,96.0,48.0,36.0,74.0,-23.53990547652423,0.0033609058865673447,35609.33984375,141.70892566499256,141.08191688174293,136.7618233778465,2.6888894004443302,140.72018661499024,146.0979654158789,135.3424078141016,0.2574244099408739
AAPL,2021-10-21,146.33705139160156,149.47999572753906,149.63999938964844,147.8699951171875,148.80999755859375,61421000,61.53234985310825,55.77167257781883,54.891504465861004,145.39026051694958,144.94162517877078,143.25421940022767,145.81674790117412,145.44451181371346,0.3722360874606636,92.0,44.0,34.0,72.0,-5.27034988633244,0.0014739620915538154,35603.078125,142.48492606026787,141.61685638427736,136.89739471435547,2.89690530393141,140.84990158081055,146.64371218867336,135.05609097294774,0.2738982498872044
AAPL,2021-10-22,145.56369018554688,148.69000244140625,150.17999267578125,148.63999938964844,149.69000244140625,58883400,58.8672486943191,54.62968577481937,54.283533297480055,145.70452165261213,145.06452279393915,143.37368715937447,146.25878706120983,145.6849185268759,0.5738685343339398,96.0,40.0,32.0,70.0,10.107913736328465,-0.005284794238372026,35677.01953125,143.09413176037017,142.06578863234748,137.0241277047532,3.0142865611088316,140.93654174804686,146.96511487026453,134.9079686258292,0.28067724227902674
AAPL,2021-10-25,145.5146942138672,148.63999938964844,149.3699951171875,147.6199951171875,148.67999267578125,50720600,58.69380236297901,54.55629110629211,54.24469260009312,145.9840909609013,145.18175153478208,143.48943028531457,146.62512741943115,145.90381340559978,0.7213140138313747,92.0,36.0,30.0,68.0,-31.59794850217193,-0.00033659473469815904,35741.1484375,143.6077646891276,142.50180315290177,137.14947785980073,3.172113058874979,141.0966033935547,147.44082951130466,134.75237727580472,0.26984832074026743
AAPL,2021-10-26,146.1803741455078,149.32000732421875,150.83999633789062,149.00999450683594,149.3300018310547,60893400,60.40093054952396,55.40052906385562,54.69411277505442,146.30179728121726,145.31743205246852,143.61757483562013,147.03972432786,146.15686480697897,0.882859520881027,96.0,32.0,28.0,66.0,-44.12029479051098,0.004574657805089144,35756.87890625,144.13994852701822,142.98597179594495,137.2806136003181,3.322070087023438,141.45931015014648,148.10345032419335,134.8151699760996,0.35707404258068876
AAPL,2021-10-27,145.7203369140625,148.85000610351562,149.72999572753906,148.49000549316406,149.36000061035156,56094900,58.59853593937506,54.67261065700405,54.31788110683095,146.54448383572185,145.43325415250283,143.73257332502442,147.3182292164224,146.3563567548706,0.961872461551792,92.0,28.0,26.0,64.0,-24.8077799522801,-0.0031470519495824245,35490.69140625,144.54254586356026,143.39178386869884,137.40615181766339,3.4292986761199065,141.75398330688478,148.6125806591246,134.89538595464495,0.3652880116835255
AAPL,2021-10-28,149.36209106445312,152.57000732421875,153.1699981689453,149.72000122070312,149.82000732421875,100077900,66.99487485414664,59.08582019974317,56.72261667834473,147.1183432155787,145.6672460597722,143.92680264368803,148.12619507916028,146.8166271674149,1.3095679117453756,96.0,24.0,24.0,62.0,12.375486628181822,0.024991392605263618,35730.48046875,145.37887108212425,144.11636555989583,137.56692051636045,3.734796163555157,142.29584579467775,149.76543812178807,134.82625346756743,0.3990440249368293
AAPL,2021-10-29,146.6503143310547,149.8000030517578,149.94000244140625,146.41000366210938,147.22000122070312,124953200,57.62352645839778,54.95409458386356,54.541082256763666,147.3737393904529,145.80274628901762,144.05588397133792,148.38370399802145,147.03761797366252,1.3460860243589252,92.0,20.0,22.0,60.0,32.03056648591076,-0.018155722875011437,35819.55859375,145.76346711658297,144.5310768490746,137.69962062095527,3.801246383124872,142.6458282470703,150.24832101332007,135.04333548082056,0.42751869600807446
AAPL,2021-11-01,145.8280029296875,148.9600067138672,149.6999969482422,147.8000030517578,148.99000549316406,74588300,55.10626378889271,53.77165687420185,53.89965398823843,147.5248124688733,145.90626302425858,144.16366688875613,148.47236595430542,147.18001713960362,1.2923488147017963,88.0,16.0,20.0,58.0,-24.138748194707187,-0.00560729382080194,35913.83984375,145.97324974423364,144.83414110456195,137.82309171116768,3.544329707521332,143.12650375366212,150.21516316870478,136.03784433861946,0.31608763118193295
AAPL,2021-11-02,146.86569213867188,150.02000427246094,151.57000732421875,148.64999389648438,148.66000366210938,69122000,57.622107888993476,55.037709895512336,54.58736497040803,147.7624497835007,146.0411397864947,144.2923776004859,148.71046415709858,147.3903865568523,1.320077600246293,84.0,12.0,18.0,56.0,-14.51761106391083,0.00711584324092196,36052.62890625,146.2519301641555,145.19025428408668,137.95579636075604,3.4337746934167397,143.56263732910156,150.43018671593504,136.6950879422681,0.29360008379595687
AAPL,2021-11-03,148.30479431152344,151.49000549316406,151.97000122070312,149.82000732421875,150.38999938964844,54511500,60.89505276754051,56.74156615233035,55.52623171524704,148.11745508918293,146.2197911211396,144.45056722450082,149.13808590110864,147.69406203361612,1.4440238674925183,80.0,8.0,16.0,54.0,-34.497981881998676,0.009798763427286694,36157.578125,146.63755318777902,145.64188828241257,138.10171055276595,3.414446924358132,144.02716140747071,150.85605525618698,137.19826755875445,0.3111426545609848
AAPL,2021-11-04,147.7859344482422,150.9600067138672,152.42999267578125,150.63999938964844,151.5800018310547,60394600,59.12211919396267,55.94883073847333,55.10708404391243,148.3881742915338,146.3752080258192,144.59363182866272,149.4183814107638,147.93598386178286,1.4823975489809413,76.0,4.0,14.0,52.0,-2.167570833610064,-0.0034986047867835435,36124.23046875,146.88192342122395,145.99986666724794,138.2414840834888,3.393163953778385,144.4025978088379,151.18892571639466,137.61626990128113,0.25249043045022457
AAPL,2021-11-05,148.3153533935547,151.27999877929688,152.1999969482422,150.05999755859375,151.88999938964844,65463900,60.389352220242834,56.59056429625709,55.45716624055912,148.66358614751124,146.53602083740864,144.7405849484569,149.7047840828458,148.1836886704876,1.5210954123581928,72.0,0.0,12.0,50.0,11.383930090585505,0.0035823364874951746,36327.94921875,147.1398226783389,146.3725100562686,138.3858080318318,3.3261936837414807,144.8235954284668,151.47598279594976,138.17120806098384,0.26299720501779295
AAPL,2021-11-08,147.49185180664062,150.44000244140625,151.57000732421875,150.16000366210938,151.41000366210938,55020900,57.408150842336276,55.2912537118376,54.779140302131246,148.8327686516917,146.66402023426102,144.86584687137886,149.8178945995474,148.350823023889,1.4670715756583945,68.0,4.0,10.0,48.0,-14.633014854419244,-0.00555236911130097,36432.21875,147.24176272437685,146.62662971133278,138.5213008155633,3.1557058995890026,145.20782470703125,151.51923650620927,138.89641290785323,0.22540371670497292
AAPL,2021-11-09,147.85455322265625,150.80999755859375,151.42999267578125,150.05999755859375,150.1999969482422,56787900,58.38263550994825,55.75524499772785,55.02625943966438,149.02107616663477,146.79995391702602,144.99648754582316,149.97052582401608,148.53298410053378,1.4375417234822976,64.0,0.0,8.0,46.0,-22.246593798392297,0.002459128498102592,36319.98046875,147.37435215541294,146.87869909377326,138.6599930568714,2.7847479247423266,145.67382125854493,151.2433171080296,140.10432540906027,0.2584486046555377
AAPL,2021-11-10,145.02117919921875,147.9199981689453,150.1300048828125,147.85000610351562,150.02000427246094,65187100,48.95896518060965,51.43117511658833,52.72932622354568,148.91621159542626,146.83667667938403,145.06074052655111,149.65506003092827,148.48757773523096,1.1674822956973117,60.0,16.0,6.0,44.0,-17.236077483377287,-0.01916325173409228,36079.94140625,147.11265476771763,146.81654270717075,138.77007660063938,2.122131164890123,146.02751846313475,150.271780792915,141.7832561333545,0.17741977324655198
AAPL,2021-11-11,144.97216796875,147.8699951171875,149.42999267578125,147.67999267578125,148.9600067138672,41000000,48.81219389518754,51.35972291534829,52.690504362144154,148.81657193083208,146.87055597242676,145.12248238568597,149.38043465958353,148.44183087463514,0.9386037849483841,56.0,12.0,4.0,42.0,-41.35073547608183,-0.0003379591225184386,35921.23046875,146.85695466541108,146.71603313627696,138.87934418559666,1.7441014057290396,146.23926239013673,149.7274652015948,142.75105957867865,0.010828429062403016
AAPL,2021-11-12,147.0506134033203,149.99000549316406,150.39999389648438,147.47999572753906,148.42999267578125,63804000,54.976395493283675,54.16042574033845,54.15123037807674,148.92832750819704,146.97283300589356,145.22946091552063,149.4742147878267,148.55651047600765,0.9177043118190511,52.0,8.0,2.0,40.0,-6.088139145691144,0.014336858334203395,36100.30859375,146.88401416596912,146.79330466134206,139.00872604370116,1.40146623665092,146.5020622253418,149.30499469864364,143.69912975203997,-0.03829344078839828
AAPL,2021-11-15,147.06045532226562,150.0,151.8800048828125,149.42999267578125,150.3699951171875,59222800,55.004027333045435,54.173383329557716,54.15806946975781,149.0303915550354,147.07208438274952,145.33430792836634,149.55510482046873,148.663435625933,0.8916691945357229,48.0,4.0,0.0,38.0,-30.805755866394357,6.692878538583358e-05,36087.44921875,146.8977581205822,146.8464849562872,139.1372869599755,1.209246367463736,146.6816520690918,149.10014480401927,144.26315933416433,-0.05335170919266052
AAPL,2021-11-16,148.04083251953125,151.0,151.49000549316406,149.33999633789062,149.94000244140625,59256200,57.78342469606436,55.47358013364073,54.84274625679387,149.2179733116987,147.2008685013479,145.4588286332374,149.77739638655046,148.8365144684565,0.9408819180939645,44.0,0.0,0.0,36.0,-22.418102381678708,0.006666490968746386,36142.21875,147.0338373093378,146.9759307134719,139.2747891918581,1.2191292366325401,146.80208282470704,149.24034129797212,144.36382435144196,-0.07006332284182747
AAPL,2021-11-17,150.4820556640625,153.49000549316406,155.0,150.99000549316406,151.0,88807000,63.7826198431539,58.51313809604527,56.49380310891798,149.62483351945733,147.40706971419434,145.63533801477425,150.34856701833718,149.18121750732374,1.167349511013441,96.0,0.0,0.0,34.0,52.01784357090526,0.016490201405812588,35931.05078125,147.47331295921688,147.32640431722004,139.43576095201482,1.457608758891612,147.02010192871094,149.93531944649416,144.10488441092772,-0.0017958364822708254
AAPL,2021-11-18,154.77618408203125,157.8699951171875,158.6699981689453,153.0500030517578,153.7100067138672,137827700,71.46422380564202,63.10719288299341,59.17310894008397,150.41008700495544,147.7501164487187,145.90423157746466,151.5057098027757,149.82483066360996,1.6808791391657394,96.0,4.0,98.0,32.0,124.3983328177659,0.028535817104698546,35870.94921875,148.47467273530506,148.06507880801246,139.63846675208552,2.253618691074305,147.44205856323242,151.94929594538104,142.9348211810838,0.18160877877099543
AAPL,2021-11-19,157.40370178222656,160.5500030517578,161.02000427246094,156.52999877929688,157.64999389648438,117305600,74.9633980650436,65.52933767964785,60.68484411011091,151.3757932951271,148.16978486193307,146.22611666481177,152.89713953338833,150.61928787754684,2.277851655841488,96.0,0.0,98.0,30.0,99.21675718453757,0.016976240342007287,35601.98046875,149.74897896902903,149.01380673363096,139.86627701185236,3.1220263411360523,148.0340591430664,154.2781118253385,141.7900064607943,0.28998230088495575
AAPL,2021-11-22,157.8644561767578,161.02000427246094,165.6999969482422,161.0,161.67999267578125,117467900,75.53005141008823,65.93603536131846,60.94361724390142,152.2942895786827,148.59110353113067,146.55125705179307,154.1468110317072,151.38971131420715,2.75709971750004,96.0,32.0,98.0,28.0,131.59800948726948,0.0029272144766248065,35619.25,150.97447437104725,149.95003502255395,140.0974805385912,3.754699484693043,148.65154724121095,156.16094621059705,141.14214827182485,0.26969159848527463
AAPL,2021-11-23,158.24684143066406,161.41000366210938,161.8000030517578,159.05999755859375,161.1199951171875,96041900,76.01522160786287,66.27845249095695,61.160109692345266,153.16245282472335,149.01139533870372,146.87782291136045,155.2642252825383,152.13195519182955,3.1322700907087437,92.0,28.0,96.0,26.0,57.72136224943918,0.00242223780556472,35813.80078125,152.14620433989026,150.86387256440662,140.33128190073802,4.270711691354521,149.25487060546874,157.79629398817778,140.7134472227597,0.24886791913721293
AAPL,2021-11-24,158.76644897460938,161.94000244140625,162.13999938964844,159.63999938964844,160.75,69463600,76.69151342048828,66.74945972188162,61.45635518449427,153.9984099310741,149.43528409616937,147.2088598241087,156.2912679223641,152.85847721031672,3.4327907120473924,88.0,24.0,94.0,24.0,23.83229134912443,0.0032835255304162203,35804.37890625,153.2925291515532,151.76973717099145,140.56898377375816,4.679224695815006,149.90717620849608,159.2656256001261,140.54872681686606,0.3459352950763534
AAPL,2021-11-26,153.73695373535156,156.80999755859375,160.4499969482422,156.36000061035156,159.57000732421875,76959800,59.270585804688885,58.54163379223162,57.150894148022196,154.26618018131407,149.6770779801833,147.41987384025123,156.37107248178407,153.1511824213002,3.2198900604838627,84.0,20.0,92.0,22.0,-23.10010501819083,-0.03167857738042723,34899.33984375,153.66367826915922,152.13447788783483,140.75531525341432,4.754061079728885,150.12591934204102,159.63404150149879,140.61779718258325,0.2764235328339757
AAPL,2021-11-29,157.0997772216797,160.24000549316406,161.19000244140625,158.7899932861328,159.3699951171875,88748200,64.99598965238123,61.79874060530236,59.10555225891941,154.8351159252998,150.02340347241216,147.7016349754801,156.9662929450733,153.67628042662346,3.290012518449828,80.0,16.0,90.0,20.0,-28.974848183159775,0.021873878756027754,35135.94140625,154.4315695626395,152.7986548287528,140.9740196000284,4.923179001011153,150.64839248657228,160.49475048859458,140.80203448454998,0.2608825694827903
AAPL,2021-11-30,162.06060791015625,165.3000030517578,165.52000427246094,159.9199981689453,159.99000549316406,174048100,71.38612015146128,65.89748492144419,61.73324700453881,155.83177184210533,150.52427558976774,148.08841229583783,158.24840219225553,154.53729691737414,3.7111052748813904,76.0,12.0,88.0,18.0,133.345042050831,0.03157757939705075,34483.71875,155.76940089634488,153.88553248814173,141.24084172946303,5.4014801588157155,151.46002273559571,162.26298305322715,140.65706241796428,0.38772883192631163
AAPL,2021-12-01,161.5409698486328,164.77000427246094,170.3000030517578,164.52999877929688,167.47999572753906,152052500,69.94571628583854,65.13829514580729,61.31215439912634,156.68303207356777,150.99134866133144,148.45504069092846,159.2517255892102,155.29527523997317,3.9564503492370307,96.0,8.0,98.0,16.0,119.97699719336825,-0.0032064427514150173,34022.0390625,156.90265139625185,154.84562268938336,141.50089696779773,5.731231164162663,152.19378662109375,163.65624894941908,140.73132429276842,0.2643136641101894
AAPL,2021-12-02,160.55078125,163.75999450683594,164.1999969482422,157.8000030517578,158.74000549316406,136739200,67.16464037009942,63.68834617734136,60.50960147927428,157.3570284957838,151.40999278741356,148.79141330226707,159.94530542269106,155.922291481963,4.023013940728077,92.0,4.0,96.0,14.0,150.84468414921622,-0.006129643765050097,34639.7890625,157.74654541015624,155.6415269397554,141.74941498030478,5.944081933996124,152.80608596801758,164.69424983600982,140.91792210002535,0.30715441056702697
AAPL,2021-12-03,158.6684112548828,161.83999633789062,164.9600067138672,159.72000122070312,164.02000427246094,118023100,62.10898019916188,61.01099242971503,59.01121901097076,157.7839778140797,151.75196011693737,149.07819534700604,160.23679633272175,156.36063998980947,3.8761563429122816,88.0,0.0,94.0,12.0,95.41995476416766,-0.01172445241599962,34580.078125,158.1910890125093,156.19984363374255,141.97751274374588,5.958424430291016,153.3502098083496,165.26705866893164,141.43336094776757,0.16549091037923613
AAPL,2021-12-06,162.08021545410156,165.32000732421875,167.8800048828125,164.27999877929688,164.2899932861328,107497000,66.96300030473594,63.866170205469906,60.80623533739489,158.5016949102834,152.19681412373347,149.4351582476041,161.01882879295206,157.02429682939535,3.9945319635567103,84.0,36.0,92.0,10.0,64.20805970924434,0.02150273121307089,35227.03125,158.97989414760045,157.0312727428618,142.2379700265002,6.138503418750652,154.03845291137696,166.31545974887825,141.76144607387567,0.12546518186630062
AAPL,2021-12-07,167.82533264160156,171.17999267578125,171.5800018310547,168.33999633789062,169.0800018310547,120405400,73.1909625822221,67.96303306386852,63.54907646801942,159.7091518403308,152.81921342052192,149.91306669657502,162.5820847749258,158.0728668920906,4.509217882835202,96.0,32.0,98.0,8.0,118.83575150533707,0.03544613493635773,35719.4296875,160.3916695731027,158.3443089076451,142.55364624327095,6.658950465533379,155.055126953125,168.37302788419177,141.73722602205825,0.19624813164383414
AAPL,2021-12-08,171.64894104003906,175.0800018310547,175.9600067138672,170.6999969482422,172.1300048828125,116998900,76.38210223748528,70.28810585137848,65.20284909308772,161.17304231563784,153.54907533562135,150.46618615008006,164.50484124509944,159.3326546653472,5.1721865797522355,96.0,28.0,98.0,6.0,106.02786861285591,0.022783261252953935,35754.75,162.12483564104352,159.92467215401786,142.90512928065968,7.390208899793208,156.24484634399414,171.02526414358056,141.46442854440772,0.24535109025860338
AAPL,2021-12-09,171.13912963867188,174.55999755859375,176.75,173.9199981689453,174.91000366210938,108923700,75.09854007980887,69.58977537000878,64.80283862761874,162.4479904340146,154.23795803145651,150.9957204667507,166.0517883702524,160.46060599077288,5.591182379479534,96.0,24.0,98.0,4.0,67.09394956977684,-0.0029700818325949507,35754.69140625,163.58843747093565,161.34317532493955,143.24908554304892,7.606957231088551,157.5507438659668,172.76465832814392,142.3368294037897,0.20886733038735586
AAPL,2021-12-10,175.93328857421875,179.4499969482422,179.6300048828125,174.69000244140625,175.2100067138672,115402700,78.72000573833198,72.27594289759587,66.75964239758727,164.06722914965533,155.06458225823636,151.6210891806296,168.1130512284047,161.86722754317802,6.245823685226668,96.0,20.0,98.0,2.0,181.47,0.02801322494550984,35970.98828125,165.53542291550409,163.0938938685826,143.6381045418355,8.049903552505343,159.09879989624022,175.1986070012509,142.99899279122954,0.3595399183075971
AAPL,2021-12-13,172.29603576660156,175.74000549316406,182.1300048828125,175.52999877929688,181.1199951171875,153237000,70.35957742073504,67.57935114076004,64.00485833235211,165.17892213475142,155.74246498725037,152.15117525343257,169.28642880759844,162.89484072465848,6.391588082939961,96.0,16.0,98.0,0.0,140.16832800451382,-0.020674045469699642,35650.94921875,166.8209690638951,164.35077347528366,143.9880662267125,8.040554007565197,160.3610710144043,176.44217902953469,144.27996299927392,0.2027076618299923
AAPL,2021-12-14,170.91366577148438,174.3300018310547,177.74000549316406,172.2100067138672,175.25,139380400,67.42853160573821,65.89176759796742,62.99672889793718,166.05045353439934,156.35189242475215,152.6386219914023,170.06236311889938,163.74188969550264,6.320473423396749,92.0,12.0,96.0,2.0,135.34922360982594,-0.008023225775140808,35544.1796875,167.78475559779577,165.35578249976749,144.32190522948306,7.72678786023131,161.55373153686523,177.00730725732785,146.1001558164026,0.07690720834455378
AAPL,2021-12-15,175.78627014160156,179.3000030517578,179.5,172.30999755859375,175.11000061035156,131063300,71.87586858943473,68.74478772587742,64.98064055095922,167.3123153931954,157.10428949449002,153.2245864103112,171.48353849318528,164.89434253670672,6.589195956478562,88.0,8.0,94.0,0.0,121.18073720555824,0.028509156059129737,35927.4296875,169.2775862920852,166.71126236688522,144.7017992469446,7.663440246919421,162.94100341796874,178.2678839118076,147.6141229241299,0.21050511272674655
AAPL,2021-12-16,168.8842315673828,172.25999450683594,181.13999938964844,170.75,179.27999877929688,150185800,59.48572417733614,61.222234063114655,60.307151967622026,167.78352292782782,157.60119785555054,153.64294702781723,171.60299326451616,165.43994638634592,6.163046878170235,84.0,4.0,92.0,8.0,69.11482202979495,-0.039263809219337364,35897.640625,169.68805164155506,167.27728409540086,145.0101966736447,7.178192815181615,163.86111221313476,178.217497843498,149.50472658277153,-0.024443828377987947
AAPL,2021-12-17,167.78614807128906,171.13999938964844,173.47000122070312,169.69000244140625,169.92999267578125,195432700,57.77921905818946,60.13651853179339,59.6111402779211,168.10318735276311,158.04509298781605,154.02749762917614,171.53176343761345,165.8621725347387,5.669590902874745,80.0,0.0,90.0,6.0,41.79493672171849,-0.006501989474699044,35365.44140625,169.80784606933594,167.65109703427268,145.30509798913454,6.895496695735061,164.51161041259766,178.3026038040678,150.72061702112754,0.03841832563483646
AAPL,2021-12-20,166.42340087890625,169.75,170.5800018310547,167.4600067138672,168.27999877929688,107499100,55.64572582852706,58.794623063048554,58.75246752614937,168.26002665249996,158.42886043083845,154.3730471318316,171.25764598567292,166.1501597543877,5.107486231285236,76.0,4.0,88.0,4.0,-8.359788449997273,-0.00812192906296294,34932.16015625,169.6441659109933,167.83317231677827,145.58398698379744,6.698289051127375,164.96259536743165,178.3591734696864,151.5660172651769,0.04708754322913135
AAPL,2021-12-21,169.5998992919922,172.99000549316406,173.1999969482422,169.1199951171875,171.55999755859375,91185900,59.40821914197577,60.90347540250648,60.118858863036934,168.71050082780133,158.90627502304585,154.78221105186088,171.52416283297924,166.65681499429704,4.867347838682207,72.0,0.0,86.0,2.0,-22.373771898535686,0.019086849543455964,35492.69921875,169.86246846516926,168.27482030959357,145.8918524181309,6.556272306166972,165.54936752319335,178.6619121355273,152.4368229108594,0.033879500482162817
AAPL,2021-12-22,172.197998046875,175.63999938964844,175.86000061035156,172.14999389648438,173.0399932861328,92135300,62.23033650703721,62.53005964759874,61.1918136222182,169.37045307178678,159.4549217235902,155.2406239823617,172.15736845708219,167.32223606061936,4.835132396462825,68.0,0.0,84.0,0.0,-4.067599662230756,0.015318987603935907,35753.890625,170.35043247767857,168.90802321661087,146.2230106767493,6.480152233679185,166.2469253540039,179.20722982136226,153.28662088664555,0.028177421911697347
AAPL,2021-12-23,172.82542419433594,176.27999877929688,176.85000610351562,175.27000427246094,175.85000610351562,68356600,62.90113068040182,62.91644530000407,61.44740624765904,170.0285050439306,160.0065635942691,155.70302782405258,172.79161927588444,167.98577403978067,4.805845236103778,64.0,0.0,82.0,0.0,-1.5936404102292423,0.0036436320664432476,35950.55859375,170.8111274355934,169.5345469156901,146.5576699282518,6.387864594104321,166.94987411499022,179.72560330319885,154.1741449267816,0.04418724794686634
AAPL,2021-12-27,176.7960205078125,180.3300018310547,180.4199981689453,177.07000732421875,177.08999633789062,74919600,66.90669831542671,65.2669863763034,63.020147200343985,171.00959997603766,160.67290583154076,156.24428000003064,173.95137043821833,168.90016128357874,5.051209154639594,60.0,16.0,80.0,2.0,-2.650994415266152,0.022974607653858614,36302.37890625,171.6664065406436,170.47227514357795,146.92916046028708,5.943022326928323,168.1028274536133,179.98887210746994,156.21678279975663,0.02534016767036068
AAPL,2021-12-28,175.77645874023438,179.2899932861328,181.3300018310547,178.52999877929688,180.16000366210932,79144300,64.96698044228873,64.18365086817971,62.353651706977445,171.79820886271338,161.28330214152737,156.75077919313176,174.7726970302052,169.66977846895313,5.102918561252068,56.0,12.0,78.0,0.0,-10.821515253267108,-0.005766881882576458,36398.2109375,172.24559355236235,171.2030971708752,147.28758626605742,5.5793196825338764,169.03666152954102,180.19530089460878,157.87802216447326,0.12651021129050005
AAPL,2021-12-29,175.8647003173828,179.3800048828125,180.6300048828125,178.13999938964844,179.3300018310547,62348900,65.06139065732903,64.23693012967722,62.38878095539621,172.52028467415138,161.87663665763506,157.24812481268518,175.481513622914,170.3890544996094,5.0924591233046215,52.0,8.0,76.0,16.0,-64.1772015896755,0.0005020102110422364,36488.62890625,172.7608210972377,171.85338657924106,147.6441646963091,5.524474233172121,169.72686614990235,180.77581461624658,158.67791768355812,0.15839044754679849
AAPL,2021-12-30,174.70779418945312,178.1999969482422,180.57000732421875,178.08999633789062,179.47000122070312,59773000,62.6765675927452,62.9634719808016,61.61953853084903,173.06120965263622,162.4118287983107,157.70860551896115,175.89974182681067,170.96764282913773,4.932098997672938,48.0,4.0,74.0,14.0,-60.68923562585291,-0.006578387395775431,36398.078125,173.08164440336682,172.3277606782459,147.98657854032754,5.276606655924658,170.38520736694335,180.93842067879265,159.83199405509404,0.0336157702636295
AAPL,2021-12-31,174.0901336669922,177.57000732421875,179.22999572753906,177.25999450683594,178.08999633789062,64062300,61.38291770372692,62.279885142869745,61.20839508847919,173.4906189546917,162.90881825817652,158.14511984435143,176.15670574948885,171.4567068658104,4.699998883678461,44.0,0.0,72.0,12.0,-53.15001111605157,-0.003535391911543173,36338.30078125,173.28612569173177,172.68061080206007,148.32021165800333,4.795029317023731,171.06217498779296,180.65223362184042,161.4721163537455,0.2646462987581991
AAPL,2022-01-03,178.44313049316406,182.009994506836,182.8800048828125,177.7100067138672,177.8300018310547,104487900,66.61303763525359,65.05288073463645,62.984509215384314,174.30198805489593,163.53508633190307,158.66962258418624,177.05721171215765,172.23843187625675,4.818779835900898,96.0,12.0,98.0,10.0,-11.468263416229535,0.02500427068715161,36585.05859375,174.08856041317895,173.38355894542875,148.69434868959644,4.092193888038263,172.05091094970703,180.23529872578357,163.8665231736305,0.34926829800822407
AAPL,2022-01-04,176.1784210205078,179.6999969482422,182.94000244140625,179.1199951171875,182.6300048828125,99310400,61.91479482667597,62.57107269869825,61.48987539863292,174.81608413997654,164.06508340129122,159.1318286141655,177.46379405617066,172.79114040010754,4.672653656063119,96.0,8.0,98.0,8.0,-7.61565439035508,-0.01269149149310067,36799.6484375,174.53049011230468,173.77665514264788,149.042899027962,3.447795376739842,172.75582122802734,179.65141198150704,165.86023047454765,0.2015895326254009
AAPL,2022-01-05,171.4920654296875,174.9199981689453,180.1699981689453,174.63999938964844,179.61000061035156,94537600,53.505123617937095,57.836098151805196,58.555823354768805,174.82598071416405,164.42098224613233,159.4788213516332,177.07244084275138,172.94883356816962,4.123607274581758,92.0,4.0,96.0,6.0,-21.483920156404945,-0.02660005444296043,36407.109375,174.29743187313989,173.6562974475679,149.3420444329105,3.264430963450128,172.93915786743165,179.4680197943319,166.4102959405314,0.0066864984398050265
AAPL,2022-01-06,168.6293182373047,172.0,175.3000030517578,171.63999938964844,172.6999969482422,96904000,49.116350683945214,55.19034580933317,56.86449825346323,174.55683969376747,164.66947463150504,159.75401209115773,176.29206532848193,172.87854960015704,3.4135157283248816,88.0,0.0,94.0,4.0,-17.175289682210686,-0.016693175775858604,36236.46875,173.72357119605655,173.24583653041296,149.61012214622687,3.394483395077587,172.7881767272949,179.57714351745008,165.99920993713974,-0.09375997220440008
AAPL,2022-01-07,168.79595947265625,172.1699981689453,174.13999938964844,171.02999877929688,172.88999938964844,86709100,49.37665581800282,55.31374658612747,56.93837721768033,174.32952145330825,164.91539343601127,160.02689090605415,175.65790115009167,172.82606430895618,2.831836841135498,84.0,0.0,92.0,2.0,-20.394643222732977,0.0009882103366927186,36231.66015625,173.17435709635416,172.8656253633045,149.8772988143845,3.493390397036908,172.67101821899413,179.65779901306794,165.68423742492033,-0.12303689668900118
AAPL,2022-01-10,168.8155975341797,172.19000244140625,172.5,168.1699981689453,169.0800018310547,106765600,49.40950119625384,55.328780931149765,56.94724422288982,174.12575773788902,165.15390520667995,160.29421203869924,175.12437827183237,172.7789486150636,2.345429656768772,80.0,0.0,90.0,0.0,-7.48431362524447,0.00011634201188703841,36068.87109375,172.6181441534133,172.49844244094123,150.1421277041459,3.506088969322749,172.31513366699218,179.32731160563768,165.3029557283467,-0.1233035076628279
AAPL,2022-01-11,171.64894104003906,175.0800018310547,175.17999267578125,170.82000732421875,172.32000732421875,76138300,54.04252850549821,57.46971710971912,58.213997214278194,174.21663812771433,165.47935099764305,160.61917445171804,175.11755112709733,172.94939700143328,2.1681541256640458,76.0,36.0,88.0,18.0,-50.31337079164954,0.01678365949145011,36252.01953125,172.41692751929872,172.43499552408855,150.43263500764002,3.509258796102828,172.28277893066405,179.3012965228697,165.2642613384584,-0.019772771419949774
AAPL,2022-01-12,172.09010314941406,175.52999877929688,177.17999267578125,174.82000732421875,176.1199951171875,74805200,54.73758054408286,57.79631959400134,58.40842986521117,174.34172009453172,165.8088804331071,160.9468848765,175.1810046120511,173.14055268868242,2.0404519233686926,72.0,32.0,86.0,16.0,-46.3301870277313,0.002570141748046595,36290.3203125,172.25501781645275,172.41664544968378,150.72488570218061,3.4949324331343137,172.34160079956055,179.33146566582917,165.35173593329193,-0.03723866882283181
AAPL,2022-01-13,168.8155975341797,172.19000244140625,176.6199951171875,171.7899932861328,175.77999877929688,84505800,48.833997340381565,54.57063414516472,56.42007681030081,174.13679460375786,166.0180975481333,161.193986361443,174.72085043195187,173.07014155925455,1.6507088726973222,68.0,28.0,84.0,14.0,-35.52291144813232,-0.01902785549725272,36113.62109375,171.65753493536087,172.08083561488561,150.98181368168315,3.4808796517758225,171.99306716918946,178.9548264727411,165.0313078656378,-0.09427705512268877
AAPL,2022-01-14,169.67832946777344,173.07000732421875,173.77999877929688,171.08999633789062,171.33999633789062,80440800,50.35326943973099,55.25298896486332,56.81530858107489,174.0351958152303,166.24930770472625,161.4549978111743,174.4668745692237,173.07013161591857,1.3967429533051359,64.0,24.0,82.0,12.0,-46.43914404690723,0.0051104989479369145,35911.80859375,171.21327180408295,171.86038440522694,151.24485763701634,3.4479250976899043,172.03277206420898,178.9286222595888,165.13692186882918,-0.03612651707484247
AAPL,2022-01-18,166.47244262695312,169.8000030517578,172.5399932861328,169.41000366210938,171.50999450683594,90956700,45.00545611026416,52.2298444785772,54.92647642823403,173.631844123471,166.36572394561253,161.63840451975855,173.7488943357674,172.82789987042517,0.9209944653422326,60.0,20.0,80.0,10.0,-53.45881216398279,-0.01889390855553652,35368.46875,170.40934462774368,171.33082922072637,151.4735321451064,3.544251974529474,171.9670867919922,179.05559074105113,164.87858284293324,-0.19381256127525145
AAPL,2022-01-19,162.97238159179688,166.22999572753906,171.0800018310547,165.94000244140625,170.0,94815000,40.00944695713953,49.18306901971573,52.96484654570896,172.9269061810013,166.36127384010192,161.73931861223724,172.59214070373227,172.3391662302114,0.25297447352087943,56.0,96.0,78.0,8.0,-11.799261575213189,-0.021024867419044857,35028.6484375,169.22735232398622,170.4741906302316,151.665210391372,3.8950002401840167,171.7945358276367,179.58453630800474,164.00453534726867,-0.20873759345236031
AAPL,2022-01-20,161.2860870361328,164.50999450683594,169.67999267578125,164.17999267578125,166.97999572753906,91420500,37.83051904922721,47.7901926063188,52.05095269243007,172.1252955453665,166.30057615704402,161.8002125879427,171.34873359651743,171.75922758403544,-0.41049398751800936,52.0,96.0,76.0,6.0,0.25727661842455907,-0.010347118568149738,34715.390625,167.94330473400296,169.47338598342168,151.8381289855046,4.53294724224425,171.37884521484375,180.44473969933225,162.31295073035525,-0.15213465199127155
AAPL,2022-01-21,159.22723388671875,162.41000366210938,166.3300018310547,162.3000030517578,164.4199981689453,122848900,35.3025975064198,46.13586386006303,50.955570777844024,171.20002965172296,166.17301640311172,161.81361458957275,169.97354437583928,171.06669247870758,-1.093148102868298,48.0,96.0,74.0,4.0,33.33532316061271,-0.012765224745968418,34265.37109375,166.51256917317707,168.3160896664574,151.98874682184476,5.276478159974616,170.73030700683594,181.28326332678517,160.1773506868867,-0.18389021392083588
AAPL,2022-01-24,158.4527130126953,161.6199951171875,162.3000030517578,154.6999969482422,160.02000427246094,162294600,34.372090439223044,45.52111469619236,50.547236367638966,170.28764541033865,166.02373701668796,161.80935921655328,168.6883829514313,170.366937118595,-1.6785541671636963,44.0,96.0,72.0,2.0,137.42345289262485,-0.004864248753918998,34364.5,165.1201155889602,167.14679500034876,152.13006518767247,5.916098779472955,170.0116714477539,181.84386900669983,158.179473888808,-0.11234911244246285
AAPL,2022-01-25,156.6487579345703,159.77999877929688,162.75999450683594,157.02000427246094,158.97999572753906,115798400,32.24055388863667,44.101724754993405,49.60253467385749,169.28691715976325,165.81902428759318,161.76475788826193,167.31786230956445,169.58271946383218,-2.2648571542677303,40.0,92.0,70.0,0.0,54.563558801702094,-0.011384816604436798,34297.73046875,163.67751958937873,165.87413657052176,152.25200766226544,6.395922741269542,169.0043083190918,181.79615380163088,156.2124628365527,-0.15976181741823614
AAPL,2022-01-26,156.560546875,159.69000244140625,164.38999938964844,157.82000732421875,163.5,108275300,32.13561042456597,44.03210221831173,49.55632130990162,168.37292528182448,165.61807275165262,161.7191588674519,166.14434540677087,168.84992561031916,-2.705580203548294,36.0,88.0,68.0,2.0,36.807451705302846,-0.0005631136865263953,34168.08984375,162.4091589064825,164.6890164329892,152.37165062595955,6.758119251933557,168.04351272583008,181.5597512296972,154.52727422196295,-0.29039686346532195
AAPL,2022-01-27,156.09974670410156,159.22000122070312,163.83999633789062,158.27999877929688,162.4499969482422,121954600,31.557736598201984,43.658723839990316,49.31142918462155,167.50121822838435,165.4082999145723,161.6642323257651,165.07906168583736,168.136597877755,-3.0575361919176487,32.0,84.0,66.0,0.0,95.6002431478342,-0.0029432713419578205,34160.78125,161.22156313941593,163.55151490711032,152.48544598745468,6.995190989140588,167.055265045166,181.04564702344717,153.06488306688485,-0.3240792147503494
AAPL,2022-01-28,166.99205017089844,170.3300018310547,170.35000610351562,162.8000030517578,165.7100067138672,179935700,53.049718137968966,53.35465313593321,54.709781241053264,167.77062619054342,165.56966719052252,161.85468879840883,165.8868986312554,168.2990722446661,-2.412173613410687,28.0,80.0,64.0,0.0,201.0317367373229,0.06977784203227455,34725.46875,161.60560375395275,163.54549444289435,152.7062663603066,6.759739176861355,166.6694778442383,180.188956197961,153.14999949051557,-0.1541765640193565
AAPL,2022-01-31,171.35479736328125,174.77999877929688,175.0,169.50999450683594,170.16000366210938,115541600,58.650485215035374,56.46651812535911,56.59892865097595,168.43818548471043,165.87164527540037,162.13876154524152,167.25506788480024,168.77914087686096,-1.5240729920607237,24.0,76.0,62.0,0.0,80.35818258164318,0.02612547835611334,35131.859375,162.58852408272878,163.99171534946987,152.9687190462938,6.628087697406525,166.53271102905273,179.7888864238658,153.27653563423968,-0.09518739646931401
AAPL,2022-02-01,171.1881561279297,174.61000061035156,174.83999633789062,172.30999755859375,174.00999450683594,86213900,58.36409237499891,56.31769378110797,56.50706144564676,169.02597740143815,166.15814872900532,162.4128547115077,168.38659599642352,169.21105641267508,-0.8244604162515543,20.0,72.0,60.0,86.0,-17.4891063941375,-0.0009724923837309829,35405.23828125,163.52504272460936,164.43509107317243,153.22750194492625,6.121071150547732,166.16996231079102,178.4121046118865,153.92782000969555,-0.05474786428960753
AAPL,2022-02-02,172.39402770996094,175.83999633789062,175.8800048828125,173.3300018310547,174.75,84914300,59.8904002415359,57.164912377044246,57.02215889421176,169.6749315858622,166.47558635552613,162.70795672527436,169.53327297203384,169.7020889997281,-0.1688160276942483,16.0,68.0,58.0,84.0,-14.496064863297297,0.007044129741838656,35629.328125,164.6267326718285,165.0278592064267,153.49631320440946,5.8477903666971285,165.98074264526366,177.6763233786579,154.2851619118694,0.03407375235258836
AAPL,2022-02-03,169.5116729736328,172.89999389648438,176.24000549316406,172.1199951171875,174.47999572753906,89418100,54.72622849192856,54.542703881046144,55.421247708159726,169.98208037735003,166.68622266834444,162.931957542224,170.0512300373339,169.93897084393225,0.11225919340165547,12.0,64.0,56.0,82.0,-5.415305656162205,-0.01671957419068748,35111.16015625,165.34121413457962,165.364138285319,153.73432997063026,5.765747697528581,165.88172302246093,177.4132184175181,154.35022762740377,0.0521839323847562
AAPL,2022-02-04,169.2269744873047,172.38999938964844,174.10000610351562,170.67999267578125,171.67999267578125,82465400,54.22883948214602,54.28762733055402,55.26486657262518,170.21140599756893,166.87323174117407,163.13982659381574,170.41104070692074,170.1205285139853,0.29051219293543795,8.0,60.0,54.0,80.0,-14.899900932882026,-0.0016795214237098621,35089.73828125,166.0111065092541,165.68273366292317,153.9675619062737,5.782262587422966,165.91160583496094,177.47613100980686,154.347080660115,0.1060042251877654
AAPL,2022-02-07,168.5103759765625,171.66000366210938,173.9499969482422,170.9499969482422,172.86000061035156,77251200,52.924962404930895,53.632915352294475,54.86723050514511,170.34936767990612,167.03017508284407,163.32708323267934,170.60318885387284,170.23456371014262,0.36862514373021327,4.0,56.0,52.0,78.0,-10.907620999410673,-0.0042345406984507505,35091.12890625,166.58975103469123,165.93023558117093,154.19164992299247,5.775113051585391,165.89732666015624,177.44755276332702,154.34710055698545,0.05630796444273627
AAPL,2022-02-08,171.62222290039062,174.8300018310547,175.35000610351562,171.42999267578125,171.72999572753906,74829200,57.683200414039334,56.02142588762964,56.261717965331265,170.77609474192028,167.28590710737558,163.57989463044584,171.2534677734393,170.57496653391388,0.6785012395254171,0.0,52.0,50.0,76.0,-29.912631034715304,0.018466797108451782,35462.78125,167.56389959426153,166.4754637945266,154.4448392061452,5.882851793150068,166.03765792846679,177.80336151476692,154.27195434216665,0.11004270477936545
AAPL,2022-02-09,173.04562377929688,176.27999877929688,176.64999389648438,174.89999389648438,176.0500030517578,71285000,59.690255179144636,57.070429976861476,56.88351536665023,171.30027607881328,167.58079535891397,163.85901779855246,172.02678023587893,170.99756151505338,1.029218720825554,0.0,48.0,48.0,74.0,-6.374321465018262,0.0082938028353845,35768.05859375,168.64545549665178,167.14288911365327,154.7101938982152,5.960742227969547,166.10749206542968,178.02897652136878,154.1860076094906,0.22461761265441427
AAPL,2022-02-10,168.96194458007812,172.1199951171875,175.47999572753906,171.5500030517578,174.13999938964844,90865900,52.06121688068789,53.28870567763374,54.6107046175997,171.37834455865845,167.7296215804967,164.04057773962134,172.04112098684948,171.08070474484109,0.9604162420083924,16.0,44.0,46.0,72.0,21.470031495136702,-0.023598858555516466,35241.58984375,169.07052525111607,167.41474173409597,154.93283034557135,5.835217513792357,165.9510841369629,177.6215191645476,154.28064910937817,0.26581253165617114
AAPL,2022-02-11,165.54579162597656,168.63999938964844,173.0800018310547,168.0399932861328,172.3300018310547,98670700,46.68569581128342,50.39189970563877,52.8095582946852,171.1175497806575,167.75947003325578,164.14166392973183,171.51787151035703,170.89991175556756,0.6179597547894673,12.0,40.0,44.0,70.0,16.762044735390944,-0.020218475601661345,34738.05859375,168.94739641462053,167.37614244733538,155.11955444335936,5.796413358888285,165.78759384155273,177.3804205593293,154.19476712377616,0.05202792248118263
AAPL,2022-02-14,165.78140258789062,168.8800048828125,169.5800018310547,166.55999755859375,167.3699951171875,86185500,47.09146109768923,50.584033597726595,52.918840757174515,170.90445026657702,167.79620888078222,164.245803291338,171.11204587535016,170.75028902425237,0.36175685109779465,8.0,36.0,42.0,68.0,7.141525196169109,0.001423237399150512,34566.171875,168.78812924339658,167.37555280412946,155.30686725483605,5.723785375072549,165.5927474975586,177.0403182477037,154.1451767474135,-0.037559587371351566
AAPL,2022-02-15,169.61965942382812,172.7899932861328,172.9499969482422,170.25,170.97000122070312,62527400,53.32378478525794,53.61880593130029,54.66406590552448,171.08402579224898,167.9599395170232,164.433587686828,171.3701916308552,170.9013782288361,0.4688134020190944,4.0,32.0,40.0,66.0,-31.255861305434347,0.023152517568444386,34988.83984375,169.05365208217077,167.75906822567893,155.53050620918845,5.792097923900144,165.75010833740234,177.33430418520263,154.16591248960205,-0.0008968233476964959
AAPL,2022-02-16,169.3840789794922,172.5500030517578,173.33999633789062,170.0500030517578,171.85000610351562,61177400,52.91181366846837,53.410029670990255,54.53745290684566,171.22364267410694,168.11043340340794,164.61197044210118,171.55170108022483,171.02349858608957,0.5282024941352574,0.0,28.0,38.0,64.0,-35.47708695881454,-0.001388874645404714,34934.26953125,169.16339169456845,168.10516066778274,155.74979708809164,5.807681177026043,166.0706932067871,177.68605556083918,154.45533085273502,-0.012284228255911828
AAPL,2022-02-17,165.78140258789062,168.8800048828125,171.91000366210938,168.47000122070312,171.02999877929688,69589300,46.939349303816115,50.30372260065068,52.63501261192807,171.00043907493603,168.1356652551917,164.7057733968421,171.14067089600755,170.8647212747357,0.27594962127184886,72.0,24.0,36.0,62.0,-23.879983154762883,-0.021269274026856744,34312.03125,168.66625700451078,168.07760918026878,155.93102047099404,5.698729739272441,166.295458984375,177.69291846291986,154.89799950583011,-0.02954310638842355
AAPL,2022-02-18,164.2303924560547,167.3000030517578,170.5399932861328,166.19000244140625,169.82000732421875,82772700,44.605037365899854,49.03059373019809,51.84059391128096,170.6480165965381,168.10826649442336,164.76278943321387,170.54979891996913,170.60066807303363,-0.050869153064496686,68.0,20.0,34.0,60.0,-32.62235152288706,-0.009355754672262795,34079.1796875,167.97385094052268,167.8809361775716,156.094782322746,5.477648391589851,166.5456169128418,177.5009136960215,155.5903201296621,-0.1225319663633222
AAPL,2022-02-22,161.3050537109375,164.32000732421875,166.69000244140625,162.14999389648438,164.97999572753906,91162800,40.51280443768546,46.71793436642151,50.37725578918818,170.0453490467934,167.98406127572812,164.7530579582909,169.59136944369985,170.1354339434918,-0.5440644997919435,64.0,16.0,32.0,58.0,-43.82881500678396,-0.017812407931132257,33596.609375,166.9592511858259,167.3818349202474,156.22756451772813,5.289759833863,166.6882339477539,177.2677536154799,156.1087142800279,-0.10227880911930774
AAPL,2022-02-23,157.13302612304688,160.07000732421875,166.14999389648438,159.75,165.5399932861328,90009200,35.509300489468515,43.6713945863236,48.389465889809344,169.09531650178627,167.7245840969901,164.65013376853105,168.12654450224122,169.3898467865086,-1.2633022842673824,60.0,12.0,30.0,56.0,-22.270774034874403,-0.02586420878893847,33131.76171875,165.48250587100074,166.47181512741815,156.31714128712517,5.242281619923619,166.71244735717772,177.19701059702496,156.2278841173305,-0.3185124145313218
AAPL,2022-02-24,159.7540740966797,162.74000549316406,162.85000610351562,152.0,152.5800018310547,141147500,40.482534023305774,45.967036139039614,49.662755324835025,168.4900487866794,167.56115529030728,164.6081529273142,167.29784619315242,168.89726594996455,-1.5994197568121251,56.0,96.0,28.0,98.0,30.359832759641396,0.016680439741422193,33223.828125,164.50057649158296,165.80911291213263,156.43114958160552,4.957698740851575,166.87212371826172,176.78752119996486,156.95672623655858,-0.048780002643659136
AAPL,2022-02-25,161.82530212402344,164.85000610351562,165.1199951171875,160.8699951171875,163.83999633789062,91974200,44.14791232384619,47.71331422535389,50.644616708172016,168.14337805494955,167.47226515303544,164.6134683817362,166.92125541013138,168.59746892430167,-1.6762135141702856,52.0,92.0,26.0,96.0,-24.583246552405566,0.01296510301258591,34058.75,163.88774036225817,165.32846323649088,156.56394244179796,4.441336698511286,167.1584014892578,176.0410748862804,158.27572809223523,0.01482951459974046
AAPL,2022-02-28,162.09033203125,165.1199951171875,165.4199981689453,162.42999267578125,163.05999755859375,95056600,44.61790963107285,47.93659350977189,50.76999763936975,167.85543682278174,167.39514154530272,164.62460083746038,166.64413844198617,168.33987827192286,-1.6957398299366844,48.0,88.0,24.0,94.0,-47.17190640878936,0.0016377532051412569,33892.6015625,163.38073367164247,164.84578995477585,156.6972919953759,4.583955284498556,166.9133155822754,176.08122615127252,157.7454050132783,0.14095651261938097
AAPL,2022-03-01,160.20558166503906,163.1999969482422,166.60000610351562,161.97000122070312,164.6999969482422,83474400,41.91653411409495,46.47303015663121,49.85102219666069,167.4120615966351,167.25759582080892,164.59329086187316,166.1142705198717,167.9591463220206,-1.8448758021488914,44.0,84.0,22.0,92.0,-27.753813345150146,-0.011627777811248907,33294.94921875,162.6835702078683,164.2069581531343,156.80990119858168,4.692053519204458,166.3558547973633,175.73996183577222,156.97174775895436,0.07272401535142173
AAPL,2022-03-02,163.5039520263672,166.55999755859375,167.36000061035156,162.9499969482422,164.38999938964844,79724800,47.86537386033691,49.283221351488294,51.42124979966242,167.33091264063117,167.23472374663794,164.636515184878,166.18284391044432,167.85550567287788,-1.6726617624335631,40.0,80.0,20.0,90.0,-7.526744527274603,0.020588361073613726,33891.3515625,162.53491937546502,163.9353483654204,156.95355776962356,4.589013321003459,165.97164459228514,175.14967123429207,156.79361795027822,0.07731501244142132
AAPL,2022-03-03,163.18002319335938,166.22999572753906,168.91000366210938,165.5500030517578,168.47000122070312,76678400,47.35244512881636,49.02110701311674,51.26040513185342,167.22606341081286,167.2017818443724,164.67153673526616,166.1900980361512,167.7350975287787,-1.544999492627511,36.0,76.0,18.0,88.0,-9.699073065431852,-0.001981168216383944,33794.66015625,162.43395109630765,163.6694796607608,157.09199744570907,4.3674819501313,165.51094436645508,174.24590826671766,156.7759804661925,0.017473198699314223
AAPL,2022-03-04,160.1761474609375,163.1699981689453,165.5500030517578,162.10000610351562,164.49000549316406,83737200,42.7748145094979,46.63583416924404,49.78678876763473,166.83977148301597,167.06959221566987,164.6385358876547,165.72546728735028,167.3969420206429,-1.6714747332926265,32.0,72.0,16.0,86.0,-6.353188001087028,-0.01840835461128998,33614.80078125,161.98753197079614,163.1614037649972,157.19850114736985,4.415997830345162,165.0441680908203,173.87616375151063,156.21217243012998,0.034329013265194164
AAPL,2022-03-07,156.37716674804688,159.3000030517578,165.02000427246094,159.0399932861328,163.36000061035156,96418800,37.79814670857134,43.838223416374724,48.005823792091626,166.1216982990866,166.81485158734486,164.52120549565697,164.73693432802835,166.79716876368846,-2.0602344356601066,28.0,68.0,14.0,84.0,16.92030839600608,-0.023717518326610287,32817.37890625,161.0857215518043,162.33597506568546,157.26529904683431,4.700978984788395,164.40167770385742,173.8036356734342,154.99971973428063,0.002949750732262419
AAPL,2022-03-08,154.55128479003906,157.44000244140625,162.8800048828125,155.8000030517578,158.82000732421875,131148300,35.6512293888177,42.56552526864019,47.17814531865218,165.29487012216467,166.50747948419934,164.3655746592998,163.6143294223942,166.10404533240828,-2.4897159100140698,24.0,64.0,12.0,82.0,69.76862495339878,-0.01167614170264164,32632.640625,160.0300243559338,161.39784240722656,157.312340388132,5.07984092486021,163.70372314453124,173.86340499425165,153.54404129481082,-0.01067400383584065
AAPL,2022-03-09,159.96017456054688,162.9499969482422,163.41000366210938,159.41000366210938,161.47999572753906,91454900,45.52267398941402,47.26849649359567,49.79468192001409,165.07154886750538,166.39084071252861,164.33446306125455,163.5121244263708,165.87041211876635,-2.3582876923955496,20.0,60.0,10.0,80.0,22.218198243466457,0.03499737823503635,33286.25,159.83902079264323,161.04131397065663,157.41161236094004,4.783756735909718,163.12062072753906,172.6881341993585,153.55310725571962,0.12490179030367367
AAPL,2022-03-10,155.6114501953125,158.52000427246094,160.38999938964844,155.97999572753906,160.1999969482422,105342000,40.185099590170516,44.24758984047958,47.8501109742798,164.4475922394059,166.13278050137885,164.20667275820415,162.7441059411539,165.32593746348448,-2.5818315223305888,16.0,56.0,8.0,78.0,47.77582941712843,-0.027186294195923888,33174.0703125,159.15793878464473,160.32615487234932,157.4658363938213,4.457322052626039,162.24891204833983,171.1635561535919,153.33426794308775,-0.12275578487860436
AAPL,2022-03-11,151.8909912109375,154.72999572753906,159.27999877929688,154.5,158.92999267578125,96970100,36.26723072943408,41.87331097790851,46.27259681326709,163.52210685732334,165.75891870551524,163.99839414214557,161.51116590829005,164.54105289045148,-3.029886982161429,12.0,52.0,6.0,76.0,6.717811632306509,-0.02390864540948201,32944.19140625,158.07765226818267,159.33968622116817,157.4814705118967,4.730291654471262,161.3953643798828,170.85594768882532,151.9347810709403,-0.23685964900406764
AAPL,2022-03-14,147.8563995361328,150.6199951171875,154.1199951171875,150.10000610351562,151.4499969482422,108732100,32.55994346968771,39.49028017766457,44.64393911797089,162.29333431064373,165.26256055507827,163.70436339434428,159.83560117119737,163.50986342576527,-3.674262254567907,8.0,96.0,4.0,98.0,10.196948030164982,-0.02656241586574204,32945.23828125,156.57693830217633,158.05026099795387,157.45557168267854,5.503918779429692,160.51089477539062,171.51873233425002,149.50305721653123,-0.2942325297326305
AAPL,2022-03-15,152.2444305419922,155.08999633789062,155.57000732421875,150.3800048828125,150.89999389648438,92964300,39.77105010258095,43.14003197403538,46.724947609141104,161.6073021227625,164.92903385943276,163.51503664585078,159.10550811991942,162.88616956740418,-3.7806614474847606,4.0,92.0,2.0,96.0,7.865360182397271,0.029677653585680863,33544.33984375,155.7893775576637,157.26297869001115,157.4720714701942,5.652028114768217,159.83404617309571,171.13810240263214,148.5299899435593,-0.16880898764750898
AAPL,2022-03-16,156.66183471679688,159.58999633789062,160.0,154.4600067138672,157.0500030517578,102300200,46.027637991405356,46.5083705075654,48.70578328930539,161.4151777622985,164.7539834488904,163.4287720236978,159.18004476883806,162.64200858744022,-3.4619638186021575,0.0,88.0,0.0,94.0,63.608593992393736,0.029015210336947428,34063.1015625,155.63736208961123,156.96086331322078,157.53101125157295,5.1955064196007115,159.18615493774413,169.57716777694554,148.79514209854273,-0.1570803210441723
AAPL,2022-03-17,157.67294311523438,160.6199951171875,161.0,157.6300048828125,158.61000061035156,75615400,47.37516739257662,47.25011694862911,49.14739670688222,161.33944608181176,164.61844284785096,163.36704066311515,159.40157559166107,162.49222981186594,-3.0906542202048684,0.0,84.0,0.0,92.0,23.60021838129767,0.006454082452598042,34480.76171875,155.6496109735398,156.81674790155319,157.59826171533385,4.612951288794902,158.60059814453126,167.82650072212107,149.37469556694145,-0.0681725283677273
AAPL,2022-03-18,160.97129821777344,163.97999572753906,164.47999572753906,159.75999450683594,160.50999450683594,123511700,51.61871069723648,49.613727053449054,50.56413493512405,161.59092700045244,164.5975101553817,163.38051220299258,160.10594792025768,162.6024346945084,-2.4964867742507124,12.0,80.0,8.0,90.0,77.48662509897355,0.02091896705529539,34754.9296875,156.1411868140811,157.04252886090958,157.69656916604114,4.335936027422004,158.3600929260254,167.03196498086942,149.6882208711814,0.03116722129628536
AAPL,2022-03-21,162.3456268310547,165.3800048828125,166.35000610351562,163.00999450683594,163.50999450683594,95811400,53.308203540388405,50.57075746307084,51.14285904273882,161.9517915606772,164.6231657202155,163.42445709705456,160.91734129911225,162.80818063438278,-1.8908393352705275,8.0,76.0,6.0,88.0,15.752415953569232,0.008537724603686625,34552.98828125,156.82666393461682,157.42210351853143,157.8065510426232,4.220581964778409,158.2658546447754,166.7070185743322,149.8246907152186,0.16060295379953726
AAPL,2022-03-22,165.7225341796875,168.82000732421875,169.4199981689453,164.91000366210938,165.50999450683594,81532000,57.257769247882926,52.852642111994854,52.53600371380484,162.60590734768115,164.76076708428116,163.5430406185307,162.13313607220556,163.2535011299262,-1.1203650577206474,4.0,72.0,4.0,86.0,-10.564396881183992,0.020800728757214948,34807.4609375,157.9420139857701,158.13226347423736,157.9481794123863,4.494690214399009,158.4867286682129,167.47610909701092,149.49734823941486,0.27689214419072233
AAPL,2022-03-23,167.0869903564453,170.2100067138672,172.63999938964844,167.64999389648438,167.99000549316406,98062700,58.775144618249506,53.74734959403357,53.08753580312315,163.33010728731793,164.9394306786938,163.6895673459007,163.37573155553812,163.76879783984774,-0.39306628430961155,0.0,68.0,2.0,84.0,8.947418708309819,0.008233377455345803,34358.5,159.21816217331659,158.95133601597377,158.10126236759015,4.872157647350975,158.98442687988282,168.72874217458477,149.24011158518087,0.2874977895667551
AAPL,2022-03-24,170.8761749267578,174.07000732421875,174.13999938964844,170.2100067138672,171.05999755859375,90131400,62.731939107093204,56.14414899489362,54.58303000616833,164.3529549098799,165.23879384739953,163.91770888388572,165.02100475071975,164.5318503942456,0.4891543564741596,96.0,64.0,0.0,82.0,-36.14382117997131,0.022677915032337737,34707.94140625,160.96232575916108,160.08388344900948,158.28989952618804,5.551940111824747,159.54053192138673,170.64441214503623,148.43665169773723,0.396261165663278
AAPL,2022-03-25,171.5142059326172,174.72000122070312,175.27999877929688,172.75,173.8800048828125,80546200,63.36948014185637,56.53742801369326,54.83043719997916,165.34029265376785,165.54965310554064,164.15512190227733,166.51315805379411,165.28652823324245,1.2266298205516648,96.0,60.0,36.0,80.0,-12.425223595312598,0.003733879261593076,34861.23828125,162.68965512230284,161.22423335484095,158.48256657652593,6.152071506917231,160.0249771118164,172.3291201256509,147.72083409798194,0.5370201391468835
AAPL,2022-03-28,172.3780975341797,175.60000610351562,175.72999572753906,172.0,172.1699981689453,90371900,64.26096970321791,57.077891081529714,55.167860465322704,166.3174082204105,165.87917287596605,164.40665781878806,167.9111346768282,166.0504895569664,1.8606451198618004,96.0,56.0,34.0,78.0,-4.928326912597337,0.005036851594099945,34955.890625,164.38800775437127,162.40072101411366,158.6814295401502,6.736208835259177,160.53936538696288,174.01178305748124,147.06694771644453,0.6425337106283961
AAPL,2022-03-29,175.6764678955078,178.9600067138672,179.00999450683594,176.33999633789062,176.69000244140625,100589400,67.51199993554312,59.09204565221953,56.435727455780395,167.52146521978733,166.30805267393,164.72651164065792,169.61096114406496,167.00675008710718,2.60421105695778,96.0,52.0,98.0,76.0,20.50329202725626,0.019134509595536642,35294.19140625,166.35636393229166,163.84234982445128,158.91072940959265,7.536600953506912,161.31290969848632,176.38611160550013,146.2397077914725,0.6348853359611721
AAPL,2022-03-30,174.50828552246094,177.77000427246094,179.61000061035156,176.6999969482422,178.5500030517578,92633200,65.24817658198093,58.090836364020326,55.86476524997668,168.4975165581372,166.6838543656851,165.01318180838985,170.86619854843354,167.80402817491117,3.0621703735223775,96.0,48.0,98.0,74.0,16.19119772015734,-0.006649623521243098,35228.80859375,168.01928347632997,165.09905228387743,159.12601099384364,8.086601112771056,161.863126373291,178.0363285988331,145.6899241477489,0.5899193861891733
AAPL,2022-03-31,171.40626525878906,174.61000061035156,178.02999877929688,174.39999389648438,177.83999633789062,103049300,59.53890058275381,55.5012701729162,54.374189883955495,169.0796578964433,166.9437280130512,165.22410090293846,171.44216809642094,168.30817428124007,3.1339938151808724,92.0,44.0,96.0,72.0,34.39156268258075,-0.017775776401588783,34678.3515625,169.08863045828684,166.00792265392485,159.30804939459804,8.361638479614346,162.2744384765625,178.99771543579118,145.5511615173338,0.44399476346197747
AAPL,2022-04-01,171.11175537109375,174.30999755859375,174.8800048828125,171.94000244140625,174.02999877929688,78751300,59.01095972981208,55.258737717321885,54.23399996912274,169.57778548331478,167.18524504733128,165.42379093932647,171.8833726290629,168.75275378326626,3.130618845796647,88.0,40.0,94.0,70.0,-5.954223451464821,-0.0017181979156400962,34818.26953125,169.93284970238096,166.84957188197544,159.4849591702134,8.57210571655917,162.82121887207032,179.96543030518865,145.677007438952,0.3757829452926125
AAPL,2022-04-04,175.16598510742188,178.44000244140625,178.49000549316406,174.44000244140625,174.57000732421875,76468400,63.773164016694004,57.88595868944276,55.83355368174514,170.42180614599016,167.55425348648126,165.70986152178975,172.89208490788496,169.4703277579433,3.4217571499416692,84.0,36.0,92.0,68.0,-20.69140043228084,0.02369346119754101,34921.87890625,171.09615333193824,168.02526390438987,159.70010576921908,8.853650429900679,163.76065979003906,181.46796064984042,146.0533589302377,0.42407444962707586
AAPL,2022-04-05,171.84799194335938,175.05999755859375,178.3000030517578,174.4199981689453,177.5,73401800,57.84948417193417,55.13805678347249,54.250127961659636,170.86353866147624,167.8003434560587,165.91535901710412,173.22560993107092,169.88437737280628,3.341232558264636,80.0,32.0,90.0,66.0,-44.03145141797492,-0.018941994714485877,34641.1796875,171.5987573532831,168.7954860142299,159.87986735633356,8.750906546460584,164.62549514770507,182.12730824062623,147.1236820547839,0.26857668339968843
AAPL,2022-04-06,168.67726135253906,171.8300018310547,173.6300048828125,170.1300048828125,172.36000061035156,89058800,52.80202588392083,52.66067718141537,52.790258600585105,170.95558277286466,167.9324634027799,166.04535116686128,173.01090099260688,170.0284977030469,2.982403289559983,76.0,28.0,88.0,64.0,-2.619979902662405,-0.018450786389551666,34496.51171875,171.53396722702752,169.18136850992838,160.0259637891475,8.723353880015248,165.06134948730468,182.5080572473352,147.61464172727418,0.19899365203729885
AAPL,2022-04-07,168.9815673828125,172.13999938964844,173.36000061035156,169.85000610351562,171.16000366210938,77594700,53.22385213269156,52.87142877052251,52.91434579807543,171.0683843554155,168.07041540234937,166.17929947945,172.8769161306133,170.18490523538776,2.692010895225536,72.0,24.0,86.0,62.0,-26.340206185567013,0.001804072628600606,34583.5703125,171.40494820731027,169.55472259521486,160.17321199635367,8.469669307664404,165.7298553466797,182.6691939620085,148.7905167313509,0.1406297326258015
AAPL,2022-04-08,166.9691619873047,170.08999633789062,171.77999877929688,169.1999969482422,171.77999877929688,76575500,50.03886769536829,51.30501036269031,51.992173302543236,170.97520454422263,168.13663117072775,166.2652488609542,172.4481592394252,170.17787494668428,2.270284292740911,68.0,20.0,84.0,60.0,-21.031843836399055,-0.011909023135931118,34721.12109375,170.9313201904297,169.6727517990839,160.29853136660446,7.819088734516311,166.48376388549804,182.12194135453066,150.8455864164654,0.06467075059972964
AAPL,2022-04-11,162.70880126953125,165.75,169.02999877929688,165.5,168.7100067138672,72246700,44.03155040921055,48.171696916503834,50.1057836079462,170.47756601620142,168.0583809684088,166.25392471016397,171.41767320259055,169.84988420989285,1.5677889926977002,64.0,16.0,82.0,58.0,-33.555316231361296,-0.02551585374847465,34308.078125,169.84561040969123,169.3132315499442,160.37964020079048,6.560916064135482,167.22638397216798,180.34821610043895,154.104551843897,-0.12740992262142223
AAPL,2022-04-12,164.5837860107422,167.66000366210938,169.8699951171875,166.63999938964844,168.02000427246094,79265200,47.04468612144943,49.57715230647653,50.905709441662125,170.20922674438313,168.04531941738261,166.28482754427267,170.83957019636267,169.68767083598297,1.1518993603797014,60.0,12.0,80.0,56.0,-14.735871727103845,0.011523560659174148,34220.359375,169.03860081263952,169.06155555361792,160.47778408221345,5.585593231202069,167.84335174560547,179.0145382080096,156.67216528320134,-0.20319946341145928
AAPL,2022-04-13,167.27349853515625,170.39999389648438,171.0399932861328,166.77000427246094,167.38999938964844,70618900,51.11081400533407,51.532409533772714,52.03144960922776,170.22739504458326,168.1225218593204,166.3752707608048,170.77194307330447,169.74043550713122,1.0315075661732465,56.0,8.0,78.0,54.0,-30.96895216236136,0.016342512161182876,34564.58984375,168.61405959356398,169.00728381928943,160.60105768991346,4.933485062150532,168.37393493652343,178.2409050608245,158.50696481222235,-0.0874152337653761
AAPL,2022-04-14,162.2572479248047,165.2899932861328,171.27000427246094,165.0399932861328,170.6199951171875,75329400,44.281843684736785,47.93725687175383,49.85589026538426,169.75716630568323,168.02965207003555,166.3514185086142,169.92856618297037,169.41077312039062,0.5177930625797558,52.0,4.0,76.0,52.0,-0.3782298314893527,-0.02998831646542799,34451.23046875,167.55499616350446,168.42474219912575,160.67272633566785,4.497356321811782,168.60315017700196,177.59786282062552,159.6084375333784,-0.1370633223544489
AAPL,2022-04-18,162.04129028320312,165.07000732421875,166.60000610351562,163.57000732421875,163.9199981689453,69023900,44.00922215273726,47.788408847152695,49.764481516024304,169.31077021221043,167.9326145373858,166.32325562544065,169.18109558931627,169.08923491326675,0.09186067604952086,48.0,0.0,74.0,50.0,-44.115496750510275,-0.0013309583661966773,34411.69140625,166.5552998860677,167.7998031616211,160.7408343323665,4.407252758141246,168.65664978027343,177.4711552965559,159.84214426399095,-0.11372701899499417
AAPL,2022-04-19,164.32855224609375,167.39999389648438,167.82000732421875,163.91000366210938,165.02000427246094,67723800,47.68297167053485,49.510332939399554,50.740554001165684,169.12879151547463,167.91515156555297,166.3469202028262,168.9070799442652,168.96410594906064,-0.05702600479543207,44.0,0.0,72.0,48.0,-29.31550942789689,0.014115303321105,34911.19921875,165.95901765369234,167.38760339646112,160.83031515776221,4.278221953276575,168.75579605102538,177.31223995757853,160.19935214447224,-0.15370385147733195
AAPL,2022-04-20,164.1616668701172,167.22999572753906,168.8800048828125,166.10000610351562,168.75999450683594,67929800,47.43839776958764,49.3870913858318,50.66725891002711,168.94795382138554,167.89268743971647,166.36632845611658,168.6490669878458,168.83565334005905,-0.18658635221325426,40.0,0.0,70.0,46.0,-16.68326546631997,-0.0010155592177715222,35160.7890625,165.4485594249907,166.9500672839937,160.91676646142457,4.350099869157941,168.67775268554686,177.37795242386275,159.97755294723098,-0.133443292327502
AAPL,2022-04-21,163.36651611328125,166.4199981689453,171.52999877929688,165.91000366210938,168.91000366210938,87227800,46.22190231347942,48.78703616981173,50.31390263425554,168.70719614020075,167.84440254559283,166.36750801024468,168.30613332339956,168.65671591997656,-0.35058259657699864,36.0,0.0,68.0,44.0,-11.048951334197406,-0.004843705427680978,34792.76171875,164.930620320638,166.4442352294922,160.9940453312053,4.498716900526029,168.49172897338866,177.48916277444073,159.4942951723366,-0.17679062087003916
AAPL,2022-04-22,158.82147216796875,161.7899932861328,167.8699951171875,161.5,166.4600067138672,84882400,39.92034290091216,45.50939289522429,48.34728458495779,168.0484149160038,167.64589732397118,166.2669032910334,167.30365024074314,168.1480697989511,-0.8444195582079601,32.0,0.0,66.0,42.0,-5.82371959161846,-0.027821147524263123,33811.3984375,163.88324439639138,165.52325839088076,161.02500297052944,4.947583740514078,167.8889938354492,177.78416131647737,157.99382635442106,-0.30060263971619744
AAPL,2022-04-25,159.89146423339844,162.8800048828125,163.1699981689453,158.4600067138672,161.1199951171875,96046400,41.9275738473662,46.38871940908269,48.82777278879393,167.5561853890332,167.4896385554086,166.1924659633802,166.6230894164461,167.757842768126,-1.1347533516799047,28.0,96.0,64.0,40.0,19.243862528586078,0.0067370743440664516,34049.4609375,163.0955843970889,164.76158890497118,161.06567182550384,5.176653172376687,167.30785675048827,177.66116309524165,156.9545504057349,-0.20696035891708653
AAPL,2022-04-26,153.92303466796875,156.8000030517578,162.33999633789062,156.72000122070312,162.25,95623200,34.919453700101215,42.42816024498794,46.37247974806758,166.53178707119744,167.13915870282986,165.9860382070808,165.11184536034023,166.94615093728393,-1.8343055769437058,24.0,96.0,62.0,38.0,5.81076639973266,-0.03732800618247756,33240.1796875,161.65760541643417,163.48684394473122,161.04605555671958,5.829027528267839,166.38510360717774,178.04315866371343,154.72704855064205,-0.251912183734995
AAPL,2022-04-27,153.69728088378906,156.57000732421875,159.7899932861328,155.3800048828125,155.91000366210938,88063200,34.68330695983322,42.28654319646968,46.28265343846714,165.58304614291376,166.79262914943277,165.77909247339153,163.79771643170614,166.1775477066865,-2.3798312749803756,20.0,96.0,60.0,36.0,-12.452803178068464,-0.0014666666666666162,33301.9296875,160.36023981003535,162.27847987583706,161.02356248922015,6.0527107394675905,165.2861442565918,177.39156573552697,153.18072277765663,-0.22385553312687098
AAPL,2022-04-28,160.63754272460938,163.63999938964844,164.52000427246094,158.92999267578125,159.25,130216800,46.63201209069837,47.837349505014146,49.35983479391082,165.3979940711742,166.6892642392759,165.732079438584,163.77345227138957,165.98958116468367,-2.2161288932940977,16.0,92.0,58.0,34.0,40.57249452680033,0.04515539768115917,33916.390625,160.130908929734,161.83575592041015,161.06956293286376,5.7262671316852405,164.5926071166992,176.0451413800697,153.14007285332872,-0.18914454031109348
AAPL,2022-04-29,154.75741577148438,157.64999389648438,166.1999969482422,157.25,161.83999633789062,131747600,39.96183179493738,44.10983348947267,47.03064822893441,164.6600892926323,166.39289471984011,165.5544511849115,162.8313817521734,165.37183395963189,-2.540452207458486,12.0,88.0,56.0,32.0,27.84909747082222,-0.0366049358910181,32977.2109375,159.19702802385603,160.8990710303897,161.05631624288227,5.891378232379442,163.760164642334,175.54292110709287,151.97740817757511,-0.15669757627827208
AAPL,2022-05-02,155.06175231933594,157.9600067138672,158.22999572753906,153.27000427246094,156.7100067138672,123055300,40.43671211463806,44.34260880801131,47.16232694818341,164.02198618989277,166.11640658849674,165.38754031741604,162.08193943858782,164.82280971920488,-2.7408702806170595,8.0,96.0,54.0,30.0,56.25811891359254,0.0019665393502108497,33061.5,158.42002766927084,160.07065080915177,161.0456193291963,5.9302736817193,162.9576644897461,174.8182118531847,151.0971171263075,-0.1490933384618889
AAPL,2022-05-03,156.55384826660156,159.47999572753906,160.7100067138672,156.32000732421875,158.14999389648438,88966500,42.82449097146545,45.49675492462559,47.81138460197761,163.5894156696686,165.89881934715388,165.25770417258357,161.6816404061188,164.42704571982225,-2.7454053137034578,4.0,92.0,52.0,28.0,16.344136924533533,0.009622591805829694,33128.7890625,157.91480247860864,159.46076354980468,161.04917391193447,5.345140246737319,162.02705764770508,172.7173381411797,151.33677715423045,-0.1674158908681514
AAPL,2022-05-04,162.973876953125,166.02000427246094,166.47999572753906,159.25999450683594,159.6699981689453,108256500,51.78134389388979,50.112717519529824,50.48203198158641,163.82090029850596,165.90279262339345,165.2744580209325,162.34908100094066,164.5450426496473,-2.195961648706657,0.0,88.0,50.0,26.0,47.48480282499884,0.041008437400979814,34061.05859375,158.34205671037947,159.55093681698753,161.11574830164363,4.830539805310491,161.58335189819337,171.24443150881436,151.92227228757238,-0.018326386324064792
AAPL,2022-05-05,153.8936004638672,156.77000427246094,164.0800018310547,154.9499969482422,163.85000610351562,130525300,41.80594566269452,44.57548944551894,47.0101240479592,163.1493863912636,165.60335693975634,165.08754694953754,161.49076150425145,163.96911388096683,-2.478352376715378,8.0,84.0,48.0,24.0,46.560811508800924,-0.05571614702317906,32997.96875,157.59955618722097,158.8185795375279,161.0909711414546,4.818981524384358,160.84416885375975,170.48213190252847,151.20620580499104,-0.09209447668923693
AAPL,2022-05-06,154.62107849121094,157.27999877929688,159.44000244140625,154.17999267578125,156.00999450683594,116124600,42.757386676030066,45.0796775685497,47.306391569600606,162.5903970948858,165.3304599508888,164.9159524842575,160.84295185425844,163.4736238734357,-2.6306720191772683,4.0,80.0,46.0,22.0,49.655324397155994,0.0047271493106340046,32899.37109375,157.03370651971727,158.22590426490422,161.07284730901765,4.607930763450561,160.1261444091797,169.3420059360808,150.91028288227858,0.004814472953640022
AAPL,2022-05-09,149.4893341064453,152.05999755859375,155.8300018310547,151.49000549316406,154.92999267578125,131577900,38.03350102408571,42.266929432379456,45.4762088373602,161.5875019009532,164.8953628232726,164.6334040243528,159.4917281164639,162.62817007233633,-3.136441955872442,0.0,96.0,44.0,20.0,71.82767334199582,-0.03318916434189356,32245.69921875,155.85429295131138,157.21287471226285,161.0031079784792,4.890727624258048,159.2521530151367,169.0336082636528,149.47069776662062,-0.07249008573671387
AAPL,2022-05-10,151.89793395996094,154.50999450683594,156.74000549316406,152.92999267578125,155.52000427246094,115366700,41.310904875964916,43.96859976451799,46.46809289726735,160.91345357770396,164.55485894404518,164.4109115074843,158.7253075611365,162.0268237341511,-3.3015161730145905,0.0,92.0,42.0,18.0,59.68438696853974,0.016112185313505778,32160.740234375,155.1373519170852,156.5124728974842,160.957122351803,5.082257555542881,158.71160964965821,168.87612476074398,148.54709453857245,0.0017224609272852897
AAPL,2022-05-11,144.0233154296875,146.5,155.4499969482422,145.80999755859375,153.5,142689800,34.825716286648884,39.97388089484204,43.8093261896651,159.54074371316074,163.96289635571583,164.0172651007264,156.84449101326936,160.8766886427325,-4.032197629463127,0.0,96.0,40.0,98.0,80.01569415077486,-0.051841511763742076,31834.109375,153.48725920177642,155.11358773367746,160.83247092859068,5.852954178548661,157.68358612060547,169.38949447770278,145.97767776350815,-0.11945006660197334
AAPL,2022-05-12,140.14991760253906,142.55999755859375,146.1999969482422,138.8000030517578,142.77000427246094,182602000,32.152012293104264,38.20335634669458,42.586310841402685,157.92352979367817,163.26116196892494,163.5456768030971,154.64687663562697,159.51989671057405,-4.873020074947078,0.0,96.0,38.0,98.0,158.57383788192678,-0.02689424150244224,31730.30078125,151.5049344017392,153.44371454148066,160.66925065984773,6.607663251104273,156.3274070739746,169.54273357618314,143.11208057176606,-0.18678959327244507
AAPL,2022-05-13,144.6229705810547,147.11000061035156,148.10000610351562,143.11000061035156,144.58999633789062,113990900,38.06548539976655,41.31615074215433,44.414873284034115,156.89366987145658,162.73161569487334,163.18445315050928,153.48735724712307,158.6006451475946,-5.1132879004715335,0.0,92.0,36.0,96.0,51.32325493100968,0.03191620127241945,32196.66015625,150.29684099469867,152.3290063040597,160.5506164619104,6.942794422196198,155.4456932067871,169.3312820511795,141.5601043623947,-0.08913960815319281
AAPL,2022-05-16,143.07952880859375,145.5399932861328,147.52000427246094,144.17999267578125,145.5500030517578,86643800,36.87131800750307,40.58462839656041,43.9223351108556,155.812367339521,162.1679559437671,162.7966628238197,152.26468586850916,157.633189454153,-5.36850358564385,28.0,88.0,34.0,94.0,25.527244910820745,-0.010672175839424591,32223.419921875,149.0283695765904,151.15127636137464,160.41651227201396,7.2811515666946365,154.49760513305665,169.05990826644592,139.9353019996674,-0.11273526195905612
AAPL,2022-05-17,146.71697998046875,149.24000549316406,149.77000427246094,146.67999267578125,148.86000061035156,78336300,41.52697527304114,43.04902225338599,45.37897487379375,155.18642811605844,161.74408871587846,162.49871431105805,151.79935042614838,157.01147212370938,-5.2121216975610025,24.0,84.0,32.0,92.0,15.670266582796593,0.025422582826233997,32654.58984375,148.34816313244048,150.41026444208055,160.31857675049434,7.092139560434056,153.61702651977538,167.80130564064348,139.43274739890728,-0.1315698639421372
AAPL,2022-05-18,138.4393310546875,140.82000732421875,147.36000061035156,139.89999389648438,146.85000610351562,109742900,35.17036396451515,39.21087259396297,42.79751965737175,153.81819756445466,161.05805326041423,162.02225921244622,150.1102207181592,155.81210436078416,-5.701883642624949,20.0,80.0,30.0,90.0,61.553397772406214,-0.05641916107381151,31490.0703125,146.63074922107515,148.9647696358817,160.13805418555415,7.404698006819051,152.3309097290039,167.140305742642,137.5215137153658,-0.3427983330714511
AAPL,2022-05-19,135.0280303955078,137.35000610351562,141.66000366210938,136.60000610351562,139.8800048828125,136095600,32.933059379633775,37.771637665530115,41.79763806116348,152.24979837769857,160.28074023887658,161.48001189137082,148.14711077744482,154.44454152691242,-6.297430749467594,16.0,96.0,28.0,98.0,56.02319444030458,-0.02464112353903336,31253.130859375,144.66990676153273,147.31687636602493,159.9238672603778,7.878060926240584,150.91398544311522,166.67010729559638,135.15786359063407,-0.28479486357997436
AAPL,2022-05-20,135.263916015625,137.58999633789062,140.6999969482422,132.61000061035156,139.08999633789062,137426100,33.24926562961116,37.934998404599476,41.893425957976625,150.85362675485973,159.53678142245082,160.95495660448114,146.52293932520573,153.196056698096,-6.67311737289026,12.0,96.0,26.0,98.0,61.9017605534245,0.0017469381685140117,31261.900390625,142.9284146263486,145.8263935634068,159.71245616172678,8.378736996210314,149.73610763549806,166.49358162791867,132.97863364307744,-0.3191191827565646
AAPL,2022-05-23,140.6906280517578,143.11000061035156,143.25999450683594,137.64999389648438,137.7899932861328,117726300,40.23092249732439,41.59307850735149,44.054858277888506,150.11613855062086,158.99819844500493,160.5627597694453,145.99787183061278,152.44894143233714,-6.451069601724356,8.0,92.0,24.0,96.0,22.57231921238068,0.04011943610671409,31880.240234375,142.09903491792224,144.9649193173363,159.55546451853283,8.252965231540273,148.77606582641602,165.28199628949656,132.27013536333547,-0.17216620147693718
AAPL,2022-05-24,137.9871063232422,140.36000061035156,141.97000122070312,137.3300018310547,140.80999755859375,104132700,38.09331021176292,40.36397701669551,43.237257082060154,149.1869825563095,158.38710999140974,160.11874308463004,145.13050702749567,151.55346433441227,-6.422957306916601,4.0,88.0,22.0,94.0,8.898991039831337,-0.019216075483869832,31928.619140625,141.06026393345425,143.9373993646531,159.37169040205467,8.495602377707375,147.9792694091797,164.97047416459444,130.98806465376495,-0.1603167715172123
AAPL,2022-05-25,138.14442443847656,140.52000427246094,141.7899932861328,138.33999633789062,138.42999267578125,92482700,38.29875561206948,40.47013306143954,43.2997391738856,148.3615560530858,157.80130324652617,159.68800157227466,144.4211989113365,150.73617099648993,-6.3149720851534425,0.0,84.0,20.0,92.0,5.018554856057921,0.0011400928639364594,32120.279296875,140.28043794177827,143.00074746268137,159.18973194938394,8.654976933398716,147.20162658691407,164.5115804537115,129.89167272011665,-0.007904813682300817
AAPL,2022-05-26,141.3493194580078,143.77999877929688,144.33999633789062,137.13999938964844,137.38999938964844,90601500,42.48621444558535,42.62771617464281,44.568151764864126,147.92521726510589,157.34158834596127,159.33837513726414,144.32255273717655,150.22089898040156,-5.8983462432250064,0.0,80.0,18.0,90.0,-30.422572202665094,0.02319959732402066,32637.189453125,140.07792343866257,142.443384878976,159.03988161533033,8.138239066828975,146.237215423584,162.51369355724194,129.96073728992604,0.11675836926772258
AAPL,2022-05-27,147.11021423339844,149.63999938964844,149.67999267578125,145.25999450683594,145.38999938964844,90978500,49.16476586031546,46.258597234370605,46.75299717552323,148.08852984839567,157.08907723263954,159.12522402193193,145.14062145294145,150.1778693810865,-5.037247928145064,28.0,76.0,16.0,88.0,-30.944852126338546,0.04075643800394868,33212.9609375,140.76992594401042,142.52652762276784,158.94742545056698,7.892808503727453,145.8548553466797,161.6404723541346,130.0692383392248,0.15106983429239865
AAPL,2022-05-31,146.32376098632812,148.83999633789062,150.66000366210938,146.83999633789062,149.07000732421875,103718400,48.339525699018886,45.847820522752656,46.49769783275949,148.16009808549043,156.81861556395924,158.8991750618431,145.70975605062594,150.07876767418313,-4.369011623557185,24.0,72.0,14.0,86.0,-15.713992001969846,-0.005346013879244049,32990.12109375,141.37972630092077,142.57118530273436,158.84707667867934,7.592473390282251,145.4179557800293,160.6029025605938,130.2330089994648,0.14553398963823339
AAPL,2022-06-01,146.1959686279297,148.7100067138672,151.74000549316406,147.67999267578125,149.89999389648438,74286600,48.19795556097339,45.77931762983635,46.45563635251343,148.21247033581204,156.55275953608736,158.67523729595354,146.17133307574,149.97737797341898,-3.806044897678987,20.0,68.0,12.0,84.0,-16.500480517947764,-0.0008733534289784295,32813.23046875,142.02557503836496,142.64528176443918,158.74543849432646,7.132211255428941,144.9000617980957,159.16448430895358,130.6356392872378,0.11373395608611728
AAPL,2022-06-02,148.6536865234375,151.2100067138672,151.27000427246094,146.86000061035156,147.8300018310547,72348100,51.16041919875357,47.34832092744072,47.38959113332881,148.4979499908649,156.37758731240802,158.51116629414943,146.94651363545188,150.0686838060448,-3.1221701705929092,16.0,64.0,10.0,82.0,-33.16974038510389,0.016811119475959924,33248.28125,142.97842755998883,143.00276983351935,158.66834210827577,5.820444105287222,144.18405227661134,155.82494048718578,132.5431640660369,0.3059500848912767
AAPL,2022-06-03,142.92227172851562,145.3800048828125,147.97000122070312,144.4600067138672,146.89999389648438,88570300,44.735432139681556,44.25153427572816,45.50100494315599,148.20100283771703,156.01701083930652,158.22256934005412,146.70551228889198,149.72137425617572,-3.0158619672837403,12.0,60.0,8.0,80.0,-32.14319369501545,-0.03855548374858653,32899.69921875,143.08610316685267,142.88260025751023,158.53413604508586,5.3556270629597655,143.63548583984374,154.34673996576328,132.9242317139242,0.3361112945721075
AAPL,2022-06-06,143.66941833496094,146.13999938964844,148.57000732421875,144.89999389648438,147.02999877929688,71598400,45.692898356528325,44.74013574929963,45.78838992300006,148.00471679504383,155.69317439833412,157.95701835213313,146.61851030439297,149.45608722902557,-2.8375769246326,8.0,56.0,6.0,78.0,-38.34346899795564,0.005227642951719513,32915.78125,143.3095954531715,142.88583192371186,158.407382205185,4.692059619669822,143.08790283203126,152.4720220713709,133.70378359269162,0.38289865055688244
AAPL,2022-06-07,146.1959686279297,148.7100067138672,149.0,144.10000610351562,144.35000610351562,67808200,48.915960755046235,46.38792202048466,46.75718653663257,148.07188726350319,155.4642180808106,157.7537873271163,146.94027898277363,149.4008220056805,-2.460543022906876,4.0,52.0,4.0,76.0,-48.46535778424796,0.0175858601103136,33180.140625,143.86434311639695,143.1818381899879,158.3057654871395,4.50982835382328,142.92323455810546,151.94289126575202,133.9035778504589,0.3672873566719791
AAPL,2022-06-08,145.45864868164062,147.9600067138672,149.8699951171875,147.4600067138672,148.5800018310547,53950200,48.02028758826366,45.97304759573221,46.509680598675644,148.06123197306167,155.21817836386165,157.53853940155037,147.09716017217264,149.29409494702767,-2.1969347748550376,0.0,48.0,2.0,74.0,-53.235899093932645,-0.005043367154436096,32910.8984375,144.32574346633186,143.42330620175315,158.19675644300472,4.040859467707053,142.60127029418945,150.68298922960355,134.51955135877535,0.3827964743998757
AAPL,2022-06-09,140.2285614013672,142.63999938964844,147.9499969482422,142.52999877929688,147.0800018310547,69473000,42.127720055733704,43.135189495068275,44.79343857424738,147.54492410797468,154.8057790532317,157.21109896172834,146.41144312870736,148.8011989798144,-2.389755851107026,0.0,44.0,0.0,72.0,-51.311866720676605,-0.03595583574903349,32272.7890625,144.0229482014974,143.19733392624627,158.03576163296677,4.059620715582264,142.41153259277343,150.53077402393797,134.2922911616089,0.21656821464537077
AAPL,2022-06-10,134.8117218017578,137.1300048828125,140.75999450683594,137.05999755859375,140.27999877929688,91437900,37.055950709881394,40.453116038601664,43.11213674078078,146.5530270389116,154.2262454738737,156.7697562347192,144.98352955241586,147.93666608374016,-2.9531365313243043,0.0,40.0,4.0,70.0,-49.92502820341508,-0.03862864701367863,31392.7890625,142.94837878999255,142.47354242234002,157.82117864504383,4.379060772334149,142.14462280273438,150.90274434740266,133.3865012580661,-0.0012393979439996488
AAPL,2022-06-13,129.65048217773438,131.8800048828125,135.1999969482422,131.44000244140625,132.8699951171875,122207100,32.9816202060309,38.111593310704116,41.59422576824224,145.15559635737836,153.49358184793724,156.2227287324795,142.9676026801692,146.74728377256034,-3.7796810923911437,4.0,96.0,2.0,98.0,7.207768339402532,-0.038284798643942075,30516.740234375,141.18995070684525,141.28362426757812,157.555758887903,5.1457691538302734,141.39599838256837,151.6875366902289,131.10446007490782,-0.1333828108949129
AAPL,2022-06-14,130.51560974121094,132.75999450683594,133.88999938964844,131.47999572753906,133.1300048828125,84784300,34.285890880716366,38.728086431384554,41.943844806616866,143.9750628478029,152.81379209904867,155.70706424400382,141.3972014227333,145.71118827139557,-4.3139868486622674,0.0,92.0,0.0,96.0,-2.1461431746991706,0.006672767805757873,30364.830078125,139.65201721191406,140.24739677792505,157.29968305521342,5.6696599855386784,140.7678024291992,152.10712240027655,129.42848245812186,-0.14195979498570263
AAPL,2022-06-15,133.1404266357422,135.42999267578125,137.33999633789062,132.16000366210938,134.2899932861328,91533000,38.214713463371325,40.59013343848153,43.00018910210551,143.1612466409437,152.24383146222021,155.2614143194275,140.4791693078176,144.94961822727598,-4.470448919458363,0.0,88.0,0.0,94.0,16.84621305831396,0.020111133830932548,30668.529296875,138.53521641322544,139.52098003569103,157.07046908022753,5.732290121035602,140.0889747619629,151.5535550040341,128.6243945198917,-0.07873957764487427
AAPL,2022-06-16,127.86125183105467,130.05999755859375,132.38999938964844,129.0399932861328,132.0800018310547,108123900,33.83342837301423,38.17066364459658,41.452276070599716,141.91350863310083,151.51649264570787,154.7075370279806,138.87621980793702,143.84668336292913,-4.970463554992108,52.0,96.0,0.0,98.0,-1.475266281463311,-0.03965117836921739,29927.0703125,136.7621827625093,138.35643499465215,156.78955983783476,6.347502394492851,139.56007080078126,152.25507558976696,126.86506601179556,-0.22187388849966325
AAPL,2022-06-17,129.33587646484375,131.55999755859375,133.0800018310547,129.80999755859375,130.07000732421875,134520300,36.039319663548774,39.22013161815488,42.04689979226891,140.92745995933825,150.86218133137626,154.1987998967853,137.7506471541919,142.9365584885339,-5.185911334341995,48.0,92.0,0.0,96.0,-1.1574951725110878,0.011533006385214595,29888.779296875,135.31422351655505,137.38270220075336,156.52435712975648,6.6802918116187255,139.27546310424805,152.6360467274855,125.9148794810106,-0.14420821217216342
AAPL,2022-06-21,133.57305908203125,135.8699951171875,137.05999755859375,133.32000732421875,133.4199981689453,81000500,42.020667579752356,42.14627688161738,43.722748148741985,140.44579664103819,150.37063424238647,153.7959690225084,137.46131607157585,142.41310934991563,-4.951793278339778,44.0,88.0,0.0,94.0,-41.05886727484808,0.03276107707314502,30530.25,134.60050136021206,136.83961610339938,156.3023088498851,6.744126594027395,139.19092025756837,152.67917344562315,125.70266706951358,-0.05637154981654632
AAPL,2022-06-22,133.0618133544922,135.35000610351562,137.75999450683594,133.91000366210938,134.7899932861328,73409200,41.51619137242905,41.89390916953233,43.56763505342491,139.96048325651222,149.87815463127595,153.39056324406897,137.13649915341273,141.88991651684898,-4.753417363436256,40.0,84.0,14.0,92.0,-37.64417976272082,-0.003827461398672405,30483.130859375,133.94004836309523,136.25589163643974,156.07601167213858,6.869415489139659,138.8094795227051,152.5483105009844,125.07064854442578,-0.1604206640973404
AAPL,2022-06-23,135.9324493408203,138.27000427246094,138.58999633789062,135.6300048828125,136.82000732421875,72433800,45.47450731673815,43.8516459701193,44.691857985729335,139.79948525803115,149.4975595375443,153.05824326667098,137.31088455634324,141.62177486911654,-4.310890312773296,36.0,80.0,12.0,90.0,-30.44087015894143,0.02157370258197533,30677.359375,133.78743402390253,135.98188876197452,155.87917325679342,6.89766718119713,138.70674667358398,152.50208103597825,124.91141231118972,-0.10308204281464084
AAPL,2022-06-24,139.26515197753906,141.66000366210938,141.91000366210938,139.77000427246094,139.89999389648438,89116800,49.72852742954865,46.04048290103481,45.96704899108432,139.97667748699098,149.24059049244806,152.80773250613117,137.9799798033842,141.62460663156045,-3.644626828176257,32.0,76.0,10.0,88.0,-3.63949149408484,0.024517344113786477,31500.6796875,134.20033467610676,136.03507021949406,155.71636486983417,6.897410829950551,138.7627830505371,152.5576047104382,124.967961390636,0.06752064445791506
AAPL,2022-06-27,139.26515197753906,141.66000366210938,143.49000549316406,140.97000122070312,142.6999969482422,70207900,49.72852742954865,46.04048290103481,45.96704899108432,140.1369942655737,148.99204666194515,152.56272747659222,138.54613732011114,141.62722863382336,-3.0810913137122213,28.0,72.0,8.0,86.0,-22.509119606187536,0.0,31438.259765625,134.64806504022508,136.08291487920852,155.55418252821585,6.871973068511413,138.65857467651367,152.40252081353648,124.91462853949083,0.13351449516965644
AAPL,2022-06-28,135.11647033691406,137.44000244140625,143.4199981689453,137.32000732421875,142.1300048828125,67083400,44.69427750012589,43.75685891759472,44.63320320674407,139.88013790136728,148.61329111373075,152.2303598934013,138.37596272338732,141.31706373068135,-2.941101007294037,24.0,68.0,6.0,84.0,-26.26455701072231,-0.02978980442497281,30946.990234375,134.58458324614026,135.74557160877046,155.35129516449734,6.614100012584619,138.05888748168945,151.28708750685868,124.83068745652021,0.02055169670384997
AAPL,2022-06-29,136.876220703125,139.22999572753906,140.6699981689453,136.6699981689453,137.4600067138672,66242400,47.13878811401642,44.95778384321574,45.319959586957026,139.81821959909792,148.3056420846753,151.94463760404167,138.50735241633373,141.16246610081896,-2.6551136844852294,20.0,64.0,4.0,82.0,-36.13245094409478,0.013023951571728976,31029.310546875,134.8612538655599,135.6329366774786,155.16645115259274,6.3237556560217305,137.5865104675293,150.23402177957277,124.93899915548585,0.07733757558986513
AAPL,2022-06-30,134.40866088867188,136.72000122070312,138.3699951171875,133.77000427246094,137.25,98964500,44.18934051165105,43.60389663529846,44.52965735809158,139.52315118210794,147.925785007168,151.61003021100126,138.23237530931362,140.8333946282178,-2.6010193189041786,16.0,60.0,2.0,80.0,33.21985391712637,-0.018027673483220208,30775.4296875,134.89065391903833,135.33028433663503,154.95752840488112,6.021176460003174,136.9971450805664,149.03949800057276,124.95479216056006,0.032849657564573184
AAPL,2022-07-01,136.58131408691406,138.92999267578125,139.0399932861328,135.66000366210938,136.0399932861328,71051600,47.31510188663878,45.113152474720174,45.38533388868291,139.4666598957911,147.63084099630285,151.33134806737004,138.33970105800094,140.6924018910003,-2.3527008329993464,12.0,56.0,0.0,78.0,-1.79203047488462,0.016164532730831738,31097.259765625,135.26516868954613,135.29068138485863,154.77075130937112,5.35992734377816,136.39352645874024,147.11338114629655,125.67367177118392,0.16712277540042897
AAPL,2022-07-05,139.1668243408203,141.55999755859375,141.61000061035156,136.92999267578125,137.77000427246094,73353800,50.84336792575527,46.86792437614406,46.38955185965693,139.6660253874866,147.43179694916486,151.1165931111332,138.83513128886136,140.75666823674794,-1.9215369478865796,8.0,52.0,0.0,76.0,-17.18013826305206,0.01893019020347797,30967.8203125,135.96756490071616,135.55480499267577,154.6101641268754,5.181998692701714,136.20575408935548,146.5697514747589,125.84175670395206,0.22149100686827156
AAPL,2022-07-06,140.50381469726562,142.9199981689453,144.1199951171875,141.0800018310547,141.35000610351562,74064300,52.610715723906395,47.763500947977086,46.90469833569451,139.97592755714933,147.28386912030518,150.93644816734886,139.46357234733583,140.9169148983922,-1.4533425510563802,4.0,48.0,14.0,74.0,3.4440713758966677,0.009607105449004338,31037.6796875,136.7575946626209,135.96414409819104,154.46320345370924,4.986693278752085,136.0474739074707,146.02086046497487,126.07408734996653,0.2020393658363234
AAPL,2022-07-07,143.8758544921875,146.35000610351562,146.5500030517578,143.27999877929688,143.2899932861328,66253700,56.82674657640053,49.96917964957653,48.18604424414442,140.58298265680327,147.2532506607383,150.835647242869,140.5230236944404,141.31936609877172,-0.7963424043313125,0.0,44.0,12.0,72.0,-2.2924955978775428,0.02399963162699459,31384.55078125,137.902103969029,136.70970415387833,154.34991905554017,4.760017350026523,135.93146820068358,145.4515029007366,126.41143350063054,0.27337166679004576
AAPL,2022-07-08,144.55418395996094,147.0399932861328,147.5500030517578,145.0,145.25999450683594,64547800,57.64310416052448,50.40603661448582,48.441451302357024,141.19793605007274,147.24625861566926,150.75222627678687,141.52563440085464,141.74311626079844,-0.21748185994380265,0.0,40.0,10.0,70.0,19.643300673584157,0.0047146859364806115,31338.150390625,139.0348150344122,137.53091517857143,154.24318812128323,4.668149044915927,135.8862449645996,145.22254305443144,126.54994687476774,0.28555692712747277
AAPL,2022-07-11,142.42086791992188,144.8699951171875,146.63999938964844,143.77999877929688,145.6699981689453,63141600,54.173711590385295,49.01031777541749,47.6870968331652,141.54765596122652,147.1683483370305,150.6229464710814,142.04015143413662,141.97473691682728,0.06541451730933545,12.0,36.0,8.0,68.0,-9.113468541735639,-0.014757898952478254,31173.83984375,139.72410365513392,138.15326022193545,154.11502419618824,4.799374791207474,135.99586029052733,145.59460987294227,126.39711070811238,0.21081056782926313
AAPL,2022-07-12,143.3941192626953,145.86000061035156,148.4499969482422,145.0500030517578,145.75999450683594,77588800,55.489903202881685,49.66965766996909,48.063604534319396,141.95835545161938,147.12545169025412,150.51826634227416,142.6278205381697,142.26253422745873,0.36528631071095674,8.0,32.0,6.0,66.0,-15.145907769097935,0.006833628786201862,30981.330078125,140.41854015531993,138.85785631452288,153.99656240055216,5.064297862139175,136.42498016357422,146.55357588785256,126.29638443929586,0.23600826907692318
AAPL,2022-07-13,143.03041076660156,145.49000549316406,146.4499969482422,142.1199951171875,142.99000549316406,71185600,54.85582863765897,49.42198962505226,47.932053751162236,142.29470307462364,147.07183050346427,150.40775511482119,143.0681566850919,142.50160617306653,0.5665505120253727,4.0,28.0,4.0,64.0,-41.750029253619466,-0.0025364254682400666,30772.7890625,140.9709482828776,139.48694494338264,153.87449895982127,5.00569102402447,137.09397659301757,147.10535864106652,127.08259454496863,0.4466905612667462
AAPL,2022-07-14,145.9600372314453,148.47000122070312,148.9499969482422,143.25,144.0800018310547,78140700,58.927058806902814,51.44440858719603,49.07761564610238,142.8828267075836,147.11767216632455,150.36516711714825,143.89920969057056,142.9437095099285,0.9555001806420478,0.0,24.0,2.0,62.0,-7.835884709787072,0.020482542482691546,30630.169921875,141.81903424944196,140.33133167085194,153.78162585585864,5.127262087242736,137.8661979675293,148.12072214201478,127.61167379304383,0.495900787557281
AAPL,2022-07-15,147.63128662109375,150.1699981689453,150.86000061035156,148.1999969482422,149.77999877929688,76259900,61.08318866701613,52.56647374711594,49.72153731114519,143.5768430372371,147.21774842870556,150.3608776897152,144.8639463795513,143.47899015133717,1.3849562282141221,96.0,20.0,0.0,60.0,-16.685894704642042,0.011450047707225242,31288.259765625,142.79445263090588,141.26134011404855,153.70520067736877,5.4387126199716445,138.5907409667969,149.46816620674016,127.7133157268536,0.548369134277362
AAPL,2022-07-18,144.5836944580078,147.07000732421875,151.57000732421875,146.6999969482422,150.74000549316406,81420900,55.37458532305189,50.36546615293572,48.57850639963165,143.90952535028296,147.21290445806665,150.28855086849552,145.2033403710386,143.7449914234025,1.4583489476360967,96.0,16.0,0.0,58.0,-24.696667434304533,-0.02064326764900315,31072.609375,143.28384791782923,141.83209758940197,153.59801811180304,4.96738761350555,139.42686309814454,149.36163832515564,129.49208787113344,0.35090993152335415
AAPL,2022-07-19,148.44725036621094,151.0,151.22999572753906,146.91000366210938,147.9199981689453,82982400,60.42414500994705,52.955165015407076,50.0635372660336,144.584808650256,147.3370715250153,150.30418711314397,146.09513416010958,144.28239946611342,1.8127346939961626,92.0,12.0,0.0,56.0,-38.31235880383853,0.02672193377466381,31827.05078125,144.23773120698473,142.69118209112258,153.5290422308623,4.757824574573563,140.3824317932129,149.89808094236002,130.86678264406578,0.33513538257495773
AAPL,2022-07-20,150.45277404785156,153.0399932861328,153.72000122070312,150.3699951171875,151.1199951171875,64823400,62.77859405322507,54.240399596877985,50.81590471631487,145.39006432986332,147.5240525663634,150.36431472134151,147.16357402565163,144.9311101194482,2.232463906203435,96.0,8.0,2.0,54.0,-19.971605113548684,0.013510008953975916,31874.83984375,145.33205784388952,143.65026230585008,153.47952815724844,4.978368980982232,141.2264175415039,151.18315550346836,131.26967957953946,0.34173173086793485
AAPL,2022-07-21,152.7237091064453,155.35000610351562,155.57000732421875,151.94000244140625,154.5,65086600,65.29625334327983,55.66276203635473,51.65747882061468,146.33863021306829,147.78064120692576,150.47389035611457,148.42302511455378,145.70288019234206,2.720144922211716,96.0,4.0,0.0,52.0,-11.337271077739574,0.015094005896305163,32036.900390625,146.5998753138951,144.74524245489212,153.4520730340303,5.216857498714522,142.20951232910156,152.6432273265306,131.77579733167252,0.27979837504283556
AAPL,2022-07-22,151.48500061035156,154.08999633789062,156.27999877929688,153.41000366210938,155.38999938964844,66675400,62.80097136531353,54.70096875641916,51.17014933774425,147.07685555828945,147.98750530958034,150.5533652128569,149.294866841221,146.3241480549753,2.9707187862456976,96.0,0.0,98.0,50.0,-7.949879752270348,-0.008110780594193123,31899.2890625,147.5281026204427,145.62862229120162,153.41147109909437,5.388269479171105,142.9871398925781,153.76367885092031,132.2106009342359,0.19636761345584813
AAPL,2022-07-25,150.36427307128906,152.9499969482422,155.0399932861328,152.27999877929688,154.00999450683594,53623900,60.54654355245876,53.82829324342127,50.72832982156305,147.6362023573326,148.1502099534709,150.6060384378104,149.8571945499935,146.81495167669877,3.0422428732947253,92.0,0.0,96.0,48.0,-39.82739505906855,-0.007398273984532855,31990.0390625,148.1649597167969,146.33120640345982,153.3590538662583,5.553779590547346,143.54209594726564,154.64965512836034,132.43453676617094,0.1900240782003891
AAPL,2022-07-26,149.03709411621094,151.60000610351562,153.08999633789062,150.8000030517578,152.25999450683594,55138700,57.896013343754134,52.793947764480016,50.204519092507894,148.0137074760167,148.26331802396416,150.6278838810127,150.12531940438151,147.1694001527593,2.9559192516222197,88.0,0.0,94.0,46.0,-21.46368143755902,-0.008826424841284597,31761.5390625,148.518217250279,146.85453956240698,153.29286619803204,5.587453518307446,144.03069305419922,155.2056000908141,132.85578601758434,0.1750956474696878
AAPL,2022-07-27,154.1393585205078,156.7899932861328,157.3300018310547,152.16000366210938,152.5800018310547,78620700,64.35620619508828,56.15304223486332,52.14306506284169,148.84954421983727,148.54288114731395,150.7633148569494,151.15065384772788,147.88203668115733,3.26861716657055,96.0,24.0,98.0,44.0,17.198442535709283,0.03423486236465667,32197.58984375,149.47050737653458,147.81726960681735,153.27701151454033,5.609209235382848,144.9818374633789,156.2002559341446,133.7634189926132,0.2166403565414056
AAPL,2022-07-28,154.68992614746094,157.35000610351562,157.63999938964844,154.41000366210938,156.97999572753906,81378700,64.98060674267879,56.49942914351893,52.347330572912014,149.65911201828283,148.83163934259923,150.90807730192887,152.1044003486183,148.58336774948017,3.521032599138124,96.0,20.0,98.0,42.0,22.84986655072884,0.003571882173623253,32529.630859375,150.3984588623047,148.7418494814918,153.26592646129095,5.668383666539739,145.8725227355957,157.2092900686752,134.53575540251623,0.1174970372331882
AAPL,2022-07-29,159.76263427734375,162.50999450683594,163.6300048828125,159.5,161.24000549316406,101786900,70.16623422231223,59.552501793728744,54.185787731469,150.88300558862122,149.28011000372175,151.16306449324549,153.7052609883441,149.61496973150653,4.09029125683756,96.0,16.0,98.0,40.0,2.8519317533054784,0.032792750350447264,32845.12890625,151.90624055408296,150.06471724737258,153.3045756849602,5.803151441006992,147.1402214050293,158.7465242870433,135.53391852301533,0.13681077098979635
AAPL,2022-08-01,158.77955627441406,161.50999450683594,163.58999633789062,160.88999938964844,161.00999450683594,67829400,68.0627701161848,58.7241754363243,53.7755147812985,151.89509977130834,149.68108982349597,151.39046954848922,154.90598922195824,150.49608267782725,4.40990654413099,92.0,12.0,96.0,38.0,-4.535013989832741,-0.006153366257238169,32798.3984375,153.11778549920945,151.17322533017114,153.33238691794932,5.80018266924846,148.2501335144043,159.8504988529012,136.64976817590738,0.2664735214469149
AAPL,2022-08-02,157.30491638183594,160.00999450683594,162.41000366210938,159.6300048828125,160.10000610351562,59907000,64.91892639769716,57.480479768819364,53.15943104911832,152.66794688897764,150.0197424360645,151.57990965746387,155.6912208042471,151.20081688738344,4.49040391686367,88.0,8.0,94.0,36.0,-18.331429319271802,-0.00928734106064355,32396.169921875,153.986183820452,152.03558560325985,153.34448868329252,5.722684910099617,149.15703811645508,160.60240793665432,137.71166829625585,0.1826191620969877
AAPL,2022-08-03,163.3214874267578,166.1300048828125,166.58999633789062,160.75,160.83999633789062,82507500,70.8375768275891,60.977289219106076,55.291879646779684,153.95004765029523,150.54794776218736,151.8996919701089,157.29718758556484,152.30668266482263,4.990504920742211,96.0,4.0,98.0,34.0,11.399824206804087,0.03824782583601816,32812.5,155.52084394182478,153.38458077566963,153.41563256714474,6.164219198891088,150.29792175292968,162.62636015071186,137.9694833551475,0.26497204924367657
AAPL,2022-08-04,163.0068359375,165.80999755859375,167.19000244140625,164.42999267578125,166.00999450683594,55474100,70.17081342980623,60.70652331057253,55.15787538650349,155.0795666891808,151.04834283747937,152.20541297205364,158.60685065833854,153.30692821250938,5.299922445829168,96.0,0.0,98.0,32.0,-16.270185665102478,-0.0019265774162074978,32726.8203125,156.84820338657923,154.59495355515253,153.48257460181392,6.585183519018096,151.2544708251953,164.42483786323152,138.0841037871591,0.2412396700423384
AAPL,2022-08-05,162.78041076660156,165.35000610351562,165.85000610351562,163.0,163.2100067138672,56697000,69.66266831383209,60.506023640937585,55.05988997343336,156.05770377626033,151.5172498298084,152.49430512878905,159.64425918836577,154.1990080562876,5.44525113207817,92.0,0.0,96.0,30.0,-12.162769296552323,-0.0013890532234197561,32803.46875,157.99893900553386,155.69266212100075,153.54629160107666,6.8643697831626005,152.16578216552733,165.89452173185254,138.43704259920213,0.34106074024814653
AAPL,2022-08-08,162.30792236328125,164.8699951171875,167.80999755859375,164.1999969482422,166.3699951171875,60276900,68.54716244567986,60.07664082689302,54.85240343092945,156.8969696182534,151.95504475726344,152.76629831534726,160.44821856203063,154.98945154228016,5.458767019750468,96.0,0.0,98.0,28.0,-4.536945531947242,-0.002902612182234754,32832.5390625,158.91337411063057,156.65858023507255,153.60445407924368,6.818692517418774,153.1601348876953,166.79751992253284,139.52274985285777,0.32041859828865094
AAPL,2022-08-09,162.3571014404297,164.9199981689453,165.82000732421875,163.25,164.02000427246094,63135500,68.60351669437694,60.10719876638694,54.87046596126656,157.66106757546214,152.3801251969907,153.0334125978439,161.1361846554021,155.7250475886998,5.4111370667023095,92.0,0.0,96.0,26.0,-18.628075186109335,0.00030299862404969957,32774.41015625,159.70236002604167,157.53448181152345,153.662300615453,6.706737316529548,154.10828399658203,167.5217586296411,140.69480936352295,0.3616716844257663
AAPL,2022-08-10,166.61001586914062,169.24000549316406,169.33999633789062,166.89999389648438,167.67999267578125,70170500,73.09323657425207,62.6696719763588,56.409389694610866,158.76382356762423,152.93290815752096,153.3896014526861,162.38292632275008,156.72615558162306,5.656770741127019,96.0,16.0,98.0,24.0,-1.4259906497943404,0.026194816185920677,33309.51171875,160.94502665201824,158.7251229422433,153.76166769075155,6.729355638582474,155.287264251709,168.74597552887394,141.82855297454404,0.3111516136704947
AAPL,2022-08-11,165.8716583251953,168.49000549316406,170.99000549316406,168.19000244140625,170.05999755859375,57149200,71.18987530682787,61.95319400685923,56.0706657045387,159.69012660815181,153.442976922624,153.7214784645647,163.32247696435223,157.59755187136685,5.724925092985387,96.0,12.0,98.0,22.0,-26.863721466534084,-0.00443165160325798,33336.671875,161.95699506487165,159.73316047305153,153.85264084393705,6.7496936389976225,156.2828453063965,169.78223258439175,142.78345802840124,0.2555417593914529
AAPL,2022-08-12,169.42556762695312,172.10000610351562,172.1699981689453,169.39999389648438,169.82000732421875,68039400,74.61617541065544,64.00716974169481,57.32912634820584,160.87201989342455,154.05468279740734,154.12540214893727,164.67286606268505,158.6718077404149,6.001058322270154,96.0,8.0,98.0,20.0,-10.779584027778688,0.021425657268044462,33761.05078125,163.30580226353237,160.98484831310455,153.97796349444792,7.032784386332031,157.37255935668946,171.43812812935352,143.3069905840254,0.29916468985752265
AAPL,2022-08-15,170.49862670898438,173.19000244140625,173.38999938964844,171.35000610351562,171.52000427246094,54091700,75.5612398217215,64.60547762165133,57.70245506326364,162.04516108847042,154.68207032671876,154.54440435316735,165.98319473633444,159.74722957011795,6.235965166216488,96.0,4.0,98.0,18.0,-33.565337646722156,0.006333513277015923,33912.44140625,164.61614786783855,162.23494996570406,154.1128068724675,6.939211472455457,158.66830596923828,172.54672891414918,144.78988302432737,0.3440578931865499
AAPL,2022-08-16,170.34107971191406,173.02999877929688,173.7100067138672,171.66000366210938,172.77999877929688,56377100,75.11903291890175,64.44237496901924,57.62692050525171,163.09133610664435,155.28364175139345,154.9506811537416,167.06731843525174,160.7311384004275,6.336180034824224,96.0,0.0,98.0,16.0,-32.061376870276106,-0.0009240367509776304,34152.01171875,165.70109165736608,163.34664270310174,154.24484986793937,6.9687918697964335,159.76299743652345,173.70058117611632,145.82541369693058,0.363942584301784
AAPL,2022-08-17,171.8374786376953,174.5500030517578,176.14999389648438,172.57000732421875,172.77000427246094,79542000,76.52432461290385,65.30513188422857,58.157777238809516,164.18263772046467,155.91532572845455,155.3814354811705,168.21850068394497,161.75475800422976,6.46374267971521,96.0,0.0,98.0,14.0,22.705689612084527,0.008784721385540095,33980.3203125,166.8312531970796,164.49659329368956,154.39073867418278,7.104352630150543,160.8322326660156,175.0409379263167,146.62352740571453,0.2661087889350238
AAPL,2022-08-18,171.44371032714844,174.14999389648438,174.89999389648438,173.1199951171875,173.75,62290100,75.31878745672427,64.87557118620751,57.96279103188604,165.13190973722845,156.51318370117684,155.79393127051804,169.13103810125872,162.67292362587824,6.4581144753804836,92.0,4.0,96.0,12.0,-4.296583321298086,-0.0022915158769124533,33999.0390625,167.74560227167038,165.50721021379744,154.5314562950324,7.212190269290302,161.7682327270508,176.1926132656314,147.34385218847018,0.29860332283247765
AAPL,2022-08-19,168.85458374023438,171.52000427246094,173.74000549316406,171.30999755859375,173.02999877929688,70346300,67.76000682441935,62.09066647817661,56.68761332872192,165.74029969296487,157.00521060515337,156.1395592485827,169.49857135836675,163.32826293303253,6.170308425334213,88.0,0.0,94.0,10.0,5.505628762632095,-0.015101904770804975,33706.73828125,168.20348612467447,166.18210078648158,154.64513704897752,6.949761329257842,162.63671188354493,176.5362345420606,148.73718922502925,0.16340654272342678
AAPL,2022-08-22,164.9659423828125,167.57000732421875,169.86000061035156,167.13999938964844,169.69000244140625,69026800,58.29709814444508,58.199437347744656,54.838656553406125,165.91455756260808,157.35159738282763,156.3907778876077,169.20186919926707,163.64246622126853,5.559402977998531,84.0,0.0,92.0,8.0,28.723945852502336,-0.023029527960011786,33063.609375,168.04693182082403,166.4039322626023,154.71903087938603,6.332192565825864,163.3667953491211,176.03118048077283,150.70241021746938,0.14455971014369798
AAPL,2022-08-23,164.63119506835938,167.22999572753906,168.7100067138672,166.64999389648438,167.0800018310547,54147100,57.55199654359041,57.875642609561254,54.681990092553896,166.0398373878396,157.675479295769,156.62900245551828,168.89850404977045,163.90820914765897,4.990294902111486,80.0,0.0,90.0,6.0,-1.7983739188627952,-0.0020291904475429057,32909.58984375,167.7727823893229,166.52435128348213,154.78876497790588,5.360362129968259,164.14650039672853,174.86722465666503,153.42577613679202,0.11714686158980786
AAPL,2022-08-24,164.9265594482422,167.52999877929688,168.11000061035156,166.25,167.32000732421875,53841500,58.06133777439346,58.08900323499923,54.79825786220016,166.18175752035935,157.99857829522892,156.86858479230463,168.6879647773899,164.17648986111362,4.511474916276285,76.0,12.0,88.0,4.0,-31.517399361745696,0.001794097283690288,32969.23046875,167.525541469029,166.59864262172155,154.8605999528116,4.815455269091669,164.68586044311525,174.3167709812986,155.0549499049319,0.0639266311662992
AAPL,2022-08-25,167.38772583007812,170.02999877929688,170.13999938964844,168.35000610351562,168.77999877929688,51218200,62.13815191087187,59.846449526706195,55.763260281714196,166.5482566878772,158.39305109798522,157.1578466381726,168.89443154691406,164.61008311431237,4.284348432601689,72.0,8.0,86.0,2.0,-37.061909320252106,0.014922801943299646,33291.78125,167.58817298525855,166.85596313476563,154.95609771728516,4.229615185999213,165.32075042724608,173.7799807992445,156.86152005524767,0.18890749591258854
AAPL,2022-08-26,161.0773162841797,163.6199951171875,171.0500030517578,163.55999755859375,170.57000732421875,78961000,48.98879887326998,53.843083365797675,52.81335879253855,166.26937463352579,158.56442631172956,157.29987187946963,168.08297978849458,164.5367432626735,3.5462365258210866,68.0,4.0,84.0,0.0,-22.425184380308274,-0.037699356476737056,32283.400390625,166.76553737095423,166.45182654971168,154.9878154925446,4.148118828950942,165.3864845275879,173.68272218548978,157.090246869686,-0.17518075899843075
AAPL,2022-08-29,158.8721466064453,161.3800048828125,162.89999389648438,159.82000732421875,161.14999389648438,73314000,45.37524768363492,51.95440690623479,51.83556874135756,165.8037203715531,158.6567403632405,157.38954513229035,167.0517528799281,164.3029107900912,2.7488420898368986,64.0,0.0,82.0,0.0,8.085874266910809,-0.013690131724344856,32098.990234375,165.66059919084822,165.83141341436476,154.99693343205237,4.140401553896227,165.39111404418946,173.67191715198192,157.110310936397,-0.2187938147929852
AAPL,2022-08-30,156.44053649902344,158.91000366210938,162.55999755859375,157.72000122070312,162.1300048828125,77906200,41.72076201389521,49.95078328491232,50.77777416092645,165.14717592303467,158.66504407795748,157.42296180327537,165.79917607718676,163.90343618801847,1.8957398891682828,60.0,0.0,80.0,0.0,30.04523678368137,-0.015305452587893842,31790.869140625,164.26463637579056,164.9789774576823,154.9811671432571,4.232732498360763,165.34789505004883,173.81336004677036,156.8824300533273,-0.3092006717149814
AAPL,2022-08-31,154.7767791748047,157.22000122070312,160.5800018310547,157.13999938964844,160.30999755859375,87991100,39.38352597683717,48.62032304832573,50.06447275316691,164.392206903765,158.61766562362126,157.41850113113094,164.47930302234312,163.4083669311803,1.070936091162821,56.0,0.0,78.0,12.0,6.64618368027149,-0.010635078103488405,31510.4296875,162.74369143531436,163.97220451718286,154.94827548961734,4.836244871512912,164.92065963745117,174.593149380477,155.24816989442533,-0.4652272657892582
AAPL,2022-09-01,155.50527954101562,157.9600067138672,158.4199981689453,154.6699981689453,156.63999938964844,74229900,40.94358804239146,49.2343167182225,50.37593504607347,163.77961640948902,158.5961030364162,157.43040235272954,163.47633435950067,163.00478469286082,0.4715496666398451,52.0,96.0,76.0,10.0,33.81001223994621,0.004706780759329288,31656.419921875,161.42554539271762,163.07550165085564,154.9222482094836,5.264423887482554,164.54558181762695,175.07442959259205,154.01673404266185,-0.41034049529490363
AAPL,2022-09-02,153.388671875,155.80999755859375,160.36000061035156,154.97000122070312,159.75,76957800,37.892207407527316,47.52318697916695,49.46130405307406,163.02060509035616,158.50475531583186,157.39478906055072,162.2968979285919,162.47183749772992,-0.17493956913801867,48.0,92.0,74.0,8.0,35.735224085930476,-0.013611162735200577,31318.439453125,159.9577591668992,162.0129387991769,154.87474001604525,5.819746744050992,164.07599487304688,175.71548836114886,152.4365013849449,-0.4437123688789398
AAPL,2022-09-06,152.12857055664062,154.52999877929688,157.08999633789062,153.69000244140625,156.47000122070312,73714800,36.16422455430037,46.52489002106132,48.92171455535287,162.2119759178743,158.3744354293881,157.3318266367869,161.1019903671619,161.88355314821635,-0.781562781054447,44.0,96.0,72.0,6.0,22.29361496692763,-0.008215087222257611,31145.30078125,158.484911382766,160.87508886428105,154.81442743937174,6.398821842089568,163.56702728271483,176.36467096689398,150.76938359853568,-0.4307281652227023
AAPL,2022-09-07,153.536376953125,155.9600067138672,156.6699981689453,153.61000061035156,154.82000732421875,87449600,39.484530343126046,47.79544746033763,49.549162496225286,161.61655027939744,158.2952738321579,157.30167674837108,160.31091595896274,161.44477193085714,-1.1338559718944055,40.0,96.0,70.0,4.0,38.51098035178307,0.009254056561060153,31581.279296875,157.37322358630954,159.91978883289156,154.76804097038004,6.779276722932803,163.1259910583496,176.6845445042152,149.56743761248399,-0.3934387164987264
AAPL,2022-09-08,152.05966186523438,154.4600067138672,156.36000061035156,152.67999267578125,154.63999938964844,84923800,37.29332293491343,46.591257250338494,48.906130778980256,160.9349747017279,158.1695273692631,157.23922246189846,159.41077607510186,160.9273819147838,-1.5166058396819437,36.0,96.0,68.0,2.0,21.02493212959862,-0.009618014422350663,31774.51953125,156.23893665132067,158.86585271926154,154.70702250086845,7.155979603697317,162.3984733581543,176.71043256554893,148.08651415075965,-0.3852704460980752
AAPL,2022-09-09,154.9244384765625,157.3699951171875,157.82000732421875,154.75,155.47000122070312,68028800,43.80822639582232,49.16779114196862,50.185855982059984,160.59545283653355,158.14331319706392,157.2420965861905,159.09680977388427,160.66387178162853,-1.567062007744255,32.0,92.0,66.0,0.0,19.03718687225718,0.018839819687795245,32151.7109375,155.67122991652715,158.15403987339565,154.67477514390328,7.293684868134263,161.85111236572266,176.43848210199118,147.26374262945413,-0.3575241946266096
AAPL,2022-09-12,160.89028930664062,163.42999267578125,164.25999450683594,159.3000030517578,159.58999633789062,104956000,54.42687636451444,53.96398894091485,52.703159667994676,160.8654090117,158.31664695046447,157.37809430244525,159.76345329725305,160.86876962563983,-1.1053163283867775,28.0,88.0,64.0,0.0,54.25768010887809,0.038508132666110306,32381.33984375,156.0316380092076,158.06253291538783,154.7020357562772,7.07355043660085,161.42434844970703,175.57144932290873,147.27724757650532,-0.1018874818685889
AAPL,2022-09-13,151.44931030273438,153.83999633789062,160.5399932861328,153.3699951171875,159.89999389648438,122656600,41.168486367914454,46.72834175950524,48.726937667419094,160.19632209038483,158.169871520544,157.30033390761986,158.8521522265819,160.34811975247322,-1.4959675258913308,24.0,84.0,62.0,0.0,126.75678523692176,-0.058679607355995866,31104.970703125,155.17206464494978,157.11252928234282,154.63522476424032,7.069885122021653,160.47188262939454,174.61165287343786,146.33211238535122,-0.23924221332403625
AAPL,2022-09-14,152.89645385742188,155.30999755859375,157.10000610351562,153.61000061035156,154.7899932861328,87965400,43.44277075918445,47.84007137716314,49.32493166027903,159.73095784926187,158.07610516113579,157.2565902515973,158.30720535458374,159.97492551588957,-1.667720161305823,20.0,80.0,60.0,0.0,56.03037403484748,0.009555299735566791,31135.08984375,154.63098551432293,156.39105987548828,154.58317724730838,6.861228057174209,159.59965133666992,173.32210745101833,145.87719522232152,-0.15672517895267457
AAPL,2022-09-15,150.00213623046875,152.3699951171875,155.24000549316406,151.3800048828125,154.64999389648438,90481100,40.103608956903784,45.85525245762463,48.1781875414897,159.0299137795405,157.88901958592436,157.14919255633552,157.39378839498434,159.41159733820794,-2.0178089432235993,16.0,96.0,58.0,8.0,13.752608684720022,-0.018929919915945947,30961.8203125,153.81856980096725,155.47701081775483,154.50237236592307,6.541210771797575,158.50788421630858,171.59030575990374,145.42546267271342,-0.1357875311294969
AAPL,2022-09-16,148.3580780029297,150.6999969482422,151.35000610351562,148.3699951171875,151.2100067138672,162278800,38.302647455993586,44.76130347302848,47.53759458170777,158.2365883670359,157.65331392567248,157.00745199352028,156.36397432625478,158.76629360561788,-2.4023192793630983,12.0,96.0,56.0,6.0,160.5210137726541,-0.01096023209304875,30822.419921875,152.95252336774553,154.51036260695685,154.40556181267127,6.1644010972567305,157.35360260009764,169.6824047946111,145.0248004055842,-0.18290324942240704
AAPL,2022-09-19,152.07936096191406,154.47999572753906,154.55999755859375,149.10000610351562,149.30999755859375,81474200,44.39007069332254,47.69056262892947,49.100716301584065,157.87881763946476,157.54927070606155,156.95190350415805,156.0741314649139,158.4487900590935,-2.374658594179607,8.0,92.0,54.0,4.0,15.818742421420884,0.025083116531820382,31019.6796875,152.7037835984003,154.00805387951078,154.34646066845946,5.635748815787688,156.51484146118165,167.78633909275703,145.24334382960626,0.03890081825385755
AAPL,2022-09-20,154.4617462158203,156.89999389648438,158.0800018310547,153.0800018310547,153.39999389648438,107689800,47.93201495080708,49.4695826065822,50.07251762891785,157.7855963306095,157.52798294181312,156.9507626336597,156.20118722361704,158.33406441741874,-2.132877193801704,4.0,88.0,52.0,2.0,56.01157811168995,0.01566540810559358,30706.23046875,152.83738839285715,153.81252099900018,154.31153557696746,5.285276550159223,155.98963165283203,166.56018475315048,145.41907855251358,0.16475524165873315
AAPL,2022-09-21,151.33116149902344,153.72000122070312,158.74000549316406,153.60000610351562,157.33999633789062,101696800,43.968929613720654,47.2784351484306,48.82262042820963,157.3983967963327,157.40313108210458,156.87975688831997,155.81946630009182,157.99228195840277,-2.1728156583109524,0.0,84.0,50.0,0.0,87.81578330141411,-0.020267702479698113,30183.779296875,152.57242751348588,153.36885717482795,154.2457633258573,4.967944599252859,155.32462997436522,165.26051917287094,145.3887407758595,0.05088145786944324
AAPL,2022-09-22,150.3664093017578,152.74000549316406,154.47000122070312,150.91000366210938,152.3800048828125,86652500,42.794648172299375,46.6185374906573,48.442374536620655,156.9547404817452,157.25024171853275,156.78877334117368,155.345703099026,157.60322444245915,-2.2575213434331545,0.0,80.0,48.0,0.0,60.939981241235856,-0.006375106010613973,30076.6796875,152.21164841424851,152.89664568219865,154.1707565876975,4.534754686606092,154.59662246704102,163.6661318402532,145.52711309382883,0.06310118396451246
AAPL,2022-09-23,148.09228515625,150.42999267578125,151.47000122070312,148.55999755859375,151.19000244140625,96029900,40.07751944649389,45.080404258515756,47.55157361872185,156.33333592879626,157.02662699581958,156.64901991995626,154.58943995698834,157.07187394122374,-2.4824339842353993,0.0,76.0,46.0,2.0,87.49175097914413,-0.015123884091320261,29590.41015625,151.59659438360305,152.27718498593285,154.0737045250129,3.6331397060872614,153.6318504333496,160.89812984552412,146.36557102117507,0.0035928229891327816
AAPL,2022-09-26,148.42701721191406,150.77000427246094,153.77000427246094,149.63999938964844,149.66000366210938,93339400,40.674594991970245,45.355610507701265,47.69603338847564,155.80349481866907,156.82149182456192,156.51981078484647,154.00183446706106,156.60506878057464,-2.603234313513582,16.0,72.0,44.0,0.0,18.20949582705386,0.0022602936764120063,29260.810546875,151.0766130719866,151.78148658389136,153.98096487320478,3.359575491284903,152.99933547973632,159.71848646230612,146.28018449716652,-0.058810219824269074
AAPL,2022-09-27,149.40162658691406,151.75999450683594,154.72000122070312,149.9499969482422,152.74000549316406,84442700,42.47196304869811,46.17009370737039,48.120571654868186,155.41839955087545,156.6555410928332,156.415199438077,153.65693601164182,156.24617438992732,-2.5892383782855006,12.0,68.0,42.0,0.0,15.17950186867447,0.006566253188316162,29134.990234375,150.72183256603424,151.4388476417178,153.8990781467115,3.149078924874445,152.52580947875975,158.82396732850864,146.22765162901086,0.06077428898877501
AAPL,2022-09-28,147.51148986816406,149.83999633789062,150.63999938964844,144.83999633789062,147.63999938964844,146691400,39.94441352292492,44.826318793406834,47.359844287114235,154.88712305440072,156.4320806090646,156.27068947983113,153.0697145233724,155.77164268236905,-2.701928158996651,8.0,96.0,40.0,98.0,88.29233103398703,-0.012651379787022687,29683.740234375,150.15441240583147,150.96129339308965,153.79946555749694,3.1974429195670324,152.0793571472168,158.47424298635087,145.68447130808272,0.09607820222769144
AAPL,2022-09-29,140.2658233642578,142.47999572753906,146.72000122070312,140.67999267578125,146.10000610351562,128138200,32.06639084631715,40.17763955533618,44.601749406601634,153.7054918804139,155.97463520311294,155.9675973094511,151.44052701632114,154.78707624127054,-3.346549224949399,4.0,96.0,38.0,98.0,45.62631902544689,-0.04911933646919264,29225.609375,148.66421930222285,149.83619493756976,153.629170804,4.078210947883568,151.35380935668945,159.51023125245658,143.19738746092233,0.06223976513673421
AAPL,2022-09-30,136.05233764648438,138.1999969482422,143.10000610351562,138.0,141.27999877929688,124925300,28.541209816736497,37.812845536452585,43.11193038405843,152.22877807734992,155.39186017836306,155.57710059821574,149.40352239046285,153.55840370104622,-4.154881310583363,0.0,96.0,36.0,98.0,68.29512096877404,-0.030039289804982605,28725.509765625,146.7518339611235,148.37891191755023,153.41854436238606,5.201132318834979,150.38116226196288,160.78342689963284,139.97889762429293,0.005843626615572622
AAPL,2022-10-03,140.23629760742188,142.4499969482422,143.07000732421875,137.69000244140625,138.2100067138672,114311700,36.0582448268317,41.3666526275508,44.974305136381815,151.29746558886347,154.96753679376891,155.28859282568885,148.33374924550583,152.73555875639406,-4.401809510888228,36.0,96.0,34.0,98.0,48.53815987463259,0.030752576790036512,29490.890625,145.6338618687221,147.41273433140347,153.25128375760357,5.615803302454346,149.723543548584,160.9551501534927,138.49193694367528,-0.013590617462129804
AAPL,2022-10-04,143.82960510253906,146.10000610351562,146.22000122070312,144.25999450683594,145.02999877929688,87830100,41.72773919745537,44.2063936124336,46.50894965254374,150.80246944740176,154.67679808261306,155.08664586476195,147.99009645443041,152.24403633766232,-4.253939883231908,32.0,92.0,32.0,96.0,19.148529196307933,0.025623234187031274,30316.3203125,145.10178803943452,146.85140686035157,153.12154611160506,5.734101141055157,149.3085952758789,160.77679755798923,137.84039299376857,-0.06876601166466804
AAPL,2022-10-05,144.12490844726562,146.39999389648438,147.3800048828125,143.00999450683594,144.07000732421875,79471000,42.181456756008714,44.43574311426774,46.63376177080201,150.3831860616001,154.40542745355967,154.8957304368877,147.7454652916695,151.81114430498246,-4.065679013312973,28.0,88.0,30.0,94.0,-9.123655225409836,0.0020531471564289028,30273.869140625,144.6954389299665,146.35772240048362,152.9959933061742,5.755025658527977,148.83802185058593,160.34807316764187,137.32797053353,0.06519641249014697
AAPL,2022-10-06,143.1699981689453,145.42999267578125,147.5399932861328,145.22000122070312,145.80999755859375,68402200,41.067918116812386,43.83153230641803,46.277463836440184,149.91145335818877,154.11115090346857,154.68769224433592,147.389238735379,151.33846640652314,-3.9492276711441434,24.0,84.0,28.0,92.0,-19.454616962500502,-0.00662557422313792,29926.939453125,144.21774204799107,145.81791062127976,152.8621160820349,5.835834438670998,148.39353866577147,160.06520754311347,136.72186978842947,0.04978825687955592
AAPL,2022-10-07,137.91297912597656,140.08999633789062,143.10000610351562,139.4499969482422,142.5399932861328,85925600,35.510178032827284,40.674024470199406,44.372958697513354,148.97607649911276,153.6514409177119,154.36686376287557,146.26627836653464,150.50524640143925,-4.238968034904616,20.0,80.0,26.0,90.0,26.307681452561265,-0.03671871977511165,29296.7890625,143.08851957775298,144.81976209368025,152.67708709640883,6.068912573984835,147.5429656982422,159.68079084621186,135.40514055027253,0.010109286743591631
AAPL,2022-10-10,138.2378692626953,140.4199981689453,141.88999938964844,138.57000732421875,140.4199981689453,74899000,36.085848871573695,40.94666689944285,44.51695250222888,148.16121189623968,153.21762312267037,154.06033924432765,145.36685064382857,149.75819097681006,-4.3913403329814855,16.0,76.0,24.0,88.0,-28.637714851937957,0.0023557618635876576,29202.880859375,142.13753371465774,143.93356243315196,152.4968673121514,5.537334824709644,146.41034469604492,157.4850143454642,135.33567504662562,-0.015688207942351765
AAPL,2022-10-11,136.82022094726562,138.97999572753906,141.35000610351562,138.22000122070312,139.89999389648438,77033700,34.63309828216036,40.11249703021474,44.009713902724556,147.28681035636342,152.7508156670923,153.72890312307953,144.38425757978402,148.95980614353073,-4.5755485637467075,12.0,72.0,22.0,86.0,-37.19563398952849,-0.010255137199313369,29239.189453125,141.15204119001115,143.02021731422062,152.3042311331526,5.796815135648955,145.67889022827148,157.2725204995694,134.08525995697357,-0.01485343476622903
AAPL,2022-10-12,136.19017028808594,138.33999633789062,140.36000061035156,138.16000366210938,139.1300048828125,70433700,33.97838889986893,39.73936877356608,43.78346945516508,146.4347328307946,152.27832978744632,153.39068539153692,143.45437123487736,148.17315356533518,-4.718782330457827,8.0,68.0,20.0,84.0,-19.930222564781154,-0.004604952797309991,29210.849609375,140.22074134463355,142.1165297008696,152.10711709701008,5.904707463890563,144.84357604980468,156.6529909775858,133.03416112202356,-0.09607775745265178
AAPL,2022-10-13,140.76792907714844,142.99000549316406,143.58999633789062,134.3699951171875,134.99000549316406,113224000,42.48574882702646,43.686339465831566,45.84742278949045,146.10666356054406,151.97379456468295,153.1620990201441,143.38293035153686,147.78921667110026,-4.4062863195634066,4.0,96.0,18.0,98.0,25.135525540693028,0.033612989684784766,30038.720703125,140.03482113792782,141.72837284633093,151.9575730911179,5.84079329718796,144.38186569213866,156.06345228651458,132.70027909776275,0.1972932088106785
AAPL,2022-10-14,136.22955322265625,138.3800048828125,144.52000427246094,138.19000244140625,144.30999755859375,88598000,37.34763175506495,40.930112452094086,44.20556965956885,145.370791305522,151.52809654232652,152.83721783031262,142.61324951019463,147.09223802011599,-4.478988509921351,0.0,92.0,16.0,96.0,-45.40383586765493,-0.032240126598757524,29634.830078125,139.31353992280506,140.95196213495163,151.764612834418,6.032706205437449,143.775439453125,155.8408518639999,131.7100270422501,0.12344747907655951
AAPL,2022-10-17,140.19691467285156,142.41000366210938,142.89999389648438,140.27000427246094,141.07000732421875,85250900,43.75170212561592,44.12588291600135,45.93271610787066,145.08881152995892,151.22914267740137,152.6080482881543,142.58198091818153,146.74540584544883,-4.1634249272673,0.0,88.0,14.0,94.0,4.635455150219333,0.029122619551654738,30185.8203125,139.23740655808223,140.61115025111607,151.61310070891878,5.750370421705226,143.1813171386719,154.68205798208234,131.68057629526143,0.05801146768241133
AAPL,2022-10-18,141.51614379882812,143.75,146.6999969482422,140.61000061035156,145.49000549316406,99136600,45.7378816184818,45.1491882152587,46.494704658789175,144.96130566996283,150.9839248846997,152.41336590819486,142.76167616153822,146.52352393097115,-3.761847769432933,20.0,84.0,12.0,92.0,-7.942442088294342,0.009409829945651538,30523.80078125,139.42483433314732,140.4525623139881,151.4764322005694,5.106310495949477,142.53403701782227,152.74665800972122,132.32141602592333,-0.012483214800815635
AAPL,2022-10-19,141.62440490722656,143.86000061035156,144.9499969482422,141.5,141.69000244140625,61758300,45.90668828774208,45.23454690498901,46.54123518857317,144.85641947380938,150.75035359701613,152.22537985769281,142.93064915366335,146.32622590722156,-3.3955767535582027,16.0,80.0,10.0,90.0,-39.27213048984826,0.0007650088922175335,30423.810546875,139.68379545665923,140.36593068440754,151.3424615136901,4.668712805824305,142.04869918823243,151.38612479988103,132.71127357658384,-0.016533125173661605
AAPL,2022-10-20,141.1616668701172,143.38999938964844,145.88999938964844,142.64999389648438,143.02000427246094,64522000,45.25858938770965,44.92465769472802,46.36537333434274,144.716760418175,150.50903050824996,152.03119567158194,143.001318420738,146.10872764666058,-3.107409225922595,12.0,76.0,8.0,88.0,-25.53936701191541,-0.0032673608578444036,30333.58984375,139.8681193033854,140.2814514160156,151.2057182456249,4.239580829833761,141.58846206665038,150.0676237263179,133.10930040698287,0.0011555200951505191
AAPL,2022-10-21,144.98141479492188,147.27000427246094,147.85000610351562,142.64999389648438,142.8699951171875,86548600,51.36265717396318,47.9756203499424,48.01979112285596,144.95992649953558,150.4028329267487,151.9265541023705,143.65803932100306,146.1947481374606,-2.5367088164575478,8.0,72.0,6.0,86.0,-9.87327905162871,0.027059385238906497,31082.560546875,140.51308259509858,140.6045897710891,151.10872454666972,4.040814172497072,141.43291854858398,149.51454689357814,133.35129020358983,0.15398335800982613
AAPL,2022-10-24,147.12754821777344,149.4499969482422,150.22999572753906,146.0,147.19000244140625,75981900,54.43680157854965,49.60231687866219,48.92306754595379,145.38755225655527,150.37159240286323,151.87212427480725,144.5491097251937,146.435877679,-1.8867679538062987,4.0,68.0,4.0,84.0,-18.59611268124715,0.014802817491381903,31499.619140625,141.39900541759673,141.14693545386905,151.03440434697848,3.9314010113570874,141.36794509887696,149.23074712159112,133.5051430761628,0.20034969726056018
AAPL,2022-10-25,149.97262573242188,152.33999633789062,152.49000549316406,149.36000061035156,150.08999633789062,74732300,58.207922457534266,51.679444589062435,50.096148619250144,146.049689788111,150.43613023679856,151.88240717729258,145.7477076656086,146.8732198018808,-1.1255121362721923,0.0,64.0,2.0,82.0,-11.499395448037545,0.019337490151315917,31836.740234375,142.6328629266648,141.96642884754,150.9894631160907,3.994381270068161,141.39649505615233,149.38525759628865,133.407732516016,0.2696847384746418
AAPL,2022-10-26,147.02908325195312,149.35000610351562,151.99000549316406,148.0399932861328,150.9600067138672,88194300,53.29330423917256,49.49093353002929,48.910234886013534,146.36400562767335,150.4005196094778,151.82675001083595,146.3019074252866,147.05668545385373,-0.7547780285671308,12.0,60.0,0.0,80.0,-39.877661539803974,-0.019627198404331248,31839.109375,143.4185555594308,142.50286581856864,150.9161693895634,3.9567916648940873,141.37237472534179,149.28595805512995,133.45879139555362,0.24246872785073584
AAPL,2022-10-27,142.5497589111328,144.8000030517578,149.0500030517578,144.1300048828125,148.07000732421875,109180200,46.8155469096242,46.39067394192026,47.17608441503693,146.21505300139566,150.21689611578208,151.67231601173535,146.07084521397448,146.8895237944392,-0.8186785804647343,8.0,56.0,0.0,78.0,-14.794963562778312,-0.030465566687540413,32033.279296875,143.57025175548736,142.61499764578684,150.79938917776838,3.9561329126949167,141.48657150268554,149.39883732807536,133.5743056772957,0.0055591883189181355
AAPL,2022-10-28,153.31976318359375,155.74000549316406,157.5,147.82000732421875,148.1999969482422,164762400,59.54728620816291,53.633013992576196,51.40344955743089,147.122191333945,150.39798166913886,151.76171578055795,147.5584083338498,147.54511503138178,0.01329330246801419,96.0,52.0,0.0,76.0,31.88873670905733,0.07555259549176152,32861.80078125,145.11378871372767,143.7419682820638,150.7912209080938,4.547724088715053,142.349942779541,151.44539095697112,133.2544946021109,0.2947117410991772
AAPL,2022-10-31,150.95709228515625,153.33999633789062,154.24000549316406,151.9199981689453,153.16000366210938,97943200,56.35982633882561,52.03380303387702,50.49879767616088,147.7143632390827,150.49444116647499,151.7964032653345,148.44788341139454,147.9743654985306,0.4735179128639402,92.0,48.0,8.0,74.0,-14.319181676066403,-0.015410087058432942,32732.94921875,146.19866580054872,144.56169680640812,150.7604773230102,4.90339757679782,142.88598251342773,152.69277766702336,133.0791873598321,0.2715858434431156
AAPL,2022-11-01,148.3089141845703,150.64999389648438,155.4499969482422,149.1300048828125,155.0800018310547,80379300,52.9393247948594,50.290791544789236,49.50239852129411,147.99394711121622,150.4995412559835,151.7712074550301,148.7866696398699,148.17256019467533,0.6141094451945719,88.0,44.0,6.0,72.0,-8.483196535128618,-0.017542588165275208,32653.19921875,146.79581560407365,145.07816648937407,150.7042721899232,5.0489050504116335,143.1099479675293,153.20775806835258,133.01213786670604,0.2123165717811738
AAPL,2022-11-02,142.77621459960938,145.02999877929688,152.1699981689453,145.0,148.9499969482422,93604600,46.57892791348971,46.88781582464982,47.50415800205596,147.7116663177001,150.32021199445276,151.62304902259638,148.2087202767048,147.93977786761027,0.26894240909453515,84.0,40.0,4.0,70.0,17.784600671943224,-0.03730523964375798,32147.759765625,146.53985552106585,145.046382359096,150.59407847466161,5.043639487847259,143.0425132751465,153.129792250841,132.95523429945197,0.07515924225660857
AAPL,2022-11-03,136.72177124023438,138.8800048828125,142.8000030517578,138.75,142.05999755859375,97918500,40.80185859058554,43.544087589432856,45.45527633402115,146.87055570485364,149.94512323669406,151.34298211842528,146.77353329302906,147.26868357244007,-0.495150279411007,80.0,36.0,2.0,68.0,43.15109747932084,-0.04240512592628687,32001.25,145.45750979468937,144.4444069271996,150.42482045871108,5.23743726168489,142.72010192871093,153.1949764520807,132.24522740534115,0.004316287023207901
AAPL,2022-11-04,136.45553588867188,138.3800048828125,142.6699981689453,134.3800048828125,142.08999633789062,140814800,40.5636097089408,43.40293921555969,45.367476176025974,146.0619318170402,149.56593902837008,151.05808151984039,145.48222122991882,146.61026292876394,-1.1280416988451236,76.0,32.0,0.0,66.0,63.879914716917895,-0.001947278397196106,32403.220703125,144.33497823079426,143.84778159005302,150.2542193352998,5.3173716465421865,142.6472297668457,153.28197305993007,132.01248647376133,-0.1459489409169274
AAPL,2022-11-07,136.988037109375,138.9199981689453,139.14999389648438,135.6699981689453,137.11000061035156,83374600,41.3018788131117,43.78092851515662,45.582003371169144,145.3817476600788,149.21689178707746,150.79131045718336,144.47264845130752,146.0406136872959,-1.5679652359883676,72.0,28.0,18.0,64.0,11.316038932429004,0.0039023790221128785,32827.0,143.31907900855654,143.30881086077008,150.0901520823009,5.37890754306407,142.5847381591797,153.34255324530784,131.82692307305155,-0.15644338247669248
AAPL,2022-11-08,137.55996704101562,139.5,141.42999267578125,137.49000549316406,140.41000366210938,89908500,42.13325621294527,44.196042260588015,45.81519061164365,144.82158121626176,148.89830517110772,150.5431497877947,143.70762561264482,145.55612378453324,-1.8484981718884228,68.0,24.0,16.0,62.0,16.713204740263027,0.004175035599524479,33160.828125,142.42256193615142,142.83026123046875,149.9328821020933,5.339582014338619,142.6217254638672,153.30088949254443,131.94256143518996,-0.21249084035302737
AAPL,2022-11-09,132.99436950683594,134.8699951171875,138.5500030517578,134.58999633789062,138.5,74917800,37.55987282734316,41.65009994191759,44.269936677376386,143.87381111158803,148.4383605791759,150.19868484997914,142.34799015180522,144.76455869806318,-2.416568546257963,64.0,20.0,14.0,60.0,6.366412668935467,-0.03318987080607827,32513.939453125,140.9560074579148,141.91337018694196,149.73122273079792,5.584386171242454,142.4619354248047,153.6307077672896,131.29316308231978,-0.2497692716652074
AAPL,2022-11-10,144.82745361328125,146.8699951171875,146.8699951171875,139.5,141.24000549316406,118854000,52.078562748817085,49.4732418422102,48.833946124679215,144.15916196926415,148.38693876075007,150.12552683387383,143.0436832234025,144.92051695133168,-1.8768337279291814,60.0,16.0,12.0,58.0,4.972444004804635,0.08897432387795257,33715.37109375,141.14498131161645,142.13865763346354,149.64848232516007,5.593342099989839,142.66491165161133,153.85159585159101,131.47822745163165,-0.08165451958926923
AAPL,2022-11-11,147.6181182861328,149.6999969482422,150.00999450683594,144.3699951171875,145.82000732421875,93979700,54.75076472982554,51.07742649150871,49.82283333566854,144.68686053869064,148.42998984886455,150.1161745286951,144.06773148876243,145.27455250665838,-1.2068210178959475,56.0,12.0,10.0,56.0,6.074290616040994,0.019268892763268486,33747.859375,141.70751008533296,142.61039159865607,149.5940934631955,5.482313611911968,143.23433990478514,154.19896712860907,132.26971268096122,-0.15759483745055558
AAPL,2022-11-14,146.2178497314453,148.27999877929688,150.27999877929688,147.42999267578125,148.97000122070312,73374100,53.149271425884706,50.2473012652647,49.33463715136858,145.02906418065314,148.42507210887874,150.0758190177193,144.7157726103831,145.49717815648344,-0.7814055461003306,52.0,8.0,8.0,54.0,-13.93158312698165,-0.009485749926532172,33536.69921875,142.078664289202,142.89453539167133,149.52619355234933,5.472045149018067,143.53538665771484,154.47947695575098,132.5912963596787,-0.17241432848935334
AAPL,2022-11-15,147.95339965820312,150.0399932861328,153.58999633789062,148.55999755859375,152.22000122070312,89868300,54.90973945006486,51.265359023381976,49.95483151454824,145.50629552403214,148.47802034419854,150.0750316390031,145.53488348357538,145.8336829809019,-0.2987994973265131,48.0,4.0,6.0,52.0,-9.349019433791355,0.011869617354826723,33592.921875,142.71698492140996,143.31529853457496,149.47659633731368,5.535967885442279,143.85724945068358,154.92918522156813,132.78531367979903,-0.13325659733610573
AAPL,2022-11-16,146.72079467773438,148.7899932861328,149.8699951171875,147.2899932861328,149.1300048828125,64218300,53.37573317591517,50.50421908847805,49.51557399360045,145.8190286442322,148.48824896524556,150.0467890378411,146.03566960704575,146.05266892943752,-0.0169993223917686,44.0,0.0,4.0,50.0,3.983270264887473,-0.008331035199706571,33553.828125,143.1821552094959,143.5880171276274,149.41589864474625,5.54506658505791,144.112068939209,155.20220210932482,133.02193576909318,-0.0703547095477881
AAPL,2022-11-17,148.62393188476562,150.72000122070312,151.47999572753906,146.14999389648438,146.42999267578125,80389400,55.44540331958758,51.653551182015974,50.20540704779372,146.28578793722943,148.56142117034253,150.06158490999192,146.75633600914688,146.39839724730905,0.35793876183782913,40.0,60.0,2.0,48.0,24.592232106878274,0.012971148440215297,33546.3203125,143.8613529750279,144.01771836053757,149.37535492247017,5.5869927422377765,144.4851821899414,155.65916767441698,133.31119670546585,0.08561924037211685
AAPL,2022-11-18,149.1859893798828,151.2899932861328,152.6999969482422,149.97000122070312,152.30999755859375,74829600,56.0656840858978,51.994955602303754,50.40961311524829,146.76237892283928,148.65088255118812,150.0885828962807,147.4538217440678,146.76073769462934,0.693084049438454,36.0,56.0,0.0,46.0,-13.540369226076448,0.0037817428726953928,33745.69140625,144.66021394275484,144.46541428338912,149.34158640391792,5.68489544967636,144.69541091918944,156.06520181854216,133.32562001983672,0.1594022934062171
AAPL,2022-11-21,145.95159912109375,148.00999450683594,150.3699951171875,147.72000122070312,150.16000366210938,58724100,51.61272271065665,49.89241203079923,49.224250653171374,146.88119945464848,148.62986982842247,150.04289963497422,147.53938678449367,146.85327523627427,0.6861115482194009,32.0,52.0,0.0,44.0,-22.713040868943786,-0.02168025477615798,33700.28125,145.04469052269346,144.58505125499906,149.2766461257555,5.6644610620531495,144.63661346435546,155.96553558846176,133.30769134024916,0.06843975205910316
AAPL,2022-11-22,148.0914306640625,150.17999267578125,150.4199981689453,146.92999267578125,148.1300048828125,51804100,54.204210693637684,51.24505717036913,50.01769267068955,147.1953702376135,148.6806935283359,150.0459126688381,147.94563384469177,147.09969875031183,0.8459350943799393,28.0,48.0,10.0,42.0,-30.680442057851824,0.014661240821303823,34098.1015625,145.73692859468005,144.91408146449498,149.23415568261598,5.586271016664943,144.5425537109375,155.7150957442674,133.37001167760764,0.1402818788797565
AAPL,2022-11-23,148.96910095214844,151.07000732421875,151.8300018310547,149.33999633789062,149.4499969482422,58301400,55.262551924861114,51.798517947893984,50.3424581103527,147.56438329348066,148.75903168557795,150.06842024368163,148.42630668769593,147.39379568171233,1.0325110059835936,24.0,44.0,8.0,40.0,-33.8943673230583,0.005926543380331717,34194.05859375,146.49556826636905,145.33565739222936,149.20141414509484,5.648219847403531,144.63955459594726,155.9359942907543,133.3431149011402,0.27614416210790127
AAPL,2022-11-25,146.05023193359375,148.11000061035156,148.8800048828125,147.1199951171875,148.30999755859375,35195900,51.03817018390151,49.84694745530594,49.2563504622283,147.61634684746838,148.73775197819347,150.02537805393808,148.37764421425834,147.44684789864857,0.9307963156097685,20.0,40.0,6.0,38.0,-67.76347726052893,-0.01959378824130975,34347.03125,146.74838416689917,145.47000761486234,149.14075615574473,5.634272289559633,144.8145782470703,156.08312282618957,133.54603366795104,0.15224200294134532
AAPL,2022-11-28,142.2143096923828,144.22000122070312,146.63999938964844,143.3800048828125,145.13999938964844,69246000,46.055588488293125,47.41245300137242,47.8713706928777,147.292885359205,148.58962900253806,149.89778735430656,147.73800683063445,147.20782221880074,0.5301846118337039,16.0,36.0,4.0,36.0,-57.97220725116896,-0.026264403626247268,33849.4609375,146.3983657110305,145.2223629906064,149.0432728402057,5.2885782156347885,144.25930557250976,154.83646200377933,133.6821491412402,0.014298290466130436
AAPL,2022-11-29,139.2067108154297,141.1699981689453,144.80999755859375,140.35000610351562,144.2899932861328,83763800,42.548263755907776,45.601553914760935,46.81814974406652,146.70975324584694,148.3463624178301,149.70596781177113,146.72754395960536,146.76057599288555,-0.03303203328019322,12.0,32.0,2.0,34.0,-14.477166357644023,-0.021148356191853845,33852.53125,145.597560046968,144.7411634899321,148.91719389578597,5.156380437006964,143.67178649902343,153.98454737303734,133.3590256250095,-0.05831902163062166
AAPL,2022-11-30,145.9713592529297,148.02999877929688,148.72000122070312,140.5500030517578,141.39999389648438,111380900,51.49544381169574,50.05139754560711,49.37445424870448,146.8354909156993,148.33598983951754,149.66913332754092,146.92792162417328,146.8546073103975,0.07331431377576791,8.0,28.0,0.0,32.0,38.56913409298165,0.0485942696144086,34589.76953125,145.68302423386348,144.96017041887555,148.85973528809808,5.071534588358082,143.5549087524414,153.69797792915756,133.41183957572525,0.1852653487844423
AAPL,2022-12-01,146.24745178222656,148.30999755859375,149.1300048828125,146.61000061035156,148.2100067138672,71250400,51.82520308665079,50.22373681104969,49.47559674863972,146.9759201197845,148.33513763358562,149.6392622117399,147.1405486910072,146.96241399544908,0.17813469555812844,4.0,24.0,52.0,30.0,-23.88151864331454,0.0018914157592961889,34395.01171875,145.68171037946428,145.21660308837892,148.8060094440517,5.102784314996059,143.72847061157228,153.9340392415644,133.52290198158016,0.19750403306429679
AAPL,2022-12-02,145.75440979003906,147.80999755859375,148.0,145.64999389648438,145.9600067138672,65447400,51.15635420132954,49.904856847487736,49.296131656932694,147.05535606633777,148.31791992620884,149.59905859298942,147.24354082448207,147.02519796308945,0.21834286139261394,0.0,20.0,50.0,28.0,-33.161353574656474,-0.0033712860373230624,34429.87890625,145.60113380068825,145.40954967680432,148.7485405059359,4.843122704347704,144.1801025390625,153.8663479477579,134.49385713036708,0.1428565638004648
AAPL,2022-12-05,144.5908203125,146.6300048828125,150.9199981689453,145.77000427246094,147.77000427246094,68826400,49.53166432217863,49.141241797996635,48.869243252697295,147.01484642981154,148.26257844937618,149.53380466529325,147.14915067960982,146.99592440158747,0.1532262780223448,4.0,16.0,48.0,26.0,-51.12275130170977,-0.007983219713319278,33947.1015625,145.38316156296503,145.44866565522693,148.68066916850077,4.488884104554146,144.5868667602539,153.5646349693622,135.60909855114562,0.1300271505537931
AAPL,2022-12-06,140.92254638671875,142.91000366210938,147.3000030517578,141.9199981689453,147.07000732421875,64727200,44.71074911686251,46.80006422753649,47.544778979394124,146.62390902336372,148.08708419405593,149.38822662126722,146.49697421537897,146.6932636060706,-0.19628939069161788,0.0,12.0,46.0,24.0,-22.36580445363456,-0.02537003329708698,33596.33984375,144.69158165341332,145.0996827625093,148.5773518508228,4.2162751280472825,144.7835922241211,153.21614248021567,136.35104196802652,0.06943352499011873
AAPL,2022-12-07,138.97994995117188,140.94000244140625,143.3699951171875,140.0,142.19000244140625,69721100,42.359478131240074,45.606809897521075,46.8585201332577,146.08258458698683,147.85275364478875,149.20255136456697,145.6420554809216,146.26709611239176,-0.6250406314701422,36.0,8.0,44.0,22.0,-22.453271937580986,-0.013784851930052522,33597.921875,143.80794939313617,144.54695492699034,148.45586480971,4.09854421154328,144.8545913696289,153.05167979271548,136.65750294654234,-0.015163101577015897
AAPL,2022-12-08,140.66615295410156,142.64999389648438,143.52000427246094,141.10000610351562,142.36000061035156,62128300,45.06025871373371,46.82719714686861,47.52933531640129,145.75567118789135,147.68217135795908,149.0585391125212,145.18173831408512,145.99916261491714,-0.8174243008320161,32.0,4.0,42.0,20.0,-17.071376895744404,0.012132706937382665,33781.48046875,143.22286653064546,144.14805603027344,148.35226660960942,3.18795899967387,145.2381805419922,151.61409854133993,138.86226254264446,-0.04943392401562337
AAPL,2022-12-09,140.1829833984375,142.16000366210938,145.57000732421875,140.89999389648438,142.33999633789062,76097000,44.41802218749527,46.517063140683554,47.35455415566686,145.41322666162642,147.50111667940664,148.9069229487759,144.716856059935,145.7147804702647,-0.9979244103297162,28.0,0.0,40.0,18.0,-35.97438874585626,-0.0034348672052026963,33476.4609375,142.64914943150112,143.66660868326824,148.2446799996599,3.3826673954754196,145.00595703125,151.77129182220085,138.24062224029916,-0.04550920132391467
AAPL,2022-12-12,142.48056030273438,144.49000549316406,144.5,141.05999755859375,142.6999969482422,70462700,48.19892303621041,48.208570478999,48.277459469372864,145.32530083605857,147.40239172248064,148.80984783986133,144.68195597273947,145.62405639788687,-0.9421004251474017,24.0,8.0,38.0,16.0,-25.02348911520254,0.01638984168118718,34005.0390625,142.46751883370536,143.42609470912387,148.16092853754907,3.368904652328123,144.74907913208008,151.48688843673634,138.01126982742383,0.019317848922368694
AAPL,2022-12-13,143.4469451904297,145.47000122070312,149.97000122070312,144.24000549316406,149.5,93886200,49.747330255158,48.913329395198154,48.66371505476995,145.33908182507233,147.33903465684858,148.73644461746227,144.80319370319543,145.61264490328068,-0.809451200085249,20.0,4.0,36.0,14.0,27.955504735322133,0.006782573606125553,34108.640625,142.4477970668248,143.30208195277623,148.0877552704313,3.362292628727811,144.61053390502929,151.33511916248492,137.88594864757366,-0.002314955445761378
AAPL,2022-12-14,141.21836853027344,143.2100067138672,146.66000366210938,141.16000366210938,145.35000610351562,82291200,46.3095427948888,47.371722746624414,47.82331518768118,145.13631276686232,147.20365669150493,148.6149844437569,144.55808801252954,145.43467170406487,-0.8765836915353304,16.0,0.0,34.0,12.0,-8.431337857731815,-0.0155358948717782,33966.3515625,142.1751649402437,142.97901858375187,147.99333464285627,3.3471057802068644,144.2737823486328,150.96799390904653,137.5795707882191,-0.21885041459994165
AAPL,2022-12-15,134.60166931152344,136.5,141.8000030517578,136.02999877929688,141.11000061035156,98931900,37.92888956626063,43.1813676680223,45.445597587258874,144.31380678906592,146.85271712784905,148.34872104938862,143.31838216444805,144.77284417043043,-1.4544620059823785,12.0,96.0,32.0,10.0,54.05561965981659,-0.04685438082604354,33202.21875,141.09412275041853,142.05786496117003,147.83402084957902,3.9274839023137353,143.66782608032227,151.52279388494975,135.8128582756948,-0.3101872424993038
AAPL,2022-12-16,132.63937377929688,134.50999450683594,137.64999389648438,133.72999572753906,136.69000244140625,160156900,35.85644775500634,42.03773066393489,44.77196407163657,143.38011038123452,146.4480376976519,148.04457321328854,141.9632456017385,144.01263308423825,-2.0493874824997533,8.0,96.0,30.0,98.0,99.22639054402694,-0.014578537861109298,32920.4609375,139.8604750860305,141.00753617059615,147.65661965213604,4.4566091474852465,142.86859817504882,151.78181647001932,133.9553798800783,-0.3883130813732437
AAPL,2022-12-19,130.5291290283203,132.3699951171875,135.1999969482422,131.32000732421875,135.11000061035156,79592600,33.722494014471266,40.83171726740877,44.055370246514165,142.3315279751348,145.9864625310793,147.7000769913962,140.48736091180757,143.1502154570493,-2.6628545452417427,4.0,96.0,28.0,98.0,6.3651282380234555,-0.01590964048494281,32757.5390625,138.43665132068452,139.8323486328125,147.4597404297786,4.985848827351253,141.9357551574707,151.9074528121732,131.9640575027682,-0.43579868230254004
AAPL,2022-12-20,130.46009826660156,132.3000030517578,133.25,129.88999938964844,131.38999938964844,77432800,33.65193989712165,40.79201711682874,44.03184589996875,141.3761446490989,145.53772615470808,147.36161382788765,139.22776739487685,142.34649601962033,-3.1187286247434827,0.0,96.0,26.0,98.0,31.85864066030812,-0.0005288533083199765,32849.73828125,137.08626708984374,138.7394289289202,147.26364931021163,5.505401416863943,141.1611801147461,152.17198294847398,130.1503772810182,-0.3361864053831675
AAPL,2022-12-21,133.5662841796875,135.4499969482422,136.80999755859375,132.75,132.97999572753906,85928000,39.75941009434539,43.361723963353754,45.37121103766685,140.81174962996968,145.20698093482395,147.099820050313,138.64657194154844,141.83564423655528,-3.189072295006838,8.0,92.0,24.0,96.0,65.87104109520288,0.023809470898437324,33376.48046875,136.29776727585565,138.01610550653368,147.09975491955507,5.5011220292045,140.43492279052734,151.43716684893633,129.43267873211835,-0.24374264722679093
AAPL,2022-12-22,130.39108276367188,132.22999572753906,134.55999755859375,130.3000030517578,134.35000610351562,77852100,36.10108803908152,41.45445212333273,44.26624619474941,139.9944397345001,144.78150600999493,146.77301072453776,137.6594063701624,141.12411471736888,-3.464708347206482,4.0,88.0,22.0,94.0,33.53384309810742,-0.023772476980373325,33027.48828125,135.20668029785156,137.05954931349982,146.90531051483913,5.552495482706207,139.50602188110352,150.61101284651593,128.4010309156911,-0.2877327401830781
AAPL,2022-12-23,130.02622985839844,131.86000061035156,132.4199981689453,129.63999938964844,130.9199981689453,63814900,35.69466665891535,41.23830589163732,44.14020199698196,139.21973124648596,144.35785009525253,146.44525226048972,136.76719009942227,140.437884042775,-3.6706939433527452,0.0,96.0,20.0,98.0,81.31344844143779,-0.0027981430749732805,33203.9296875,134.21326366606212,136.1567119780041,146.7087068320507,5.7122917102706845,138.70482177734374,150.12940519788512,127.28023835680237,-0.27423915071044525
AAPL,2022-12-27,128.22166442871094,130.02999877929688,131.41000366210938,128.72000122070312,131.3800048828125,69007800,33.67533485275145,40.16415759810208,43.5148615521908,138.3445186305632,143.88808447833594,146.08447745870527,135.73069912709528,139.66692957881367,-3.9362304517183873,8.0,96.0,18.0,98.0,-0.34399098864916383,-0.01387847230249395,33241.55859375,133.1179486955915,135.15831604003907,146.49542017087416,6.103345206903277,138.00518951416015,150.2118799279667,125.7984991003536,-0.35399351237471965
AAPL,2022-12-28,124.2871551513672,126.04000091552734,131.02999877929688,125.87000274658205,129.6699981689453,85438400,29.72664618709574,37.93026877690296,42.185220574766376,137.17265980055979,143.30290141070287,145.64393951270137,134.23982247916175,138.65752745560727,-4.4177049764455205,4.0,96.0,16.0,98.0,1.999192968800365,-0.03068521450625261,32875.7109375,131.6189932686942,133.85183657691593,146.24416174210126,6.818615339675349,137.25921173095705,150.89644241030774,123.62198105160635,-0.3492031446099079
AAPL,2022-12-29,127.80750274658205,129.61000061035156,130.47999572753906,127.7300033569336,127.98999786376952,75703700,36.86046399169537,40.976328098575706,43.754335434644204,136.4524065443495,142.85395384347822,145.29154525111124,133.5275421916525,137.9873402818846,-4.459798090232113,0.0,92.0,14.0,96.0,-32.031703819954764,0.028324307455001918,33220.80078125,130.72934890020463,132.95167381649927,146.02910424683225,6.80678373691006,136.35101890563965,149.96458637945977,122.73745143181952,-0.27672857349385
AAPL,2022-12-30,128.123046875,129.92999267578125,129.9499969482422,127.43000030517578,128.41000366210938,77034200,37.47317676775129,41.24435409555667,43.89361155372299,135.8312242711525,142.43021741175045,144.9539287109941,132.9740730353646,137.39049971846953,-4.41642668310493,24.0,88.0,12.0,94.0,8.117568462773542,0.00246890144660461,33147.25,130.00424041748047,132.1680574326288,145.81840226168657,6.623916909973177,135.4447986602783,148.69263248022466,122.19696484033196,-0.12888729122383719
AAPL,2023-01-03,123.33064270019533,125.06999969482422,130.89999389648438,124.16999816894533,130.27999877929688,112117500,32.34012889716129,38.49138204104267,42.2714215675018,134.80634574007362,141.8610299456217,144.51691928206728,131.75806175220453,136.47787008708838,-4.719808334883851,20.0,96.0,10.0,98.0,71.3093262681176,-0.037404700338419694,33136.37109375,128.75500124976747,131.0143282935733,145.56143450305237,6.684517286936439,134.32361030578613,147.692644879659,120.95457573191325,-0.1987438157196837
AAPL,2023-01-04,124.60270690917967,126.36000061035156,128.66000366210938,125.08000183105467,126.88999938964844,89113600,34.889573739014125,39.601108966817286,42.84355213380478,134.00193191819534,141.35279947561284,144.11786612444715,130.92759080730409,135.72839827399676,-4.8008074666926746,16.0,92.0,8.0,96.0,29.475898783025116,0.01031425914220363,33269.76953125,127.85775081089565,130.08852797008697,145.31883267189139,6.561758363028347,133.3242046356201,146.4477213616768,120.20068790956341,-0.14199038925239307
AAPL,2023-01-05,123.28134155273438,125.0199966430664,127.7699966430664,124.76000213623048,127.12999725341795,80962700,33.47840864120491,38.84612793439177,42.39816348950442,133.1465095110402,140.8172977433982,143.69813272925197,130.01873016665212,134.9351833383723,-4.916453171720178,12.0,88.0,6.0,94.0,25.08296357636357,-0.010604628015091322,32930.078125,126.96378726050968,129.13206481933594,145.0648923093881,6.67138618759268,132.4421443939209,145.78491676910625,119.09937201873554,-0.2237619448183378
AAPL,2023-01-06,127.81737518310548,129.6199951171875,130.2899932861328,124.88999938964844,126.01000213623048,87754700,42.13134629714857,42.73283654086804,44.42203790910282,132.81065099733993,140.450173067129,143.3887231114044,129.95738631288833,134.5414656923586,-4.584079379470268,8.0,84.0,4.0,92.0,25.86534062141877,0.036794161819132976,33630.609375,126.8454570225307,128.6916106087821,144.85803010665362,6.561674668270751,131.88401565551757,145.00736499205908,118.76066631897606,-0.1867291984517494
AAPL,2023-01-09,128.33999633789062,130.14999389648438,133.41000366210938,129.88999938964844,130.47000122070312,70790800,43.050496087975844,43.16443825916318,44.6506736987454,132.55725508297274,140.11246227464883,143.0977620297578,129.9870182488262,134.2161714852568,-4.229153236430619,4.0,80.0,2.0,90.0,13.942921341803977,0.004088811509675105,33517.6484375,126.86142193022228,128.35408495948428,144.6582539432203,6.26558412927091,131.26770782470703,143.79887608324884,118.7365395661652,-0.1431574550772609
AAPL,2023-01-10,128.9119110107422,130.72999572753906,131.25999450683594,128.1199951171875,130.25999450683594,63896200,44.09691983874501,43.64642763506153,44.90376759726685,132.38323038245525,139.80484042064523,142.82594299014858,130.1013224763205,133.95793624394437,-3.856613767623884,0.0,76.0,0.0,88.0,-16.033220757717125,0.00445624660410493,33704.1015625,126.99458857945034,128.1297233581543,144.46609618419438,5.918788689967051,130.70415420532225,142.54173158525634,118.86657682538815,-0.15402666801948106
AAPL,2023-01-11,131.633544921875,133.49000549316406,133.50999450683594,130.4600067138672,131.25,69458900,48.908112439807695,45.91016330916244,46.100579299320714,132.48863753585607,139.59779665253112,142.62075755065442,130.62265832506566,133.92327470684953,-3.3006163817838683,20.0,72.0,2.0,86.0,-1.4245835030448735,0.02111235408577583,33973.01171875,127.50604182652064,128.21823675973076,144.30310713393177,5.241063928613076,130.16180343627929,140.64393129350543,119.67967557905314,-0.060216517164288816
AAPL,2023-01-12,131.55467224121094,133.41000366210938,134.25999450683594,131.44000244140625,133.8800048828125,71379600,48.77709939090207,45.85480532360178,46.07098539640937,132.57638669073734,139.39491819382877,142.41832339925782,131.05148068461085,133.88525462946137,-2.8337739448505204,16.0,68.0,0.0,84.0,-23.9722131687085,-0.000599183746900378,34189.96875,127.99580303373791,128.350890931629,144.1413173933646,4.23195895449027,129.56718978881835,138.0311076977989,121.10327187983782,0.022453049505050178
AAPL,2023-01-13,132.8858642578125,134.75999450683594,134.9199981689453,131.66000366210938,132.02999877929688,57809700,51.15530730193329,46.97390673087581,46.66068565444601,132.7843493398896,139.24295348277982,142.25000847854525,131.62202127264547,133.95005017593357,-2.3280289032881,12.0,64.0,18.0,82.0,-29.749839594027065,0.010118926176645227,34302.609375,128.68221471877325,128.6669551667713,143.99480436068862,3.3409119307427484,129.15056457519532,135.83238843668082,122.46874071370982,0.052119348334047945
AAPL,2023-01-17,134.04949951171875,135.94000244140625,137.2899932861328,134.1300048828125,134.8300018310547,63646600,53.200741320954755,47.949138581501316,47.17590362165356,133.08488773051022,139.13466000601346,142.11132702717956,132.28632606783944,134.09745404745007,-1.8111279796106317,8.0,60.0,16.0,80.0,-35.66625122938102,0.008756651886228317,33910.8515625,129.50001794724238,129.13352039882116,143.86199867400364,3.2954668556900812,129.1229560852051,135.71388979658525,122.53202237382493,0.04035017081602019
AAPL,2023-01-18,133.32965087890625,135.2100067138672,138.61000061035156,135.02999877929688,136.82000732421875,69672800,51.75681629331197,47.389994815124304,46.88999843931496,133.28728001463946,139.00598284889392,141.9596496576562,132.73612309030526,134.17986535607358,-1.4437422657683214,4.0,56.0,14.0,78.0,-56.49715997250196,-0.005370021040246975,33296.9609375,130.18352450416202,129.53415799822127,143.72404318928125,3.3375786819536994,129.15746994018554,135.83262730409294,122.48231257627813,0.14831963046457144
AAPL,2023-01-19,133.3887939453125,135.27000427246094,136.25,133.77000427246094,134.0800018310547,58280400,51.87239253542248,47.442214789536216,46.91696925546183,133.47611089633673,138.88349174802727,141.8126244843552,133.12595096448305,134.2606163869171,-1.1346654224340398,0.0,52.0,12.0,76.0,-26.776609885843662,0.0004435852491653236,33044.55859375,130.8262693132673,129.9371412368048,143.5885705517062,3.458498059447435,129.30045318603516,136.21744930493003,122.38345706714028,0.2046678172412692
AAPL,2023-01-20,135.95263671875,137.8699951171875,138.02000427246094,134.22000122070312,135.27999877929688,80223600,56.71362624383017,49.687274877607415,48.08320703707342,133.89457606022728,138.85026235029483,141.7259732894724,133.85580391105296,134.52797777434452,-0.6721738632915617,0.0,48.0,10.0,74.0,3.604157411329566,0.019220825810065012,33375.48828125,131.72417755126952,130.57068252563477,143.4804855517487,3.7603284978594025,129.57508010864257,137.09573710436138,122.05442311292376,0.3373282324940763
AAPL,2023-01-23,139.14756774902344,141.11000061035156,143.32000732421875,137.89999389648438,138.1199951171875,81760300,61.86204600548868,52.31934521077817,49.49417416479641,134.58175935071532,138.92435212931306,141.7124354283928,134.9718341724835,135.01553502145617,-0.04370084897266224,96.0,44.0,8.0,72.0,-4.850223442882413,0.0235003241377576,33629.55859375,132.97050388881138,131.48234801519484,143.40614182315656,4.247640900664191,129.85414428710936,138.34942608843775,121.35886248578097,0.3190185334436472
AAPL,2023-01-24,140.54783630371094,142.52999877929688,143.16000366210938,140.3000030517578,140.30999755859375,66435100,63.889233784164304,53.426734839167885,50.100669590524426,135.33873453438974,139.04257005226333,141.7304038536874,136.13462872737787,135.57216196648142,0.5624667608964558,92.0,40.0,6.0,70.0,-14.664986557844939,0.01006319102331088,33733.9609375,134.2985372634161,132.5007948739188,143.3473580017849,4.875909497312017,130.36198196411132,140.11380095873537,120.61016296948729,0.40095370906555416
AAPL,2023-01-25,139.8871307373047,141.86000061035156,142.42999267578125,138.80999755859375,140.88999938964844,65799300,62.20899469136417,52.82639097139803,49.81266699511318,135.95980749400516,139.13494482465964,141.73325213405363,137.01545517091228,136.03792779195328,0.977527378958996,88.0,36.0,4.0,68.0,3.109618600044817,-0.004700930187061192,33743.83984375,135.37450329008556,133.40795189993722,143.28339946955592,5.318632770797254,130.85502700805665,141.49229254965115,120.21776146646215,0.4099858435966138
AAPL,2023-01-26,141.95797729492188,143.9600067138672,144.25,141.89999389648438,143.1699981689453,54105100,65.29019685270333,54.48863775962337,50.71871001245756,136.7217312292301,139.29314357512547,141.78219179514844,138.08384771598224,136.62474845283577,1.45909926314647,96.0,32.0,2.0,66.0,-21.59567469184643,0.014803695999069832,33949.41015625,136.58101624988373,134.46537573678154,143.24149386012138,5.823617199779365,131.54184265136718,143.1890770509259,119.89460825180845,0.3751128395767801
AAPL,2023-01-27,143.90054321289062,145.92999267578125,147.22999572753906,143.0800018310547,143.16000366210938,70555800,67.93152626354254,55.99698369785374,51.555849472841075,137.59870850985402,139.51074518498305,141.87335225406343,139.2909469405667,137.3140258026836,1.976921137883096,96.0,28.0,0.0,64.0,-17.419099608606903,0.013684091271130239,33978.078125,137.86866527739025,135.642394837879,143.2201616023429,6.178266524834447,132.52251205444335,144.87904510411224,120.16597900477446,0.45415234504934027
AAPL,2023-01-30,141.0112762451172,143.0,145.5500030517578,142.85000610351562,144.9600067138672,64015300,60.550984890689,53.27365661506436,50.26008869760103,138.11311722320124,139.6251469821967,141.89811374298512,139.86157048817182,137.73520907655887,2.1263614116129474,92.0,24.0,4.0,62.0,-15.439668074347754,-0.020078221410873898,33717.08984375,138.61790568033854,136.45084857032413,143.1710161537436,6.35096093337365,133.1827007293701,145.88462259611742,120.48077886262281,0.32415003345127746
AAPL,2023-01-31,142.28334045410156,144.2899932861328,144.33999633789062,142.27999877929688,142.6999969482422,65874500,62.483594406342604,54.288676601379954,50.81544399973419,138.70139113395663,139.7780927626536,141.9506825241532,140.54286630324273,138.22074864763843,2.322117655604302,88.0,20.0,2.0,60.0,-14.486682538405022,0.009021010538002416,34086.0390625,139.41607578822544,137.31757616315568,143.1357008221375,6.543599690692272,133.8907154083252,146.97791478970976,120.80351602694066,0.3494849119616044
AAPL,2023-02-01,143.40750122070312,145.42999267578125,146.61000061035156,141.32000732421875,143.97000122070312,77663600,64.15484834927018,55.18093218648477,51.3057161391076,139.34221032841612,139.96340095652664,142.02715087913404,141.29473189901788,138.75476672379716,2.539965175220715,84.0,16.0,0.0,58.0,-30.730171471893325,0.007900860093766227,34092.9609375,140.23678705124627,138.22393671671549,143.11281446124784,6.376169884497981,134.8945583343506,147.64689810334656,122.14221856535463,0.4206733990461608
AAPL,2023-02-02,148.72254943847656,150.82000732421875,151.17999267578125,148.1699981689453,148.89999389648438,118339000,70.78210281987737,59.095712240804616,53.540009939394864,140.4353338518259,140.31935526366408,142.2204004713337,142.76015888751033,139.6484882497543,3.1116706377560206,96.0,12.0,4.0,56.0,32.79566755242747,0.03706255371951306,34053.94140625,141.65403849283854,139.54088825044178,143.14375195061982,6.604058152536915,136.10055046081544,149.30866676588926,122.89243415574161,0.43505384933955743
AAPL,2023-02-03,152.351318359375,154.5,157.3800048828125,147.8300018310547,148.02999877929688,154357300,74.27861016028014,61.47802855177359,54.97914664080195,141.77482586593771,140.78429443534722,142.49028177965604,144.5662882894318,140.74860023125402,3.8176880581777937,96.0,8.0,98.0,54.0,90.65236213713229,0.024399587921262622,33926.01171875,143.39162219819568,141.088580431257,143.2114592173562,6.829349434403655,137.55404930114747,151.21274816995478,123.89535043234017,0.46866627152313695
AAPL,2023-02-06,149.619873046875,151.72999572753906,153.10000610351562,150.77999877929688,152.57000732421875,69858300,67.71023860229417,58.804595459711415,53.70148357410609,142.7229372813283,141.14316988755021,142.69335241587325,145.6683971260637,141.56203693468254,4.106360191381157,92.0,4.0,96.0,52.0,-20.393665524467636,-0.01792859649600742,33891.01953125,144.57962791806176,142.23770650227866,143.25258380605214,6.932661425507354,138.64417419433593,152.50949704535063,124.77885134332122,0.4059611933173648
AAPL,2023-02-07,152.49928283691406,154.64999389648438,155.22999572753906,150.63999938964844,150.63999938964844,83322600,70.65606990572748,60.67412781174054,54.83062240762833,143.8588474351527,141.5860165763677,142.95613574511745,147.05018124458996,142.53151522814935,4.518666016440619,88.0,0.0,94.0,50.0,17.70258282149658,0.019244835137221195,34156.69140625,146.003265671503,143.55724065871465,143.32308271075956,7.144296556167725,139.8521385192871,154.14073163162257,125.56354540695166,0.4334002092502789
AAPL,2023-02-08,149.8072509765625,151.9199981689453,154.5800018310547,151.1699981689453,153.8800048828125,64120100,64.71193289852188,58.116966437498384,53.58391271834398,144.62657607646628,141.9248356449768,143.1531437104763,147.79938384833693,143.22695840894903,4.572425439387899,84.0,4.0,92.0,48.0,0.350412074583465,-0.01765275095247809,33949.01171875,146.8853979201544,144.5053466070266,143.36733588716876,6.986315258194898,140.89690551757812,154.8695360339679,126.92427500118832,0.3613992424394873
AAPL,2023-02-09,148.77183532714844,150.8699951171875,154.3300018310547,150.4199981689453,153.77999877929688,56007100,62.532883858798755,57.156137090674896,53.10996912014568,145.22118741367782,142.21811956209845,143.32274484029412,148.27178558200626,143.79310927622595,4.478676305780311,80.0,0.0,90.0,46.0,-19.366560656733693,-0.006911652424461456,33699.87890625,147.47310849144344,145.25533992222378,143.4017348890162,6.8398293181601995,141.7538200378418,155.4334786741622,128.0741614015214,0.2573788677447214
AAPL,2023-02-10,149.13726806640625,151.00999450683594,151.33999633789062,149.22000122070312,149.4600067138672,57450700,63.00634817074309,57.41382789613837,53.25885661530626,145.77250237493098,142.50637775700787,143.4916953824159,148.69304849351852,144.32769336738224,4.365355126136279,76.0,0.0,88.0,44.0,-19.51383868780436,0.002456330114192884,33869.26953125,147.98745582217262,145.95852544875373,143.44032325289143,6.585140138160748,142.63294982910156,155.80323010542307,129.46266955278006,0.23947531060023922
AAPL,2023-02-13,151.94204711914062,153.85000610351562,154.25999450683594,150.9199981689453,150.9499969482422,62199000,66.50494255475185,59.359436559635085,54.393016238147304,146.54178844432,142.87829999787698,143.71935056309943,149.48642658736424,145.03304986635507,4.453376721009164,72.0,4.0,86.0,42.0,7.59267043420049,0.01880669459149198,34245.9296875,148.7806336902437,146.84510614304315,143.50705796388846,6.478360952977733,143.58575897216798,156.54248087812346,130.6290370662125,0.35833270718338484
AAPL,2023-02-14,151.3001251220703,153.1999969482422,153.77000427246094,150.86000061035156,152.1199951171875,61707600,64.99005096805271,58.72268406590607,54.086522618982684,147.17590353993162,143.21671629133158,143.92771641771796,150.0577451044224,145.63800890945782,4.419736194964571,68.0,0.0,84.0,40.0,-3.0465099471142216,-0.004224781811495326,34089.26953125,149.37970566522506,147.5798076811291,143.56749271639544,6.287439645015722,144.44829025268555,157.023169542717,131.8734109626541,0.3381947700638003
AAPL,2023-02-15,153.40365600585938,155.3300018310547,155.5,152.8800048828125,153.11000061035156,65573800,67.59495416614874,60.17447247059105,54.93560993138122,147.9524843295624,143.61387319427334,144.17831609713193,150.8688615239043,146.35593431105758,4.512927212846705,64.0,0.0,82.0,38.0,-5.883214109379844,0.013903034661021607,34128.05078125,150.15055324009487,148.43269965762184,143.64932267260195,6.015472150440206,145.4519905090332,157.48293480991362,133.4210462081528,0.38221248409701325
AAPL,2023-02-16,151.80377197265625,153.7100067138672,156.3300018310547,153.35000610351562,153.50999450683594,68167900,63.71214006297195,58.55021727842045,54.15830616187129,148.50081979473427,143.94489396540754,144.38780380299423,151.30596078389857,146.9006804149694,4.405280368929169,60.0,0.0,80.0,36.0,16.96539488404335,-0.010429243180110515,33696.8515625,150.5990764799572,149.03763122558593,143.7153007359291,5.455084756449954,146.37273941040038,157.28290892330028,135.4625698975005,0.3369532705142798
AAPL,2023-02-17,150.6581573486328,152.5500030517578,153.0,150.85000610351562,152.35000610351562,59144100,61.00964120266453,57.39969282875135,53.60411585016463,148.88645629540318,144.22702868955017,144.56719279747256,151.49735190203074,147.3191487584352,4.178203143595539,56.0,0.0,78.0,34.0,-26.275933765126467,-0.007546680883725343,33826.69140625,150.81958225795202,149.44576626732237,143.77004173734295,4.94376105628941,147.10801544189454,156.99553755447334,137.22049332931573,0.21252005387585926
AAPL,2023-02-21,146.63864135742188,148.47999572753906,151.3000030517578,148.41000366210938,150.1999969482422,58867200,52.58209558509884,53.56955124234703,51.70970129647522,148.8477457651304,144.36647023177932,144.65318846626522,151.03314325980125,147.40513742281325,3.6280058369879953,52.0,8.0,76.0,32.0,-28.000264186897557,-0.02667971029215177,33129.58984375,150.4122775123233,149.40106397356305,143.78508087272075,4.579246488359529,147.48256912231446,156.64106209903352,138.3240761455954,0.18014214566723186
AAPL,2023-02-22,147.0632781982422,148.91000366210938,149.9499969482422,147.16000366210938,148.8699951171875,51011300,53.31576677251577,53.906514837782396,51.89297628746411,148.85367508865224,144.51543854097045,144.74674484419586,150.70650639861788,147.51660899609448,3.1898974025233997,48.0,4.0,74.0,30.0,-23.2163419638113,0.002895804522528911,33045.08984375,150.02011195591518,149.3611315046038,143.8051579485841,4.282050702036729,147.808341217041,156.37244262111446,139.24423981296755,0.05494530254814617
AAPL,2023-02-23,147.54722595214844,149.39999389648438,150.33999633789062,147.24000549316406,150.08999633789062,48394200,54.18577811302654,54.2985143226687,52.10437090716702,148.90570545130294,144.67558789688894,144.84901405413626,150.50550447521272,147.65611898871595,2.8493854864967716,44.0,0.0,72.0,28.0,-26.451801158978896,0.00329074504414284,33153.91015625,149.65765584309895,149.33626338413782,143.830390242012,3.857814754111073,148.19134597778321,155.90697548600536,140.47571646956106,0.09961866224597345
AAPL,2023-02-24,144.890625,146.7100067138672,147.19000244140625,145.72000122070312,147.11000061035156,55469600,48.808498053339335,51.79111599689569,50.85266886368802,148.69659128583285,144.74229015318332,144.88991499171277,149.92158174269804,147.5860365979864,2.335545144711631,40.0,0.0,70.0,26.0,2.521943402747615,-0.018005089116416295,32816.921875,148.95217982700893,149.02190900530135,143.82954062808213,3.6590321669182124,148.3379783630371,155.65604269687353,141.0199140292007,0.20402075707303974
AAPL,2023-02-27,146.0855712890625,147.9199981689453,149.1699981689453,147.4499969482422,147.7100067138672,44998500,51.15646084841663,52.807653222619805,51.38866338715282,148.62263003660547,144.8464773012411,144.95651022637722,149.61364580827455,147.6107744921315,2.0028713161430574,36.0,0.0,68.0,24.0,-36.22281938550764,0.00824722986088644,32889.08984375,148.47708420526413,148.80739404587518,143.8408098184766,3.550578908340933,148.4472297668457,155.54838758352759,141.34607195016383,0.15556520451618364
AAPL,2023-02-28,145.5819091796875,147.41000366210938,149.0800018310547,146.8300018310547,147.0500030517578,50547000,50.11313376956472,52.325379325168385,51.14874682465377,148.507141810463,144.93052734585973,145.01043315903067,149.27462393963376,147.59590257879654,1.6787213608372156,32.0,4.0,66.0,22.0,-21.039189068863227,-0.0034477197503536283,32656.69921875,147.96849365234374,148.53450637090774,143.84735661786587,3.173887904045762,148.6757614135742,155.02353722166572,142.3279856054827,0.060290064481942726
AAPL,2023-03-01,143.50794982910156,145.30999755859375,147.22999572753906,145.00999450683594,146.8300018310547,55479000,45.95675614596857,50.361343420599006,50.16467722652811,148.20265188171354,144.9429689921789,145.0170169919881,148.66468141947377,147.42657628100375,1.2381051384700186,28.0,0.0,64.0,20.0,-15.78076493939233,-0.014245996376006542,32661.83984375,147.24925493512833,148.04233383905319,143.83318946382892,3.053608491474945,148.73699188232422,154.8442088652741,142.62977489937433,-0.045473010394155355
AAPL,2023-03-02,144.1005096435547,145.91000366210938,146.7100067138672,143.89999389648438,144.3800048828125,52238100,47.301617037673815,50.90732744533123,50.44265159886774,147.98430443222742,144.9746750469307,145.0366430726501,148.2408848414177,147.31423756849307,0.9266472729246402,24.0,16.0,62.0,18.0,-32.737987937721144,0.0041291079355449956,33003.5703125,146.66901753743488,147.60076410202754,143.8247513610688,2.993285955085778,148.7716423034668,154.75821421363835,142.78507039329523,-0.0734205926145677
AAPL,2023-03-03,149.15701293945312,151.02999877929688,151.11000061035156,147.3300018310547,148.0399932861328,70732300,57.109951657605244,55.26193917621981,52.73811586942218,148.27437056051977,145.17321025127058,145.1683651760929,148.66997929339914,147.58947913966372,1.0805001537354144,20.0,12.0,60.0,16.0,-40.22908762115617,0.03509011389623917,33390.96875,146.8074693952288,147.63746606735955,143.86665271702097,2.994487196766448,148.79336547851562,154.7823398720485,142.80439108498274,0.039714070328615514
AAPL,2023-03-06,151.9222869873047,153.8300018310547,156.3000030517578,153.4600067138672,153.7899932861328,87558000,61.34691505538132,57.40471360902148,53.92895299479397,148.80347830057073,145.45703948339462,145.35873081686128,149.4638289145769,148.05174007976677,1.4120888348101346,16.0,8.0,58.0,14.0,-43.275763439759565,0.018539349865996924,33431.44140625,147.31443641299293,147.93545859200614,143.9357668752338,2.9690866535563423,148.77191390991212,154.7100872170248,142.83374060279942,0.03247049691639102
AAPL,2023-03-07,149.71995544433594,151.60000610351562,154.02999877929688,151.1300048828125,153.6999969482422,56182000,56.55510907278856,55.22029043550402,52.846824882813145,149.0698142818036,145.65844822503794,145.49590170228225,149.79247155902902,148.31457460004447,1.4778969589845588,12.0,4.0,56.0,12.0,-19.577201277443052,-0.014496434898671473,32856.4609375,147.52794741675967,148.02574826195126,143.9827083162526,2.970674943677928,148.77691802978515,154.71826791714102,142.83556814242928,0.01777519926937021
AAPL,2023-03-08,150.97418212890625,152.8699951171875,153.47000122070312,151.8300018310547,152.80999755859375,47204800,58.54120924303317,56.204541520719765,53.39032547637043,149.43173626612588,145.89489238543626,145.65796968942303,150.26593672182264,148.65201315686988,1.6139235649527564,8.0,0.0,54.0,10.0,-43.34694308626951,0.008377151067458177,32798.3984375,147.92373788016184,148.2350115094866,144.04156839968553,2.8885341024050093,148.70066299438477,154.47773119919478,142.92359478957476,0.01941007154293965
AAPL,2023-03-09,148.7224578857422,150.58999633789062,154.5399932861328,150.22999572753906,153.55999755859375,53833600,53.78714766996467,53.994953846976806,52.28627264558462,149.5420467491511,146.04883021994297,145.76636587949923,150.31579204737156,148.7955674665751,1.5202245807964516,4.0,76.0,52.0,8.0,-16.042551399639116,-0.014914631173437831,32254.859375,148.0424362909226,148.2370872134254,144.07722992588631,2.8768225820830065,148.64642333984375,154.40006850400977,142.89277817567773,-0.06939042496370597
AAPL,2023-03-10,146.65835571289062,148.5,150.94000244140625,147.61000061035156,150.2100067138672,68572400,49.79514532204558,52.04973440604528,51.294105908398976,149.4428042016129,146.1291964422399,145.82644575027948,150.036439424699,148.77367358016213,1.2627658445368866,0.0,72.0,50.0,6.0,22.435191252537624,-0.013878886902456533,31909.640625,147.91526692708334,148.04774743942988,144.09168354281147,2.910592272207596,148.54074935913087,154.36193390354606,142.71956481471568,-0.11187051327157732
AAPL,2023-03-13,148.60394287109375,150.47000122070312,153.13999938964844,147.6999969482422,147.80999755859375,84457100,53.312506876710096,53.68086826946806,52.16711147306623,149.54063248914528,146.27151791038622,145.92850191446462,150.10314123946887,148.89932747946145,1.2038137600074208,32.0,68.0,48.0,4.0,47.00795638695438,0.013266118720244968,31819.140625,148.08560253324964,148.05376586914062,144.12519933406392,2.9072806718132926,148.51408309936522,154.32864444299182,142.69952175573863,-0.02093871554125851
AAPL,2023-03-14,150.69766235351562,152.58999633789062,153.39999389648438,150.10000610351562,151.27999877929688,73695900,56.818578020119226,55.37496884392894,53.09040314864103,149.8310480937877,146.4786811375175,146.07490838530913,150.48573433153376,149.1727103578636,1.3130239736701697,28.0,64.0,46.0,2.0,18.48405922924806,0.014089259288618372,32155.400390625,148.5163835797991,148.26172579810734,144.17901995416898,2.8426543707127996,148.45186386108398,154.13717260250957,142.7665551196584,0.00890416381862416
AAPL,2023-03-15,151.09271240234375,152.99000549316406,153.25,149.9199981689453,151.19000244140625,77167900,57.4675984731663,55.692062973904534,53.264091443629596,150.1319011794426,146.69216718196495,146.2268885415257,150.87100681793842,149.45547296047846,1.4155338574599625,24.0,60.0,44.0,0.0,25.054126234045725,0.0026214742993251328,31874.5703125,148.96522478376116,148.5132351829892,144.23614688133125,2.8320750376668884,148.44149322509764,154.1056433004314,142.77734314976388,0.1071857676422991
AAPL,2023-03-16,153.917236328125,155.85000610351562,156.4600067138672,151.63999938964844,152.16000366210938,76161100,61.879245456523236,57.909644860231616,54.49337077963751,150.6764826007829,146.99242419578627,146.4383856308002,151.63700670802723,149.9291420821849,1.7078646258423191,96.0,56.0,42.0,2.0,16.145625234468643,0.01869397855708521,32246.55078125,149.75690264020648,149.03473452613468,144.32089377825534,2.881336003997798,148.46717224121093,154.22984424920654,142.70450023321533,0.1616705408641976
AAPL,2023-03-17,153.07778930664062,155.0,156.74000549316406,154.27999877929688,156.0800018310547,98944600,59.89097726032576,57.02992731116813,54.06213474793053,151.0882461626131,147.25496766477687,146.62655297957383,152.15439029140765,150.30476118720827,1.84962910419938,96.0,52.0,40.0,0.0,45.14837628854637,-0.005453885747368936,31861.98046875,150.35068650018601,149.47384091331844,144.39694931068232,2.971651872174201,148.53087310791017,154.47417685225858,142.58756936356176,0.049462102081624104
AAPL,2023-03-20,155.44801330566406,157.39999389648438,157.82000732421875,154.14999389648438,155.07000732421875,73641400,63.46097314113917,58.859913936860245,55.08618515708649,151.68936499441037,147.58759147565254,146.86333190082462,152.96140623065023,150.83033398048798,2.131072250162248,96.0,48.0,98.0,0.0,24.51182789153948,0.01548378775104653,32244.580078125,151.19390767415365,150.1326161702474,144.49625314019806,3.324216856000458,148.7703659057617,155.41879961776263,142.12193219376078,0.11335195598534463
AAPL,2023-03-21,157.30470275878906,159.27999877929688,159.39999389648438,156.5399932861328,157.32000732421875,73938300,66.01293325136794,60.23560327650983,55.87247719427933,152.4122824977329,147.97094909216548,147.13622567837348,153.9334973919805,151.45623507669603,2.477262315284463,96.0,44.0,98.0,2.0,25.601863176777563,0.01194411825305286,32560.599609375,152.1907245454334,150.94541015625,144.61357119090522,3.787516538707648,149.30366897583008,156.87870205324538,141.72863589841478,0.22895245171199094
AAPL,2023-03-22,155.87269592285156,157.8300018310547,162.13999938964844,157.80999755859375,159.3000030517578,75701800,62.39345127567311,58.66652141586208,55.113132825005536,152.92825576757306,148.29419672294873,147.37125372568516,154.53295961337653,151.92836594738927,2.6045936659872666,96.0,40.0,98.0,0.0,48.402020728740496,-0.009103394945117027,32030.109375,152.8652095249721,151.57103177025203,144.7162100185565,4.018462793621971,149.74413986206054,157.7810654493045,141.70721427481658,0.17225812615725858
AAPL,2023-03-23,156.9590301513672,158.92999267578125,161.5500030517578,157.67999267578125,158.8300018310547,67622100,64.00577864563647,59.496557389426414,55.58044527070271,153.499849758831,148.64291134435308,147.62529194436857,155.20942623836186,152.4470049643072,2.7624212740546454,92.0,36.0,96.0,0.0,39.73182736774242,0.006969368317420344,32105.25,153.57242300851004,152.25816417875745,144.82901384230277,4.289595303544958,150.2147300720215,158.7939206791114,141.63553946493158,0.2563474220378969
AAPL,2023-03-24,158.26266479492188,160.25,160.33999633789062,157.85000610351562,158.86000061035156,59196500,65.89542074776068,60.4840948734805,56.1395936327939,154.1427212103709,149.0234716281448,147.90275805548134,155.98489912476774,153.02500459658077,2.9598945281869646,88.0,32.0,94.0,0.0,6.718815351111239,0.008305572749127466,32237.529296875,154.3791495186942,153.024634152367,144.9541279803224,4.455006146655333,150.8833320617676,159.79334435507826,141.97331976845692,0.3470047603887588
AAPL,2023-03-27,156.31707763671875,158.27999877929688,160.77000427246094,157.8699951171875,159.94000244140625,52390300,60.76797559542065,58.28468988149474,55.08364152407545,154.5367476455067,149.32696432162518,148.13082928018056,156.33799137931067,153.4142634249301,2.9237279543805528,84.0,28.0,92.0,0.0,16.42676978121493,-0.012293405780347766,32432.080078125,154.86607985723586,153.54213373093378,145.05928270899835,4.462518830873367,151.3949073791504,160.31994504089712,142.46986971740367,0.24595819552755996
AAPL,2023-03-28,155.6949005126953,157.64999389648438,158.49000549316406,155.97999572753906,157.97000122070312,45992200,59.182046387350944,57.59019320585722,54.747612020492745,154.83324728845696,149.59985053719433,148.3400416893301,156.5398379204143,153.72802123763785,2.8118166827764526,80.0,24.0,90.0,4.0,-9.011019447247117,-0.003980224895640538,32394.25,155.20722351074218,153.95165688650948,145.15770640017382,4.340463079821584,151.9005569458008,160.58148310544397,143.2196307861576,0.20276622506220104
AAPL,2023-03-29,158.7762451171875,160.77000427246094,161.0500030517578,159.35000610351562,159.3699951171875,51305700,64.16943894175307,60.03590969515264,56.1009614120689,155.39865271550497,149.9660850858916,148.61322768016814,157.19063274380608,154.2496496105877,2.940983133218367,76.0,20.0,88.0,2.0,-7.522305737306008,0.019790915401503018,32717.599609375,155.91425388881137,154.60648433140346,145.28602076706008,4.123973344413714,152.6639717102051,160.91191839903252,144.41602502137766,0.2005680644295509
AAPL,2023-03-30,160.3465118408203,162.36000061035156,162.47000122070312,161.27000427246094,161.52999877929688,49501700,66.42111755566944,61.21785945694851,56.77320786411672,156.0616382292999,150.37244297193945,148.9153545577546,157.98592010789,154.85041635131094,3.1355037565790553,96.0,16.0,98.0,0.0,-5.238322220754584,0.009889808909852027,32859.03125,156.73490280877976,155.33815482003348,145.42876741361854,3.944535712023466,153.47627182006835,161.36534324411528,145.58720039602142,0.1243287149979148
AAPL,2023-03-31,162.85499572753906,164.89999389648438,165.0,161.91000366210938,162.44000244140625,68749800,69.69722248468442,63.029279447429914,57.82597039829489,156.90338638807938,150.8487561170065,149.26666531245195,159.04962376767375,155.59482950280528,3.454794264868468,96.0,12.0,98.0,0.0,-2.802821341876342,0.015644143785360276,33274.1484375,157.75965285528275,156.23136662074498,145.59494693319596,4.325874453228462,154.16117095947266,162.8129198659296,145.50942205301573,0.2452813489994359
AAPL,2023-04-03,164.10922241210938,166.1699981689453,166.2899932861328,164.22000122070312,164.27000427246094,56976200,71.20969415163995,63.90348123036819,58.3435749118103,157.78592084339994,151.3510919219881,149.63816713347376,160.145065983254,156.3781753299268,3.7668906533272093,96.0,8.0,98.0,0.0,-34.92747664405309,0.007701493460284592,33601.1484375,158.81590881347657,157.17880009242467,145.77199739560558,4.8236024015026455,154.7705177307129,164.41772253371818,145.12331292770762,0.24389210874511447
AAPL,2023-04-04,163.57595825195312,165.6300048828125,166.83999633789062,165.11000061035156,166.60000610351562,46278300,69.61865279431272,63.24410325136396,58.03455964658712,158.53297646620115,151.81925300267085,149.98963609499768,160.98890273703222,157.06349603754794,3.9254066994842844,96.0,4.0,98.0,2.0,-17.627887935637748,-0.0032494466326646876,33402.37890625,159.67333374023437,158.01741347539993,145.9422010108606,5.049772402907481,155.46331787109375,165.5628626769087,145.3637730652788,0.14136628933234396
AAPL,2023-04-05,161.72911071777344,163.75999450683594,165.0500030517578,161.8000030517578,164.74000549316406,51511700,64.26340680847478,60.984098037442735,56.96825238639491,159.03078770816637,152.2107527241189,150.29228133481828,161.41522454777126,157.5595329611989,3.8556915865723624,92.0,0.0,96.0,0.0,9.123860285394706,-0.011290458291768113,33482.71875,160.165624273391,158.6141556512742,146.09225118267003,5.118738644690398,156.0010643005371,166.2385415899179,145.76358701115632,0.1672698019862874
AAPL,2023-04-06,162.6179656982422,164.66000366210938,164.9600067138672,162.0,162.42999267578125,45390100,65.63357146414265,61.667769769670016,57.35307201505618,159.5669035133038,152.6189248860202,150.6080554519016,161.9144213345925,158.08549375385894,3.8289275807335628,88.0,0.0,94.0,8.0,-15.68444243000654,0.005495949223512708,33485.2890625,160.70203000023253,159.2443367367699,146.24953407894913,5.020899672146147,156.69583969116212,166.7376390354544,146.65404034686983,0.2627608838607938
AAPL,2023-04-10,160.0205841064453,162.02999877929688,162.02999877929688,160.0800018310547,161.4199981689453,47716900,58.56709631174553,58.55825098878551,55.863454424749165,159.80148401482694,152.92748468579975,150.85908717338282,161.93220247993162,158.37767931129878,3.5545231686328407,84.0,16.0,92.0,6.0,-30.413839970600414,-0.015972291749219436,33586.51953125,160.80125935872397,159.56097906203496,146.37952736204537,4.474222192140537,157.36395111083985,166.31239549512094,148.41550672655876,0.2354445461261554
AAPL,2023-04-11,158.8058624267578,160.8000030517578,162.36000061035156,160.50999450683594,162.35000610351562,47644200,55.55462626694016,57.160385501425495,55.179525428590246,159.89658106596323,153.18560004206068,151.0775688410394,161.75801795252025,158.55711069948094,3.200907253039304,80.0,12.0,90.0,4.0,-43.5876912657432,-0.007591033906484634,33684.7890625,160.69497753324964,159.69830394926527,146.4960926298834,3.9768542581434305,157.87404708862306,165.82775560490992,149.9203385723362,0.2514561167848066
AAPL,2023-04-12,158.1145477294922,160.10000610351562,162.05999755859375,159.77999877929688,161.22000122070312,50133100,53.85679987740049,56.36625885082033,54.789980720964266,159.91595487906346,153.41230188014117,151.27586416548942,161.50293920651953,158.67139924792795,2.831539958591577,76.0,8.0,88.0,2.0,-31.97301342408465,-0.004353206403727494,33646.5,160.48222365606398,159.72120877220516,146.6046411637643,3.60043023216974,158.24489135742186,165.44575182176135,151.04403089308238,0.21784422480743368
AAPL,2023-04-13,163.50682067871094,165.55999755859375,165.8000030517578,161.4199981689453,161.6300048828125,68445600,63.28272960810197,60.77439151088027,57.19513259480648,160.45348275330443,153.81058698435274,151.58980116314007,162.12710202991556,159.18166578945875,2.9454362404568144,72.0,4.0,86.0,0.0,-11.303015891322687,0.03410358519599366,34029.69140625,160.9670885358538,160.22234489804222,146.76590637396816,3.364892986799427,158.86559677124023,165.5953827448391,152.13581079764137,0.29644518204861
AAPL,2023-04-14,163.16114807128906,165.2100067138672,166.32000732421875,163.82000732421875,164.58999633789062,49386500,62.40269926918457,60.36894538106468,56.99678579369853,160.9064850352628,154.1843384508942,151.88914634007912,162.60139505821581,159.62820956163716,2.973185496578651,68.0,0.0,84.0,38.0,-35.15521703336743,-0.002114117356003864,33886.46875,161.3435038248698,160.6314450218564,146.92252600257078,3.2832957296644367,159.32779235839843,165.8943838177273,152.76120089906956,0.2735990135068987
AAPL,2023-04-17,163.18092346191406,165.22999572753906,165.38999938964844,164.02999877929688,165.08999633789062,41516200,62.43488341378927,60.38462482605306,57.00548967913716,161.3182479583367,154.54649114848908,152.1823518211222,163.00579516118864,160.0431566850373,2.9626384761513407,64.0,0.0,82.0,36.0,-58.040964337619236,0.00012120159032202871,33987.1796875,161.6759036109561,160.99840988885788,147.0779471436306,3.039226020639813,159.83294906616212,165.91140110744175,153.75449702488248,0.19769819961354437
AAPL,2023-04-18,164.40553283691406,166.47000122070312,167.41000366210938,165.64999389648438,166.10000610351562,49923000,64.46357590220916,61.36621255044509,57.548430423708545,161.80889112618112,154.9374259049551,152.49636609364046,163.53874993957547,160.51921924323477,3.019530696340695,96.0,4.0,98.0,34.0,-32.20796997341169,0.007504611133579031,33976.62890625,162.10621468680245,161.43389405750094,147.24424476092133,3.018975115353614,160.28082504272462,166.31877527343184,154.2428748120174,0.13655271075152967
AAPL,2023-04-19,165.5511474609375,167.6300048828125,168.16000366210938,165.5399932861328,165.8000030517578,47720200,66.29725128590758,62.27309655518793,58.05407355423985,162.36328291252696,155.35357603537665,152.82897353955633,164.16817377699653,161.04594410542572,3.122229671570807,96.0,0.0,98.0,32.0,-35.45943036288365,0.00696822426992072,33897.01171875,162.60631597609748,161.93582952590216,147.4204491470109,3.151347299398216,160.69314727783203,166.99584187662845,154.3904526790356,0.24407842185991582
AAPL,2023-04-20,164.58328247070312,166.64999389648438,167.8699951171875,165.55999755859375,166.08999633789062,52456400,63.32435066904619,61.01818182318265,57.46401315560817,162.7715411014753,155.72395039147855,153.1327322287196,164.54999225691773,161.4610589047634,3.088933352154328,92.0,0.0,96.0,30.0,-30.706535379607878,-0.005846320035098218,33786.62109375,162.9128457205636,162.3063185918899,147.58558175044274,3.050379535313821,161.1286766052246,167.22943567585224,155.02791753459695,0.31789738366541476
AAPL,2023-04-21,162.97352600097656,165.02000427246094,166.4499969482422,164.49000549316406,165.0500030517578,58337300,58.616378036117595,58.96855905314908,56.48958135563004,162.98568045109297,156.02873904331403,153.39399095495565,164.62230179777052,161.7246844875558,2.897617310214713,88.0,4.0,94.0,28.0,-13.73042245064853,-0.00978080182604879,33808.9609375,162.96439107259116,162.48201853434244,147.73343237615936,2.910962045770027,161.42940139770508,167.25132548924512,155.60747730616504,0.23334770417500633
AAPL,2023-04-24,163.27967834472656,165.3300018310547,165.60000610351562,163.88999938964844,165.0,41949600,59.23709047993145,59.23860359554489,56.63229754585378,163.2089491539465,156.33369847897765,153.65632086432046,164.73117872596808,161.9917450315187,2.7394336944493887,84.0,0.0,92.0,26.0,-29.13499953544551,0.0018785403449401716,33875.3984375,163.05562787737165,162.65823538643974,147.88321139776883,2.8389868784821766,161.6802520751953,167.35822583215966,156.00227831823096,0.22349300331960517
AAPL,2023-04-25,161.73902893066406,163.77000427246094,166.30999755859375,163.72999572753906,165.19000244140625,48714100,54.78395172208919,57.27154176134115,55.69423800037964,163.2623829747574,156.577511783682,153.87859962054333,164.58330573312082,162.12346793825515,2.4598377948656776,80.0,20.0,90.0,24.0,-7.016947793770985,-0.009435647042430939,33530.828125,162.9493451799665,162.66383318219866,148.0166952100915,2.5433817137735995,161.95134963989258,167.03811306743978,156.8645862123454,0.22208021458546345
AAPL,2023-04-26,161.72911071777344,163.75999450683594,165.27999877929688,162.8000030517578,163.05999755859375,45498800,54.755414357450334,57.258848311297584,55.688178556515176,163.30977454924107,156.81300302050673,154.09577313452778,164.45664246753853,162.24469212852037,2.211950339018159,76.0,16.0,88.0,22.0,-1.0727906036240928,-6.132232248579061e-05,33301.87109375,162.85923461914064,162.64266757056828,148.1492253663172,2.077354974538347,162.2530601501465,166.4077700992232,158.0983502010698,0.2971256617672192
AAPL,2023-04-27,166.3214874267578,168.41000366210938,168.55999755859375,165.19000244140625,165.19000244140625,64902300,64.08436543626476,61.37000305761177,57.854636715004794,163.79551065522855,157.1932325497396,154.41037160766143,165.06485188208788,162.7013818717492,2.3634700103386876,96.0,12.0,98.0,20.0,26.501148995140888,0.028395486060628583,33826.16015625,163.381440952846,163.03013683500745,148.32649020408516,2.0977430700473865,162.630322265625,166.82580840571978,158.43483612553024,0.27902890815155845
AAPL,2023-04-28,167.5757293701172,169.67999267578125,169.85000610351562,167.8800048828125,168.49000549316406,55275900,66.13792928542611,62.394491701153584,58.42116392053282,164.35593751432882,157.60263452108524,154.74596767509263,165.77487354265608,163.21831600538118,2.556557537274898,96.0,8.0,98.0,18.0,11.664649900912494,0.007541069784574361,34098.16015625,164.03560791015624,163.50112798781623,148.51509439610723,2.296887778106969,162.99178314208984,167.58555869830377,158.39800758587592,0.31148195745614304
AAPL,2023-05-01,167.48684692382812,169.58999633789062,170.4499969482422,168.63999938964844,169.27999877929688,52472900,65.850584274169,62.27312150416772,58.36443195441394,164.854419307049,157.99566277737392,155.07221006328598,166.3618155111537,163.69029232630783,2.6715231848458814,96.0,4.0,98.0,16.0,-23.675559783446644,-0.0005304016674917422,34051.69921875,164.60597011021204,163.92922930036272,148.70159302554913,2.506332623460382,163.2233757019043,168.23604094882506,158.21071045498354,0.3128037221427471
AAPL,2023-05-02,166.44985961914062,168.5399932861328,170.35000610351562,167.5399932861328,170.08999633789062,48425700,62.442015175650944,60.841212648586726,57.69740212842974,165.20542635267603,158.34137853175946,155.36820529895292,166.69691978422742,164.049529434443,2.6473903497844162,92.0,0.0,96.0,14.0,-15.007143333532246,-0.0061914551723522004,33684.53125,164.9553912934803,164.23651348295667,148.87670238779552,2.6026697438598956,163.34040756225585,168.54574704997563,158.13506807453606,0.21761142561085195
AAPL,2023-05-03,165.37338256835938,167.4499969482422,170.9199981689453,167.16000366210938,169.5,65136000,59.026356498391145,59.3715464571996,57.007269609513756,165.4191949808252,158.64002175852937,155.63373918135485,166.81277780946047,164.30141591694667,2.511361892513804,96.0,0.0,98.0,12.0,40.74847174593708,-0.006467275209750101,33414.23828125,165.08189828055245,164.4301301502046,149.04016428819344,2.6419676942906674,163.43027877807617,168.7142141666575,158.14634338949483,0.05088770305255964
AAPL,2023-05-04,163.73397827148438,165.7899932861328,167.0399932861328,164.30999755859375,164.88999938964844,81235400,54.16679922091228,57.18974821640531,55.96695868813194,165.45450910514023,158.87444705451637,155.85695355728404,166.65542634433314,164.41168090725677,2.2437454370763703,92.0,32.0,96.0,10.0,57.7028131473044,-0.009913350452255054,33127.73828125,164.97204124813987,164.4590539114816,149.1862793951841,2.6118873854717393,163.53052215576173,168.7542969267052,158.30674738481827,0.06354154294398968
AAPL,2023-05-05,171.41746520996094,173.57000732421875,174.3000030517578,170.75999450683594,170.97999572753906,113453200,67.62128950020738,63.67730086034156,59.50138776347121,166.22741369743343,159.35626870270332,156.2462514422716,167.71920803354632,165.09007545666137,2.629132576884956,96.0,28.0,98.0,8.0,149.95142112487082,0.04692664906569788,33674.37890625,165.88119361514137,165.21019134521484,149.40808657480116,3.138191823013318,163.97049713134766,170.2468807773743,157.69411348532103,0.15769747465992756
AAPL,2023-05-08,171.3483428955078,173.5,173.85000610351562,172.11000061035156,172.47999572753906,55962800,67.42951903526543,63.58740113403778,59.457576918117205,166.92004096434454,159.81999759769664,156.62545470727662,168.60856064376998,165.713032830242,2.8955278135279627,92.0,24.0,96.0,6.0,17.280879520672972,-0.0004032396253699222,33618.69140625,166.7026864188058,165.9128433227539,149.628162950734,3.3991608848346595,164.5368850708008,171.3352068404701,157.73856330113148,0.18327685096058005
AAPL,2023-05-09,169.6398162841797,171.77000427246094,173.5399932861328,171.60000610351562,173.0500030517578,45326900,62.69658634830585,61.36663031041937,58.37353044932557,167.3819422317842,160.2118010952299,156.95830195046747,169.0949365866455,166.16169738151748,2.933239205128018,88.0,20.0,94.0,4.0,-4.863760961460157,-0.00997107169206779,33561.80859375,167.23025367373512,166.39883677164713,149.83031246318154,3.2995865635075754,165.07858276367188,171.67775589068702,158.47940963665673,0.19311621306526094
AAPL,2023-05-10,171.4075927734375,173.55999755859375,174.02999877929688,171.89999389648438,173.02000427246094,53724500,65.40250774131394,62.762091682566826,59.15968743939466,167.9703284533851,160.64944688091396,157.3231743814153,169.7818690438683,166.70971961685646,3.0721494270118512,84.0,16.0,92.0,2.0,7.163730150339795,0.010420763992672777,33531.328125,167.95458475748697,167.00159962972006,150.04914856678218,3.158792988426602,165.74323501586915,172.06082099272234,159.42564903901595,0.1895342462188666
AAPL,2023-05-11,171.59524536132812,173.75,174.58999633789062,172.1699981689453,173.85000610351562,49514700,65.6870433531441,62.90957351602887,59.24306368995516,168.5207733625865,161.07897321268726,157.6842035158897,170.39235072942702,167.2312218674597,3.1611288619673132,96.0,12.0,98.0,0.0,-27.658315508958943,0.00109477406953995,33309.51171875,168.6389427548363,167.55893394833518,150.26880492898363,3.368232669755224,166.14765625,172.88412158951047,159.41119091048955,0.063178125594847
AAPL,2023-05-12,170.66561889648438,172.57000732421875,174.05999755859375,171.0,173.6199951171875,45533100,62.92607604982955,61.65507467136138,58.63791835002553,168.90641469226577,161.4557284294588,158.01136403914967,170.72737482093345,167.62668745684928,3.100687364084166,92.0,8.0,96.0,0.0,-7.802537130592368,-0.005417553749150983,33300.62109375,169.1172389439174,167.98921610514324,150.47808898052767,3.435355924942643,166.52287979125975,173.39359164114504,159.65216794137447,-0.025828762755852337
AAPL,2023-05-15,170.171142578125,172.07000732421875,173.2100067138672,171.47000122070312,173.16000366210938,37266700,61.44662272307786,60.9842599756054,58.31461475254783,169.20770922864227,161.80373757354928,158.32034521025008,170.93393366759273,167.95582226183961,2.9781114057531113,88.0,4.0,94.0,8.0,-10.235763388749453,-0.0028973399654637078,33348.6015625,169.45926266624815,168.3366697038923,150.6816306676912,3.4330416725196318,166.8723907470703,173.73847409210958,160.00630740203104,-0.08001512312310186
AAPL,2023-05-16,170.171142578125,172.07000732421875,173.13999938964844,171.8000030517578,171.99000549316406,42110300,61.44662272307786,60.9842599756054,58.31461475254783,169.48030904726858,162.14033658176797,158.62253558638125,171.10871423015055,168.26057671090473,2.8481375192458245,84.0,0.0,92.0,6.0,-15.649500230354747,0.0,33012.140625,169.72098054431734,168.65083654494512,150.88440214508208,3.456983704188408,167.16067123413086,174.07463864250767,160.24670382575405,-0.018032266093336285
AAPL,2023-05-17,170.78428649902344,172.69000244140625,172.92999267578125,170.4199981689453,171.7100067138672,57951600,62.707515711801946,61.5422457465193,58.609260351347864,169.78599413242455,162.48622726569053,158.93171068209608,171.35198933957452,168.5886823205715,2.7633070190030082,80.0,0.0,90.0,4.0,21.440396310157965,0.0036031016282149775,33420.76953125,169.98405064174108,168.99594276064917,151.09275672077538,3.526103589033851,167.42232818603514,174.47453536410285,160.37012100796744,0.1118795801096524
AAPL,2023-05-18,173.11825561523438,175.0500030517578,175.24000549316406,172.5800018310547,173.0,65496700,67.11625515656559,63.59739193864623,59.71528061580443,170.2873283152182,162.89815434064354,159.2859588660447,171.92091452606425,169.06729867102976,2.853615855034491,96.0,32.0,98.0,2.0,24.859311733172692,0.013666181848786652,33535.91015625,170.51581377301898,169.53841203962054,151.3237376195044,3.67764115094542,167.8490768432617,175.20435914515255,160.49379454137087,0.16204594693406127
AAPL,2023-05-19,173.22705078125,175.16000366210938,176.38999938964844,174.94000244140625,176.38999938964844,55809500,67.31025608727204,63.69118692279441,59.76641782430314,170.75139263396974,163.30018218724896,159.6348389714527,172.41923593160965,169.51861015185048,2.9006257797591672,96.0,28.0,98.0,0.0,-4.333076779350433,0.0006284442136330615,33426.62890625,171.00929696219308,170.05060003371466,151.55501432390355,3.6768887978862446,168.36175308227538,175.71553067804788,161.0079754865029,-0.0038107007851119513
AAPL,2023-05-22,172.27761840820312,174.1999969482422,174.7100067138672,173.4499969482422,173.97999572753906,43570900,63.77429613324865,62.23986269799461,59.09838067177935,171.07983114009093,163.65755316301923,159.95495233357994,172.69319916493774,169.86537954417577,2.8278196207619715,92.0,24.0,96.0,0.0,3.8648759463737434,-0.005480855147997676,33286.578125,171.32152056012833,170.42353958856492,151.77635112591645,3.5712970130419226,168.81165008544923,175.9542441115331,161.66905605936537,-0.04290540515406471
AAPL,2023-05-23,169.6667938232422,171.55999755859375,173.3800048828125,171.27999877929688,173.1300048828125,50747300,55.18862909204994,58.44217377180463,57.30118816596009,171.12556127518644,163.91664970057906,160.2100082725912,172.5188604562694,169.99090680450303,2.5279536517663814,88.0,20.0,94.0,2.0,4.173740251795682,-0.015154752016450113,33055.51171875,171.2301317487444,170.50498184930711,151.97124834089138,3.1614113500098675,169.20803833007812,175.53086103009787,162.88521563005838,-0.056603648228667605
AAPL,2023-05-24,169.9436798095703,171.83999633789062,172.4199981689453,170.52000427246094,171.08999633789062,45143500,55.86720396934844,58.71919716637769,57.44124526814914,171.1936027097297,164.1764315575401,160.4656124058945,172.41441982267267,170.12787639956878,2.2865434231038932,84.0,16.0,92.0,0.0,-0.7808997160364669,0.0016319397572668315,32799.921875,171.13477143787202,170.57504294259206,152.16855803418514,2.627073272909906,169.61876678466797,174.8729133304878,164.36462023884815,-0.046966308239446496
AAPL,2023-05-25,171.0809783935547,172.99000549316406,173.89999389648438,171.69000244140625,172.41000366210938,56058300,58.637789087321934,59.85897414518618,58.01840461290896,171.3646886891044,164.46540119477365,160.7408737924279,172.5029714642867,170.3398859620573,2.163085502229393,80.0,12.0,90.0,0.0,-13.62663572785556,0.0066922087673915165,32764.650390625,171.1319109235491,170.71430119105747,152.37680424286953,2.526305181750253,169.85674133300782,174.90935169650834,164.8041309695073,-0.013840018766127142
AAPL,2023-05-26,173.49404907226562,175.42999267578125,175.77000427246094,173.11000061035156,173.32000732421875,54835000,63.82672295990225,62.157958994689615,59.21588211179677,171.75186049735933,164.82489599742962,161.063711570084,172.95328241990126,170.7169309038146,2.2363515160866427,76.0,8.0,88.0,2.0,-0.7976351357463197,0.014104844976744912,33093.33984375,171.45399780273436,171.06071145193917,152.60862708134437,2.590852391393492,170.15265731811525,175.33436210090224,164.97095253532825,0.14523395653515483
AAPL,2023-05-30,175.3434295654297,177.3000030517578,178.99000549316406,176.57000732421875,176.9600067138672,55964400,67.22074305367079,63.80551628521943,60.10579679526703,172.28025502634966,165.2339159008502,161.4205531411098,173.62200867095612,171.20456587773631,2.4174427932198057,96.0,4.0,98.0,0.0,6.653910875899751,0.010659619180331203,33042.78125,172.00223345075335,171.55507071358818,152.85850922655703,2.75575076302919,170.5454864501953,176.05698797625368,165.03398492413694,0.21014058772020539
AAPL,2023-05-31,175.29397583007812,177.25,179.35000610351562,176.75999450683594,177.3300018310547,99625300,67.03960258084959,63.72857361278335,60.07003149207545,172.7535640714592,165.62788587131413,161.7684530720744,174.18016118311672,171.6523758127188,2.527785370397936,96.0,0.0,98.0,10.0,105.72815674321694,-0.00028203928413017554,32908.26953125,172.48955514090403,172.00730779738655,153.107428062401,2.773484942173123,170.9876922607422,176.53466214508845,165.44072237639594,0.19071584445017895
AAPL,2023-06-01,178.10264587402344,180.08999633789062,180.1199951171875,176.92999267578125,177.6999969482422,68901800,71.7033361232648,66.13387982834473,61.40108701792932,173.45227190635745,166.1020534275953,162.1711243526418,175.0893665915435,172.2773847405093,2.8119818510342043,96.0,20.0,98.0,8.0,5.781441906165561,0.016022627307329174,33061.5703125,173.3143529982794,172.68492242722283,153.38400190324927,2.875967024064981,171.6241554260254,177.37608947415535,165.87222137789544,0.24777085179198835
AAPL,2023-06-02,178.95310974121094,180.9499969482422,181.77999877929688,179.25999450683594,181.02999877929688,61996900,72.95137004695167,66.82470778986274,61.79459278983028,174.16634095796553,166.58887124794435,162.58384682727038,175.99100203103558,172.9198004596006,3.071201571434983,96.0,16.0,98.0,6.0,-23.68240939294938,0.004775133255398467,33762.76171875,174.19057079496838,173.38291807628812,153.668659761723,2.6855374629776305,172.3851119995117,177.75618692546698,167.01403707355644,0.1538105202079573
AAPL,2023-06-05,177.5982666015625,179.5800018310547,184.9499969482422,178.0399932861328,182.6300048828125,121946500,67.81963269344644,64.64612350354655,60.78720819689028,174.68192770778353,167.0148099555873,162.9573886954854,176.54315584642313,173.41314870933792,3.130007137085215,96.0,12.0,98.0,4.0,7.486170509073345,-0.007570939346109751,33562.859375,174.80721435546874,173.87940899076915,153.93940813472614,2.914217807301814,172.69415206909179,178.5225876836954,166.86571645448817,0.05799598852513713
AAPL,2023-06-06,177.2323455810547,179.2100067138672,180.1199951171875,177.42999267578125,179.97000122070312,64848400,66.45983821542511,64.06116542551963,60.51532493887952,175.11317332741055,167.41465247225221,163.3145890914938,176.95344059526067,173.8425455985623,3.110894996698363,92.0,8.0,96.0,2.0,15.877690179905224,-0.0020603862160927244,33573.28125,175.30433393205917,174.31161789667038,154.20622889618375,3.064341319964969,172.98835220336915,179.11703484329908,166.8596695634392,0.021581842522492196
AAPL,2023-06-07,175.85768127441406,177.82000732421875,181.2100067138672,177.32000732421875,178.44000244140625,61944600,61.47330852964468,61.87976945196822,59.49524144285857,175.37096704139228,167.75581164772652,163.633389492213,177.0867585535619,174.13717239305538,2.949586160506527,88.0,4.0,94.0,0.0,36.66189393053573,-0.007756283437618583,33665.01953125,175.55091538202194,174.584887332008,154.45908341403032,3.0218574894438595,173.29924545288085,179.34296043176857,167.25553047399313,0.05100019405941764
AAPL,2023-06-08,178.5773468017578,180.57000732421875,180.83999633789065,177.4600067138672,177.89999389648438,50214900,66.78335601086908,64.3690839432407,60.82825935871381,175.8661137349948,168.1759492108902,164.0056228511582,177.62264297981682,174.61367868425265,3.0089642955641693,84.0,0.0,92.0,0.0,-6.532587553164758,0.015465150612897549,33833.609375,176.11180085681733,175.08756365094865,154.738650867595,3.2053455876714496,173.65773315429686,180.06842432963975,167.24704197895397,0.10782499310158082
AAPL,2023-06-09,178.96304321289062,180.9600067138672,182.22999572753903,180.6300048828125,181.5,48900000,67.46815045666526,64.70802531000004,61.013930078766315,176.3512463996493,168.59509863721732,164.3782466723166,178.1360835542861,175.08377705681667,3.0523064974694307,80.0,32.0,90.0,16.0,-1.2414495089337108,0.0021598283211194946,33876.78125,176.6721211751302,175.59283127557663,155.0213789120954,3.3747421192260494,174.026123046875,180.7756072853271,167.2766388084229,0.07472541371192369
AAPL,2023-06-12,181.7617950439453,183.7899932861328,183.88999938964844,180.97000122070312,181.2700042724609,54274900,71.98198214782094,67.06557438626226,62.33580969014288,177.0596984840763,169.09329190439487,164.80487846602685,179.00591582072406,175.72868196269192,3.277233858032133,76.0,28.0,88.0,14.0,19.198780667250855,0.015638713897625056,34066.328125,177.55097990490142,176.32956194196427,155.33124220625086,3.69052970025613,174.58093185424804,181.9619912547603,167.19987245373576,0.08688908414478404
AAPL,2023-06-13,181.287109375,183.3099975585937,184.1499938964844,182.44000244140625,182.8000030517578,54929100,70.2028118222783,66.28673588287111,61.97215041652082,177.65496506260178,169.55941340125386,165.2115843801492,179.66808224193477,176.2902608957217,3.377821346213068,72.0,24.0,86.0,12.0,47.3945908814035,-0.0026115811016861334,34212.12109375,178.2762217203776,176.96824551536923,155.63554468600904,3.8260087729942276,175.1367301940918,182.78874774008025,167.48471264810334,0.09426774806470796
AAPL,2023-06-14,181.9200592041016,183.9499969482422,184.38999938964844,182.0200042724609,183.3699951171875,57462900,71.22415038544591,66.81956418484181,62.27162656219061,178.25449190885325,170.0312358126305,165.62341762340398,180.32683835059746,176.85764875146396,3.4691895991335002,68.0,20.0,84.0,10.0,36.458063704129394,0.0034914221495601083,33979.328125,178.97518717447917,177.61427684965588,155.94545366239785,3.9241704418797867,175.72417602539062,183.57251690915018,167.87583514163106,0.11610048100944827
AAPL,2023-06-15,183.95730590820312,186.009994506836,186.5200042724609,183.77999877929688,183.9600067138672,65433200,74.27995253742742,68.4822503665624,63.222859089627626,178.99311120389922,170.55512954030937,166.0714742582047,181.20117006694184,177.5356002888989,3.6655697780429364,96.0,16.0,98.0,8.0,12.910083586993284,0.011198582020116143,34408.05859375,179.83172476632254,178.3983844575428,156.27459679788618,4.150387785296014,176.3828269958496,184.68360256644164,168.08205142525756,0.10673611662826808
AAPL,2023-06-16,182.87936401367188,184.9199981689453,186.9900054931641,184.2700042724609,186.72999572753903,101256200,70.0416693043647,66.64963234074102,62.37378350911333,179.5575766291417,171.0261088396089,166.4857275309682,181.77329746725007,178.0825927244579,3.690704742792178,96.0,12.0,98.0,6.0,54.59740719761454,-0.005859739515152285,34299.12109375,180.42190508161272,179.01710226876395,156.59176612550345,4.3168718063995115,176.8708824157715,185.5046260285705,168.23713880297248,0.050113294001512286
AAPL,2023-06-20,182.9683380126953,185.009994506836,186.1000061035156,184.41000366210932,184.41000366210932,49799100,70.19284823888981,66.72585128186864,62.41629569982291,180.07685452225542,171.48459689427207,166.89285427769056,182.27125085795558,178.59573359722663,3.6755172607289524,92.0,8.0,96.0,4.0,-10.76949264910096,0.0004865174346122547,34053.87109375,180.93456464494977,179.59781232561383,156.9085054019909,4.432114165795716,177.35794677734376,186.22217510893518,168.49371844575234,0.20225600010446118
AAPL,2023-06-21,181.929931640625,183.9600067138672,185.41000366210932,182.58999633789065,184.8999938964844,49515700,66.00637364202689,64.92985586252547,61.58760133960397,180.44667854050414,171.89362672442275,167.2679565290351,182.53105945117275,178.99308716142224,3.5379722897505133,88.0,4.0,94.0,2.0,13.64396879568703,-0.005675333685319139,33951.51953125,181.23615184965587,180.03323945545014,157.2135097116499,4.374952843711166,177.84056243896484,186.59046812638718,169.0906567515425,0.19427275341625813
AAPL,2023-06-22,184.9363555908203,187.0,187.0500030517578,183.6699981689453,183.7400054931641,51245300,71.3366538991906,67.55210960015681,63.0374257417551,181.07080439378944,172.38891765149086,167.70162781411125,183.21858876637694,179.5861918161317,3.632396950245237,96.0,0.0,98.0,0.0,0.9813329970264428,0.016525174956554478,33946.7109375,181.8753960019066,180.70902927943638,157.5471140281715,4.202416889507145,178.60404052734376,187.00887430635805,170.19920674832946,0.351361966619804
AAPL,2023-06-23,184.61990356445312,186.67999267578125,187.5599975585937,185.009994506836,185.5500030517578,53117000,70.09083159428734,67.00522242238549,62.78290862641299,181.6050128015982,172.85747748835283,168.11873473414795,183.75111244474684,180.11165854647612,3.639453898270716,96.0,16.0,98.0,0.0,17.662564931828502,-0.001711140166876346,33727.4296875,182.40736360095795,181.28196861630394,157.87600003180813,3.879534899451755,179.33785171508788,187.0969215139914,171.57878191618437,0.30040694256218714
AAPL,2023-06-26,183.2254943847656,185.2700042724609,188.0500030517578,185.22999572753903,186.8300018310547,48088700,64.72676335764874,64.61483824370089,61.66346374360617,181.95405960834705,173.26444557963504,168.49568571301197,183.984788110549,180.4937582298824,3.4910298806666162,96.0,12.0,98.0,16.0,-14.216628046159089,-0.0075528648469948,33714.7109375,182.6994405110677,181.6522202991304,158.18939483300963,3.4452742212411813,179.94507751464843,186.8356259571308,173.05452907216608,0.24649929075153432
AAPL,2023-06-27,185.98468017578125,188.0599975585937,188.38999938964844,185.6699981689453,185.88999938964844,50730800,69.6726380676721,67.0285327675206,62.99569071445473,182.53557750837052,173.74954564451892,168.92567058873902,184.61174341024818,181.0542204023795,3.5575230078686673,96.0,8.0,98.0,14.0,-7.484635725357893,0.015058962183622127,33926.73828125,183.30581621442522,182.2274205525716,158.5287671486774,3.3449774903117753,180.56960906982422,187.25956405044778,173.87965408920067,0.23471670812207077
AAPL,2023-06-28,187.1615447998047,189.25,189.8999938964844,187.6000061035156,187.92999267578125,51216800,71.50771916511684,67.99420462473289,63.54702852071203,183.17504631709713,174.2577572627314,169.37235914722828,185.32532134713307,181.66131518738842,3.6640061597446447,96.0,4.0,98.0,12.0,-8.483250066113458,0.006327750344335525,33852.66015625,183.98575163341704,182.8552239554269,158.87816174825033,3.416260543146621,181.16051483154297,187.9930359178362,174.32799374524973,0.26043598851296396
AAPL,2023-06-29,187.497787475586,189.58999633789065,190.07000732421875,188.94000244140625,189.0800018310547,46347300,72.028491051447,68.26955649798974,63.70468661451025,183.78599393812507,174.76045362585137,169.81670282174832,185.981425191865,182.24862490224044,3.7328002896245494,96.0,0.0,98.0,10.0,-53.47838350298568,0.0017965371900565685,34122.421875,184.60286356608074,183.45877373105003,159.22929820995427,3.4031253410406275,181.77070541381835,188.5769560958996,174.9644547317371,0.2706060929564266
AAPL,2023-06-30,191.8294677734375,193.97000122070312,194.47999572753903,191.259994506836,191.6300048828125,85213200,77.68663124024536,71.54057744263716,65.65721064926461,184.7558993936087,175.39027485846944,170.34754454480225,187.2104368886093,183.11687499990433,4.093561888704983,96.0,0.0,98.0,8.0,23.673401855974735,0.023102567535179697,34407.6015625,185.71257629394532,184.4167510986328,159.62221221202643,3.9626329437882593,182.45704650878906,190.3823123963656,174.53178062121253,0.27692241017637215
AAPL,2023-07-03,190.3361053466797,192.4600067138672,193.8800048828125,191.759994506836,193.77999877929688,31458200,72.25977960516923,68.9975901116204,64.43774679330292,185.4896239003,175.9499381979907,170.83353272434215,188.01806301557207,183.80895883056823,4.209104185003838,92.0,0.0,96.0,6.0,-49.25843066346866,-0.007784843716094558,34418.46875,186.5006366548084,185.1671376546224,159.9982579234109,4.240593943930962,183.0261962890625,191.50738417692443,174.5450084012006,0.30343374734436024
AAPL,2023-07-05,189.21861267089844,191.3300018310547,192.97999572753903,190.6199951171875,191.57000732421875,46920300,68.40874491896619,67.14541580552833,63.536664807142664,186.04585036989567,176.45420257940262,171.2840045728413,188.52759206410784,184.36607312690057,4.161518937207262,88.0,0.0,94.0,4.0,-61.52386497357448,-0.005871154470382001,34288.640625,187.05803789411272,185.75689159574964,160.36132163545977,4.253803751466415,183.6072135925293,192.11482109546213,175.09960608959645,0.26239144932520897
AAPL,2023-07-06,189.6932983398437,191.8099975585937,192.0200042724609,189.1999969482422,189.83999633789065,45094300,69.16059779782947,67.52938304853248,63.75634520488312,186.5948167688193,176.95767126724496,171.73512529780288,189.03257752479797,184.91747493665562,4.115102588142349,84.0,0.0,92.0,2.0,-30.461969763324927,0.0025086626640205,33922.26171875,187.60319242931547,186.33651871454148,160.72715751951606,4.1829214102909456,184.23026123046876,192.59610405105065,175.86441840988687,0.3768676538647819
AAPL,2023-07-07,188.5757598876953,190.67999267578125,192.6699981689453,190.2400054931641,191.41000366210932,46815000,65.22491108307915,65.65601402185094,62.8467502945073,186.9838811409109,177.40758344457402,172.1514960094068,189.28602600956464,185.34432810251678,3.9416979070478533,80.0,0.0,90.0,0.0,-24.424405032884223,-0.00589129116278142,33734.87890625,187.92531098865328,186.75037572951544,161.0798171393551,3.7915111988388426,184.8661651611328,192.4491875588105,177.28314276345512,0.22844206434378098
AAPL,2023-07-10,186.52862548828125,188.6100006103516,189.9900054931641,187.0399932861328,189.259994506836,59922200,58.64171202136422,62.36917308299139,61.214317081771284,187.13874966181,177.7748758106651,172.51322138525174,189.1820221019934,185.5862297697638,3.5957923322295926,76.0,12.0,88.0,10.0,19.33151315645356,-0.01085576640726893,33944.3984375,187.9304930187407,186.90870528448195,161.41029152144247,3.503299066159144,185.26372909545898,192.27032722777727,178.2571309631407,0.15319636636271441
AAPL,2023-07-11,186.0044708251953,188.0800018310547,189.3000030517578,186.6000061035156,189.16000366210932,46638100,57.05387323748575,61.55099727635458,60.80169232096041,187.2283927255476,178.11274879494016,172.85534842801664,189.01248052184897,185.77095362615574,3.2415268956932266,72.0,8.0,86.0,8.0,-4.625562372188139,-0.00281004945870289,34261.421875,187.8310328892299,186.97925211588543,161.73395506711742,3.175232715636258,185.6158004760742,191.96626590734672,179.2653350448017,0.17333295520330516
AAPL,2023-07-12,187.67581176757807,189.7700042724609,191.6999969482422,188.47000122070312,189.67999267578125,60750200,60.707311645414535,63.149522990187094,61.64294612666404,187.47045096811078,178.49495389256379,173.2270991059165,189.12902263732775,186.06717959995612,3.0618430373716308,68.0,4.0,84.0,6.0,11.930560903843212,0.008985488009874087,34347.4296875,187.92550266810827,187.17544366745722,162.07252383066054,3.0711001125977755,185.91150131225587,192.05370153745142,179.7693010870603,0.0874903348958589
AAPL,2023-07-13,188.43728637695312,190.5399932861328,191.19000244140625,189.77999877929688,190.5,41342300,62.28167594788083,63.85945039563706,62.021874865599635,187.76278833173194,178.88987321694307,173.60760227471246,189.34609504483623,186.3984991322655,2.9475959125707334,64.0,0.0,82.0,4.0,-24.735158595352917,0.004057393449924618,34395.140625,188.06677972702752,187.41599462599982,162.4168132668111,2.9167375427827738,186.2690101623535,192.10248524791905,180.43553507678797,0.03816133350531047
AAPL,2023-07-14,188.5856475830078,190.69000244140625,191.17999267578125,189.6300048828125,190.22999572753903,41616200,62.59613175578861,63.999582473231236,62.09631935216434,188.0415706278914,179.27676269971235,173.98303964101342,189.55285002892393,186.7163882662759,2.836461762648014,60.0,0.0,80.0,2.0,-27.577271596108098,0.000787324042429205,34509.03125,188.19449608212426,187.63662676130022,162.76057171987657,2.7708228974889897,186.60228958129883,192.1439353762768,181.06064378632087,0.035498369482925056
AAPL,2023-07-17,191.8492431640625,193.9900054931641,194.32000732421875,191.8099975585937,191.8999938964844,50520200,68.76504641957172,66.92515503215121,63.69377925995807,188.60808823410784,179.75916410277634,174.4227531762255,190.23548933111474,187.2551747275269,2.9803146035878285,56.0,0.0,78.0,0.0,-22.79118245783486,0.0173056413511965,34585.3515625,188.71958952404205,188.13633662632535,163.13480581900373,2.9316079712240977,186.99688644409179,192.86010238653998,181.1336705016436,0.026163608574318136
AAPL,2023-07-18,191.59210205078125,193.72999572753903,194.3300018310547,192.4199981689453,193.3500061035156,48288200,67.81600684043933,66.48369848923689,63.47868658380945,189.09588894776795,180.21722415604725,174.84708817735327,190.7731056997954,187.73479109789815,3.038314601897241,52.0,0.0,76.0,16.0,-52.31087084050162,-0.001340329047122446,34951.9296875,189.12826654343377,188.5739762079148,163.50436947836803,2.934895371072697,187.43252334594726,193.30231408809266,181.56273260380186,0.09761209963275354
AAPL,2023-07-19,192.94699096679688,195.1000061035156,198.22999572753903,192.6499938964844,193.1000061035156,80507300,70.153382702273,67.64971090647269,64.12996472580285,189.66770962926773,180.70518421989865,175.29220725265355,191.43878268498312,188.28036257979574,3.158420105187389,96.0,4.0,98.0,14.0,61.66416662148513,0.00707173678618811,35061.2109375,189.66419140043712,189.09916360037667,163.88522155420105,2.9838189293216986,187.93145599365235,193.89909385229575,181.96381813500895,0.1686971342891148
AAPL,2023-07-20,190.9987335205078,193.1300048828125,196.47000122070312,192.5,195.08999633789065,59581200,63.06122522664642,64.31326150351083,62.494730039953595,189.99745203436726,181.11255538917453,175.6842467610087,191.6989707154184,188.63959534298215,3.05937537243625,92.0,0.0,96.0,12.0,20.327896000662417,-0.010097371493211438,35225.1796875,189.88524911063058,189.391285269601,164.24406703019022,2.6992988480103968,188.3848960876465,193.7834937836673,182.9862983916257,0.02266340382237113
AAPL,2023-07-21,189.8218688964844,191.94000244140625,194.97000122070312,191.22999572753903,194.1000061035156,71951700,59.169917604985024,62.38582985713162,61.527691465750394,190.18245683503764,181.4675536531821,176.0415161166218,191.73605251941652,188.8840699428654,2.8519825765511087,88.0,12.0,94.0,10.0,40.40643727327189,-0.006161635746642524,35227.69140625,189.91604919433593,189.52813982282365,164.588468758882,2.589626252535835,188.6291717529297,193.80842425800137,183.44991924785802,-0.02673358842088309
AAPL,2023-07-24,190.62290954589844,192.75,194.91000366210932,192.25,193.41000366210932,45377800,60.93682360379521,63.16505119328679,61.9367712309475,190.42698475551026,181.83746992684826,176.40873554263013,191.8920444395063,189.1704351322828,2.7216093072235026,84.0,8.0,92.0,8.0,-14.570099967995182,0.004219959765810133,35411.23828125,190.0727746872675,189.7180196126302,164.93837409745402,2.4442852078390063,188.92932205200196,193.81789246767997,184.04075163632396,-0.027340653655846394
AAPL,2023-07-25,191.4833221435547,193.6199951171875,194.44000244140625,192.9199981689453,193.3300018310547,37283200,62.79901582030508,63.9958734136916,62.37526091190237,190.7310809804319,182.22378222817085,176.78700498382918,192.1578830053034,189.50003216820167,2.6578508371017335,80.0,4.0,90.0,6.0,-22.46993576453512,0.004513689355103878,35438.0703125,190.34149039132254,189.96125771658762,165.29451273030904,2.103828012449529,189.34221343994142,193.54986946484047,185.13455741504237,0.020299393778680182
AAPL,2023-07-26,192.35362243652344,194.5,195.63999938964844,193.32000732421875,193.6699981689453,47471900,64.63543703190723,64.8280230898079,62.81737071274088,191.09002564896218,182.6262811715095,177.17630157759118,192.5182086967952,189.8704001557423,2.6478085410529104,76.0,0.0,88.0,4.0,-6.423908158357447,0.004545044880286175,35520.12109375,190.70467747279577,190.24805857340496,165.6569549275868,2.050200722677747,189.66066055297853,193.76106199833401,185.56025910762304,0.04821482926676173
AAPL,2023-07-27,191.0877685546875,193.22000122070312,197.1999969482422,192.5500030517578,196.0200042724609,47460200,59.996257668493755,62.64409651137032,61.74061796181552,191.29288046531846,182.9736162550896,177.52891036095627,192.62617677739644,190.11851875314682,2.507658024249622,72.0,0.0,86.0,2.0,-7.334702675684541,-0.006580868432845222,35282.71875,190.87374761672248,190.38397362118675,166.0043546173703,1.9852539690932336,189.85697174072266,193.82747967890913,185.88646380253618,-0.05031235103740316
AAPL,2023-07-28,193.66891479492188,195.8300018310547,196.6300048828125,194.13999938964844,194.6699981689453,48291400,65.44282008617354,65.12821728181322,63.05814018394557,191.72498726205527,183.39513709364584,177.93113215150788,193.1190729394977,190.5415915737326,2.5774813657650952,68.0,0.0,84.0,0.0,4.194634854673303,0.013507647610085938,35459.2890625,191.36304670061384,190.74701581682478,166.37479184240843,2.076744060279586,190.16552810668946,194.31901622724862,186.0120399861303,-0.02647531947307055
AAPL,2023-07-31,194.28207397460932,196.4499969482422,196.4900054931641,195.259994506836,196.0599975585937,38824100,66.60597080406612,65.69028095051559,63.36395821744375,192.17498818454928,183.82316528559983,178.33814016901852,193.63152278699684,190.97925123110366,2.6522715558931793,64.0,0.0,82.0,8.0,-54.438866278933304,0.003166017532223675,35559.53125,191.86609758649553,191.1390678042457,166.7485723903523,2.2457086884642568,190.28815841674802,194.77957579367654,185.7967410398195,-0.0841374172933107
AAPL,2023-08-01,193.45138549804688,195.6100006103516,196.72999572753903,195.27999877929688,196.2400054931641,35175100,63.4882262617241,64.23567003925524,62.647016904457395,192.50213222510186,184.20961890280478,178.71774149739946,193.93590399058988,191.32226970364056,2.6136342869493205,60.0,0.0,80.0,6.0,11.815361336630831,-0.004275682565911931,35630.6796875,192.17955569312687,191.4403275262742,167.1112285826574,2.354608034138145,190.44392242431638,195.15313849259266,185.7347063560401,-0.1195544291690544
AAPL,2023-08-02,190.454818725586,192.5800018310547,195.17999267578125,191.8500061035156,195.0399932861328,50389300,53.719655231980305,59.32162845911796,60.14217602032973,192.50954837804974,184.48405768733755,179.0224065596776,193.7273036583537,191.41543504641197,2.311868611941719,56.0,32.0,78.0,4.0,7.393388362819504,-0.015490024869794117,35282.51953125,192.03846609933035,191.44136526925223,167.44121937348476,2.3369089498873437,190.50573272705077,195.17955062682546,185.83191482727608,-0.29239765429585196
AAPL,2023-08-03,189.06036376953125,191.1699981689453,192.3699951171875,190.69000244140625,191.57000732421875,61235200,49.87394316582028,57.20956946085653,59.021590235222725,192.38197216765886,184.70326885066896,179.28938659504612,193.33387204459856,191.39725453697,1.9366175076285685,52.0,28.0,76.0,2.0,35.793659065558174,-0.007321710027531125,35215.890625,191.6922345842634,191.3037110828218,167.7548630060604,2.3527222401042,190.47408599853514,195.17953047874354,185.76864151832675,-0.2568815212780075
AAPL,2023-08-04,179.98165893554688,181.9900054931641,187.3800048828125,181.9199981689453,185.5200042724609,115956800,33.20645507999366,46.12244389785182,52.52047388839803,191.39226105580224,184.61430939632453,179.3487408565432,191.58866180591636,190.70042127446587,0.8882405314504922,48.0,96.0,74.0,0.0,147.69155185303856,-0.04802013839903274,35065.62109375,190.13098798479353,190.30443231491816,167.97554286861893,3.3084039078557264,190.04438095092775,196.66118876663919,183.4275731352163,-0.2915272405620684
AAPL,2023-08-07,176.87632751464844,178.85000610351562,183.1300048828125,177.35000610351562,182.1300048828125,97576100,29.566730702002175,43.15578486576634,50.57609752433391,190.19776058415587,184.42531584574064,179.33777965317995,189.62886862093163,189.82261274328437,-0.19374412235274008,44.0,96.0,72.0,0.0,62.8379799139551,-0.01725359927930481,35473.12890625,188.26872180757067,189.05033198765346,168.16334457055845,4.379040654080923,189.5617660522461,198.31984736040795,180.80368474408425,-0.3487132055662163
AAPL,2023-08-08,177.8158416748047,179.8000030517578,180.2700042724609,177.5800018310547,179.69000244140625,67823000,31.995378108618866,44.280270628147335,51.134596629850414,189.20749796202273,184.27366624593793,179.34793840919264,188.11673545644337,189.0801972105787,-0.9634617541353236,40.0,92.0,70.0,0.0,45.424020275268504,0.00531170096845468,35314.48828125,186.6718744187128,187.93167252313523,168.35873545898133,5.059143113069333,189.15233459472657,199.27062082086525,179.0340483685879,-0.34137725850304335
AAPL,2023-08-09,176.22360229492188,178.19000244140625,180.92999267578125,177.00999450683594,180.8699951171875,60378500,30.101038606814996,42.79250442511743,50.154488019702534,188.15821267434495,184.0742018589041,179.32248926704347,186.58954576182228,188.2735161165659,-1.6839703547436216,36.0,96.0,68.0,0.0,-0.6118498375313991,-0.008954429284173449,35123.359375,185.0068346296038,186.7003646850586,168.53648260050153,5.825163182094084,188.57972412109376,200.23005048528194,176.9293977569056,-0.43206849087366966
AAPL,2023-08-10,176.00604248046875,177.97000122070312,180.75,177.60000610351562,179.47999572753906,54686900,29.84105869161789,42.58973896074816,50.02081174058856,187.18790682161716,183.87406413306144,179.29276425503596,185.26346198626547,187.51029279094644,-2.246830804680968,32.0,92.0,66.0,0.0,32.278320267619364,-0.0012345668322510939,35176.1484375,183.45350240071613,185.50287119547525,168.7103205928518,6.468825591414351,187.95816192626953,200.89581310909824,175.0205107434408,-0.4114813850559721
AAPL,2023-08-11,176.06544494628906,177.7899932861328,178.6199951171875,176.5500030517578,177.32000732421875,52036700,30.01878440892277,42.66666149329958,50.05789783361714,186.2928674372853,183.67458640037523,179.2597363216535,184.11369757086047,186.7902706054047,-2.6765730345442194,28.0,96.0,64.0,98.0,25.039527876163607,0.0003375024231164758,35281.3984375,182.0396697998047,184.37023148309618,168.8832061406985,6.989742828353589,187.3321517944336,201.31163745114077,173.35266613772643,-0.4395322949809633
AAPL,2023-08-14,177.71925354003906,179.4600067138672,179.69000244140625,177.30999755859375,177.97000122070312,43675600,34.95872524833068,44.8019796521912,51.08895680731284,185.64211879695978,183.53640345983396,179.2641378687351,183.39774513132303,186.2472880949204,-2.849542963597372,24.0,92.0,62.0,96.0,-13.54824406870915,0.009393146930418483,35307.62890625,180.98498753138952,183.45471736363,169.0711077990935,7.219470965429478,186.62565231323242,201.06459424409138,172.18671038237346,-0.38921995053680625
AAPL,2023-08-15,175.728759765625,177.4499969482422,179.47999572753906,177.0500030517578,178.8800048828125,43622600,32.028276701960806,42.81181570011236,49.82562070003222,184.8619167161295,183.33684914797848,179.22426663971328,182.4827069493106,185.59563689887017,-3.1129299495595717,20.0,88.0,60.0,94.0,-9.661987814828468,-0.011200214578695689,34946.390625,179.79599246070498,182.4169180733817,169.23782312004127,7.510654965372477,185.8324851989746,200.85379512971957,170.81117526822965,-0.40194629773363216
AAPL,2023-08-16,174.8572998046875,176.57000732421875,178.5399932861328,176.5,177.1300048828125,46964900,30.810551531381577,41.965437845250285,49.28120116825543,184.07221105975705,183.1149854816257,179.16593127014198,181.57306085314264,184.92707174519228,-3.3540108920496436,16.0,96.0,58.0,98.0,-41.663799431852766,-0.004959119737143691,34765.73828125,178.64913475399925,181.37166232154482,169.39443935299394,7.695745502583623,184.92800064086913,200.31949164603637,169.5365096357019,-0.3582283566464618
AAPL,2023-08-17,172.31219482421875,174.0,177.50999450683594,173.47999572753906,177.13999938964844,66062900,27.519740182101486,39.59466550029258,47.727103720337446,183.11295286358973,182.81613349862155,179.05239431914984,180.40797456804378,184.11765902332618,-3.7096844552823995,12.0,96.0,56.0,98.0,10.878767127885977,-0.01455532587608055,34474.828125,177.31750560942152,180.17015700567336,169.5241238179373,8.046283549615007,183.9936737060547,200.08624080528472,167.90110660682467,-0.4141385903298314
AAPL,2023-08-18,172.79747009277344,174.49000549316406,175.10000610351562,171.9600067138672,172.3000030517578,61172200,29.075234971596075,40.26197252570391,48.04587076424459,182.29171978069206,182.54314569516393,178.95212203726004,179.49751778729308,183.40449950257343,-3.9069817152803523,8.0,96.0,54.0,98.0,-14.981577919632198,0.002816256092900149,34500.66015625,176.2539771670387,179.10385189964657,169.65769199542146,8.29396263839964,183.14245376586913,199.7303790426684,166.55452848906987,-0.2636738253906844
AAPL,2023-08-21,174.13436889648438,175.83999633789062,176.1300048828125,173.74000549316406,175.07000732421875,46311900,33.32078862211253,42.08969763929753,48.92149808371763,181.6772699289967,182.32337030640085,178.88372367024093,178.9348221796927,182.84416593481916,-3.909343755126457,4.0,92.0,52.0,96.0,2.058495563910106,0.007736796163700488,34463.69140625,175.5733171735491,178.24593905494328,169.80347606260386,8.330670297148053,182.31802673339843,198.97936732769455,165.6566861391023,-0.15191261850021762
AAPL,2023-08-22,175.51087951660156,177.22999572753906,177.67999267578125,176.25,177.05999755859375,42038900,37.47112016888235,43.92171679132456,49.810227219830644,181.25372000504836,182.1563744185693,178.84737800117057,178.6725411870537,182.42830147502065,-3.7557602879669503,0.0,88.0,50.0,94.0,12.755611106342805,0.007904876153055573,34288.828125,175.26016351609002,177.59763932001022,169.96167190437887,8.169841689821178,181.51940460205077,197.85908798169314,165.1797212224084,-0.15678341144659502
AAPL,2023-08-23,179.36314392089844,181.1199951171875,181.5500030517578,178.3300018310547,178.52000427246094,52722800,47.34816553687273,48.63747302866527,52.185957722865254,181.24098430144255,182.12239476934366,178.897325630094,179.04907256092042,182.33138989295895,-3.282317332038531,20.0,84.0,48.0,92.0,11.061069811825522,0.02194886388186834,34472.98046875,175.60296834309895,177.39228115990048,170.156570144957,7.7697507544359325,180.86988067626953,196.4093821851414,165.33037916739767,0.03995334102854117
AAPL,2023-08-24,174.66912841796875,176.3800048828125,181.1000061035156,176.00999450683594,180.6699981689453,54945800,39.21884396552401,43.96558725576746,49.285267074823224,180.77803388062065,181.93411969109673,178.8419998993845,178.63844676428843,181.89054655887404,-3.252099794585604,16.0,80.0,46.0,90.0,15.772373483466145,-0.02617045732092993,34099.421875,175.41225891113282,176.8017333257766,170.302640302288,7.495883142418371,180.0489486694336,195.04071495427036,165.05718238459684,-0.06130500020276578
AAPL,2023-08-25,176.87750244140625,178.61000061035156,179.14999389648438,175.82000732421875,177.3800048828125,51449600,44.0830031406202,46.47405176106535,50.60336346238723,180.5715545215474,181.8251321802526,178.83690101391124,178.63407043291355,181.64754315527978,-3.013472722366231,12.0,76.0,44.0,88.0,6.539880806934568,0.012643184536611729,34346.8984375,175.56659487769718,176.49969082786924,170.46878315674132,6.7979642273395635,179.20937805175782,192.80530650643695,165.6134495970787,-0.03290424430641825
AAPL,2023-08-28,178.44216918945312,180.19000244140625,180.58999633789065,178.5500030517578,180.08999633789062,43820700,47.30092658750817,48.17858659035248,51.51442708480834,180.53521622820062,181.77152136914287,178.86663950682322,178.8734445880663,181.53957717647432,-2.6661325884080327,8.0,72.0,42.0,86.0,12.869841155364838,0.008846047272547786,34559.98046875,175.9295418875558,176.42662331717355,170.64851028404425,5.798780965191578,178.41738281250002,190.0149447428832,166.81982088211686,-0.08098896328618324
AAPL,2023-08-29,182.3340301513672,184.1199951171875,184.8999938964844,179.5,179.6999969482422,53003900,54.33961282391767,52.11223725033845,53.682652333024805,180.87662374143747,181.84852050842304,178.98209787188617,179.6806062079311,181.73071924615678,-2.0501130382256747,4.0,68.0,40.0,84.0,50.685854482290026,0.02181020876170847,34852.671875,176.80543866838727,176.7996373494466,170.86492845563745,4.712974605981507,177.86151504516604,187.28746425712905,168.43556583320304,0.10868867907044368
AAPL,2023-08-30,185.82980346679688,187.6499938964844,187.8500061035156,184.7400054931641,184.94000244140625,60813900,59.563915730487714,55.274663217681805,55.506337607871174,181.5217066133467,182.03873275065453,179.17260108121798,180.90666585232393,182.16918403506995,-1.262518182746021,0.0,64.0,38.0,82.0,20.68812227992848,0.019172358075602247,34890.23828125,178.08924400692894,177.5585219610305,171.11367573182974,4.1413400295818334,177.63026428222656,185.91294434139024,169.34758422306288,0.2037367043108648
AAPL,2023-08-31,186.0476531982422,187.8699951171875,189.1199951171875,187.47999572753903,187.83999633789065,60794500,59.87204590303306,55.464730749479,55.617461141186496,182.1263055184744,182.2299216807048,179.36375259849203,181.97794727768755,182.59146633744905,-0.6135190597615008,8.0,60.0,36.0,80.0,-0.7196841032608696,0.0011723078181280489,34721.91015625,179.30853634788878,178.3601780482701,171.36255074913822,3.738946433338945,177.4796287536621,184.95752162033997,170.00173588698422,0.32250680426512945
AAPL,2023-09-01,187.62228393554688,189.4600067138672,189.9199981689453,188.27999877929688,189.4900054931641,45766500,62.118993886578515,56.839582637075985,56.42022623180825,182.82475325136897,182.4669736490052,179.58564829333542,183.1290333447921,183.10024710607263,0.028786238719476387,4.0,56.0,34.0,78.0,-60.53142204683123,0.008463588280938072,34837.7109375,180.64271080380394,179.3261452084496,171.62518181682225,4.348678140261655,177.8616600036621,186.55901628418542,169.1643037231388,0.26322915603048125
AAPL,2023-09-05,187.8599090576172,189.6999969482422,189.97999572753903,187.6100006103516,188.27999877929688,45280000,62.460604680767176,57.047098943559305,56.54126957875793,183.47953836535692,182.70412195389824,179.80794167036635,184.13995082224596,183.58911746475184,0.5508333574941275,0.0,52.0,32.0,76.0,-53.59519390506486,0.0012665079919393918,34641.96875,181.9142540341332,180.27835940406436,171.88811739148193,4.878908315336084,178.41083908081055,188.16865571148273,168.65302245013837,0.2856164280013362
AAPL,2023-09-06,181.13580322265625,182.91000366210932,188.8500061035156,181.47000122070312,188.3999938964844,81755800,48.99590346188288,49.99341705381246,52.343354795842416,183.4252969650476,182.7108721738396,179.87611885699806,183.95072818222494,183.53881273863018,0.41191544359475074,0.0,48.0,30.0,74.0,20.54288368252658,-0.03579319221803001,34443.19140625,182.17371506463914,180.53787979852586,172.08216104194298,4.913951572426402,178.57683715820312,188.40474030305592,168.74893401335032,0.07666093198224962
AAPL,2023-09-07,175.8376922607422,177.55999755859375,178.2100067138672,173.5399932861328,175.17999267578125,112488800,41.41944856929958,45.40592226684095,49.394796641949426,182.86669702157582,182.5419910389135,179.82521509219796,182.96753885551243,183.09593754010896,-0.12839868459653303,0.0,44.0,28.0,72.0,86.30605265119206,-0.02924938564134394,34500.73046875,181.6669660295759,180.27700885591054,172.22177498091511,4.924424813789698,178.55754165649415,188.40639128407355,168.70869202891475,0.06763051841186786
AAPL,2023-09-08,176.45167541503906,178.17999267578125,180.2400054931641,177.7899932861328,178.35000610351562,65551300,42.52856816444252,46.00141276011053,49.729661277874,182.42034422673822,182.39897469913865,179.78905635777122,182.23099328939995,182.7317934760847,-0.5008001866847565,84.0,40.0,26.0,70.0,19.866549392999055,0.003491760761887397,34576.58984375,181.20850524902343,180.07645016624815,172.36614428657796,4.9132679141746785,178.57982330322267,188.40635913157203,168.7532874748733,0.19394625570018378
AAPL,2023-09-11,177.6201934814453,179.36000061035156,180.3000030517578,177.33999633789062,180.07000732421875,58953100,44.67544205492897,47.139392914252014,50.36747430755685,182.1288829299395,182.29933620442432,179.77962656112462,181.7893021080079,182.48203104158594,-0.6927289335780529,80.0,36.0,24.0,68.0,13.291388577676907,0.0066223121070272395,34663.71875,180.871044921875,179.9850568498884,172.5207841358849,4.883601771855639,178.65756072998047,188.42476427369175,168.8903571862692,0.13844283374502098
AAPL,2023-09-12,174.5899200439453,176.3000030517578,180.1300048828125,174.82000732421875,179.49000549316406,90370200,40.455001306255596,44.6110532256436,48.73137174824975,181.5737515129698,182.1026367567959,179.7031513191605,180.9447945608925,182.0241030423394,-1.0793084814469012,76.0,32.0,22.0,66.0,106.91232633323871,-0.01706041063296415,34645.98828125,180.09634980701264,179.59766249883742,172.6436964587311,4.964703855146712,178.50109405517577,188.4305017654692,168.57168634488235,0.03709664224214922
AAPL,2023-09-13,172.52017211914062,174.2100067138672,177.3000030517578,173.97999572753906,176.50999450683594,84267900,37.82651566992826,42.978263694616025,47.652534540209196,180.87244248448386,181.84386200129003,179.5824228662969,179.90867335365783,181.44528109208218,-1.536607738424351,72.0,28.0,20.0,64.0,93.17486807297135,-0.011854910777688188,34575.53125,179.05445934477308,179.0280508858817,172.7446959420579,5.108755338552234,178.34066467285157,188.55817534995603,168.12315399574712,-0.1535150783823723
AAPL,2023-09-14,174.03533935546875,175.74000549316406,176.10000610351562,173.5800018310547,174.0,60895800,40.856021032147346,44.51983237076481,48.5041365226025,180.38363896150102,181.64373555840066,179.49797413282144,179.26733983665878,181.0226680847549,-1.7553282480961343,68.0,24.0,18.0,62.0,29.66236487248988,0.008782551151651719,34907.109375,178.2797623407273,178.61801990327382,172.85960002121047,5.141454102167816,178.29956665039063,188.58247485472626,168.016658446055,-0.18447123859712375
AAPL,2023-09-15,173.3124237060547,175.00999450683594,176.5,173.82000732421875,176.47999572753906,109259500,39.85810297186749,43.93217195594832,48.1229877133586,179.87186329915198,181.42623585179197,179.39933721796461,178.61236363207064,180.5772848567609,-1.964921224690272,64.0,20.0,16.0,60.0,65.38707807256418,-0.004153843995658213,34618.23828125,177.41471266973588,178.14305390857515,172.96591861592003,5.084700508081841,178.3495780944824,188.5189791106461,168.18017707831874,-0.2215293095988102
AAPL,2023-09-18,176.24371337890625,177.97000122070312,179.3800048828125,176.1699981689453,176.47999572753906,67257600,45.65450087836312,46.88060593868621,49.75656668508484,179.69073357739495,181.31291668355954,179.3679232400028,178.5135386457064,180.38415273557143,-1.870614089865029,60.0,16.0,14.0,58.0,9.947982907268333,0.016913326870456435,34624.30078125,176.97445475260417,177.94249536423456,173.09985710219956,4.943067123596194,178.52189025878906,188.40802450598144,168.63575601159667,-0.17087010592576143
AAPL,2023-09-19,177.33302307128906,179.07000732421875,179.6300048828125,177.1300048828125,177.52000427246094,51826900,47.67280155178851,47.93573197418311,50.349431879293725,179.63161679137818,181.23937867177787,179.36137563745808,178.59914921163139,180.2868086310268,-1.687659419395402,56.0,12.0,12.0,56.0,11.908386397448604,0.0061807009821730485,34517.73046875,176.70037580217635,177.829269917806,173.24279185394744,4.844398997200719,178.68182296752929,188.3706209619307,168.99302497312786,-0.16675608855860527
AAPL,2023-09-20,173.78775024414062,175.49000549316406,179.6999969482422,175.39999389648438,179.25999450683594,58436200,42.18203713516807,44.923961737432315,48.45076193522835,179.23717762011967,181.05087463313478,179.27629057934172,178.12081940879025,179.931489880074,-1.8106704712837427,52.0,8.0,10.0,54.0,39.00506435705977,-0.019992174980986044,34440.87890625,176.00122244698662,177.36316775367374,173.34888997737448,4.918517309567903,178.59566650390624,188.43270112304205,168.75863188477044,-0.13119032795557672
AAPL,2023-09-21,172.2428741455078,173.92999267578125,176.3000030517578,173.86000061035156,174.5500030517578,63149100,40.019032753896944,43.68368110772179,47.65175288530201,178.73173143494458,180.8174030935494,179.1587895265162,177.47607683448118,179.48693453160786,-2.0108576971266814,48.0,4.0,8.0,52.0,19.77569476583186,-0.008889441841916534,34070.421875,175.21077183314733,176.75813991001675,173.43824603522,5.113853604338333,178.23965301513672,188.4673602238134,168.01194580646006,-0.2350895929292509
AAPL,2023-09-22,173.09454345703125,174.7899932861328,177.0800018310547,174.0500030517578,174.6699981689453,56725400,41.791104241248014,44.55875851371951,48.132918042585416,178.3563278017244,180.6197830998636,179.06277202672754,177.06283321165833,179.13901295786897,-2.0761797462106415,44.0,0.0,6.0,50.0,3.238828081491215,0.004944583720798645,33963.83984375,174.6653512137277,176.26812947591145,173.5347585805257,5.1833641566145126,178.16092376708986,188.5276520803189,167.79419545386082,-0.22187741152082796
AAPL,2023-09-25,174.37205505371094,176.0800018310547,176.97000122070312,174.14999389648438,174.1999969482422,46172700,44.442584182167096,45.86721917080081,48.85250645375122,178.13953485213682,180.47093781236168,178.99721663781165,176.91162838387314,178.9124195410679,-2.0007911571947545,40.0,48.0,4.0,48.0,-10.256445142430652,0.007380426737696677,34006.87890625,174.42862490699406,175.90728483654203,173.6425645883285,5.245913237031694,178.03565139770507,188.52747787176844,167.5438249236417,-0.1422338606231832
AAPL,2023-09-26,170.29197692871094,171.9600067138672,175.1999969482422,171.66000366210938,174.82000732421875,64588900,38.42285530135552,42.5418349242159,46.73925264128275,177.5510083627778,180.19189089109958,178.84255268343924,176.14984043464145,178.3974259983123,-2.247585563670839,36.0,96.0,2.0,98.0,47.39358339780058,-0.02339869266175265,33618.87890625,173.7763439360119,175.16979202997118,173.70810864918266,5.521967917667409,177.62814178466797,188.6720776200028,166.58420594933315,-0.13965654675087477
AAPL,2023-09-27,168.77684020996094,170.42999267578125,173.0399932861328,169.0500030517578,172.6199951171875,66921800,36.44849997602266,41.38632443062344,45.985475845953054,176.87281639258762,179.87182865453175,178.6576612546995,175.26986385635527,177.8072457521989,-2.537381895843623,32.0,96.0,0.0,98.0,26.258256467920283,-0.008897287741185145,33550.26953125,173.0253192719959,174.3268109276181,173.75701891049818,5.741633493419726,176.95028228759764,188.4335492744371,165.4670153007582,-0.13309667375104617
AAPL,2023-09-28,169.03431701660156,170.69000244140625,172.02999877929688,167.6199951171875,169.33999633789062,56294400,37.04056239391799,41.665555218977225,46.13610843555722,176.2839769686656,179.57078517213418,178.48254787418753,174.56526979251694,177.28004254399204,-2.7147727514750954,28.0,96.0,10.0,98.0,-7.431689136858514,0.0015255458410070588,33666.33984375,172.37587105887278,173.57290947323753,173.80709258843416,5.601094535080485,176.1105079650879,187.31269703524885,164.90831889492694,-0.13730222554920288
AAPL,2023-09-29,169.54928588867188,171.2100067138672,173.07000732421875,170.33999633789062,172.02000427246094,51861100,38.27907844146131,42.236318912007,46.44093873511591,175.80074170630385,179.2966612882566,178.32271180472995,174.04907547272467,176.83041026027908,-2.781334787554414,24.0,92.0,8.0,96.0,-14.694421370354227,0.0030465344621100066,33507.5,171.86572687058222,172.94803118024552,173.86085494501674,5.265408033293863,175.28558959960938,185.8164056661971,164.75477353302165,-0.11707562700077706
AAPL,2023-10-02,172.06463623046875,173.75,174.3000030517578,170.92999267578125,171.22000122070312,52164500,44.066860663232,44.96397792854849,47.910218081049486,175.60543297237015,179.11480354110063,178.2222126441864,174.00306386153625,176.60223172248064,-2.599167860944391,20.0,88.0,6.0,94.0,13.979657609823779,0.014835511271032331,33433.3515625,171.76782851446242,172.64127371651784,173.93829896044375,4.429829548499916,174.50770721435546,183.36736631135528,165.64804811735564,-0.08511893603978243
AAPL,2023-10-03,170.7277374267578,172.39999389648438,173.6300048828125,170.82000732421875,172.25999450683594,49594600,41.8220984908205,43.82337276102838,47.20785820978861,175.30015306038104,178.8946458478345,178.09425179258858,173.75643771306673,176.2909548464809,-2.5345171334141696,16.0,84.0,4.0,92.0,9.528710247349824,-0.0077697476541330746,33002.37890625,171.51572730654763,172.28127659388952,174.00101673448856,3.196838232732845,173.6510986328125,180.0447750982782,167.25742216734682,-0.12649502059068457
AAPL,2023-10-04,171.97552490234375,173.66000366210938,174.2100067138672,170.97000122070312,171.08999633789062,53020300,44.655818660895555,45.16963026789054,47.93479250457745,175.14394835578372,178.7230182351878,177.9967957897209,173.74160170522714,176.09606957356448,-2.3544678683373377,12.0,80.0,2.0,90.0,-35.147965037342914,0.0073086394419139555,33129.55078125,171.4470685686384,172.1216981433687,174.07468217650455,2.6829572119576675,173.19308471679688,178.55899914071222,167.82717029288153,0.06516365960009557
AAPL,2023-10-05,173.21337890625,174.91000366210938,175.4499969482422,172.67999267578125,173.7899932861328,48527900,47.39331371134295,46.488917276700384,48.650547555152315,175.1216679087671,178.59800136393932,177.92895420449864,173.92135585243977,176.00821283938262,-2.0868569869428484,8.0,76.0,0.0,88.0,-56.859794041717926,0.0071978498371159105,33119.5703125,171.56307431175594,172.1236309233166,174.15880517798277,2.6099913327767243,173.06186904907227,178.28185171462573,167.8418863835188,0.11770158288255173
AAPL,2023-10-06,175.76837158203125,177.49000549316406,177.99000549316406,173.17999267578125,173.8000030517578,57266700,52.60435733223948,49.10991009263363,50.09549072078053,175.34722386918585,178.5616736304713,177.9193069800737,174.47037887408968,176.11797525818125,-1.647596384091571,4.0,72.0,4.0,86.0,-12.63834584516249,0.014750550401560591,33407.578125,172.02068902878534,172.38139306931268,174.26633238493505,2.567407702865994,173.02770385742187,178.16251926315385,167.89288845168988,0.21513542880072414
AAPL,2023-10-09,177.25381469726562,178.99000549316406,179.0500030517578,175.8000030517578,176.80999755859375,42390800,55.372193336296846,50.56965303424694,50.914907498642194,175.69415545242188,178.57571729810056,177.94283881552624,175.16570604625497,176.33071823855036,-1.1650121922953929,0.0,68.0,2.0,84.0,-28.09402728609691,0.008451139996715096,33604.6484375,172.68088989257814,172.78387981596447,174.3863894118124,2.534004571042115,173.0093849182129,178.07739406029714,167.94137577612867,0.22107747412191028
AAPL,2023-10-10,176.6596221923828,178.38999938964844,179.72000122070312,177.9499969482422,178.10000610351562,43698000,54.01338207648612,49.97500305719911,50.575943073511034,175.95090249406252,178.56962818634804,177.95266652045203,175.6617511760078,176.48325758307615,-0.8215064070683411,0.0,64.0,0.0,82.0,-51.645564577703716,-0.0033522127910061705,33739.30078125,173.2626194545201,173.1315214611235,174.4982060298635,2.6419128006655286,173.11287002563478,178.39669562696582,167.82904442430373,0.3279038499512778
AAPL,2023-10-11,178.05596923828125,179.8000030517578,179.85000610351562,177.60000610351562,178.1999969482422,47551100,56.702332504912405,51.36863583791335,51.35256427080101,176.3174834995573,178.60996834586967,177.99326732333785,176.2984053107386,176.72894243260814,-0.4305371218695484,8.0,60.0,0.0,80.0,-43.57151418274337,0.007904166376954125,33804.87109375,174.00317746117003,173.6022928147089,174.62177270120648,2.8577231294803815,173.3896598815918,179.10510614055255,167.67421362263104,0.46673069421308544
AAPL,2023-10-12,178.95712280273438,180.7100067138672,182.33999633789065,179.0399932861328,180.07000732421875,56743100,58.39318571874957,52.25876822702688,51.85080501322692,176.7358190437773,178.6788220628532,178.05297588137145,176.97711321891222,177.02383608307179,-0.046722864159562505,96.0,56.0,0.0,78.0,-6.819353715691394,0.0050610691026435894,33631.140625,174.80852646600633,174.13252737862723,174.75193468729654,3.1164554088427323,173.63574905395507,179.86865987164055,167.4028382362696,0.46039620414313176
AAPL,2023-10-13,177.11517333984375,178.85000610351562,181.92999267578125,178.13999938964844,181.4199981689453,51427100,53.77094396837784,50.3069502468508,50.76635852322761,176.9371701923238,178.68443465435033,178.07049302911088,177.26525058577428,177.15910793643798,0.1061426493363058,92.0,52.0,42.0,76.0,-52.931232524402915,-0.010292685946460045,33670.2890625,175.31244812011718,174.46390112014043,174.86133444525117,3.210282827617082,173.82588653564454,180.2464521908787,167.4053208804104,0.38871239984604955
AAPL,2023-10-16,176.98641967773438,178.72000122070312,179.0800018310547,176.50999450683594,176.75,52517000,53.45243290133275,50.17111575821407,50.69073845822473,177.106963623598,178.68560077127992,178.0847679344206,177.48905837576334,177.27472966119836,0.21432871456497082,88.0,48.0,40.0,74.0,-21.916630982966982,-0.0007269487965456678,33984.5390625,175.77307768322171,174.76490427652996,174.96702055935836,3.243843588435961,173.86302185058594,180.35070902745787,167.375334673714,0.3805636359823482
AAPL,2023-10-17,175.431640625,177.14999389648438,178.4199981689453,174.8000030517578,176.64999389648438,57549400,49.62938668398551,48.530159010458206,49.77710151339758,177.1110617448253,178.63525300489317,178.06422345007033,177.4368946097204,177.26548997492324,0.17140463479717027,84.0,44.0,38.0,72.0,11.0415633580245,-0.008784736453595676,33997.6484375,175.9626467750186,174.91429654075986,175.05461438117337,3.1636654035429363,173.7679527282715,180.09528353535737,167.44062192118562,0.3822131403505867
AAPL,2023-10-18,174.13436889648438,175.83999633789062,177.5800018310547,175.11000061035156,175.5800018310547,54764400,46.63245199108027,47.19451284350626,49.0247912529288,176.99000789654582,178.5436052453193,178.01533933771472,177.1912179525158,177.15989785366156,0.03132009885425191,80.0,40.0,36.0,70.0,-6.28343389885037,-0.007394742042506786,33665.078125,175.9158672514416,174.9491933186849,175.12693066649177,3.164728794966406,173.78528366088867,180.11474125082148,167.45582607095585,0.31634040639213135
AAPL,2023-10-19,173.75804138183594,175.4600067138672,177.83999633789062,175.19000244140625,176.0399932861328,59302900,45.769016973880234,46.8069701763856,48.806441118059496,176.84429349819547,178.44250365412415,177.95917818114665,176.9248777619545,177.03397999145457,-0.1091022295000812,76.0,36.0,34.0,68.0,-6.0906647917389165,-0.0021611329057743545,33414.171875,175.77033880324592,174.94659881591798,175.19321327892703,3.1439297150392513,173.86104202270508,180.14890145278358,167.57318259262658,0.26181179031387614
AAPL,2023-10-20,171.20309448242188,172.8800048828125,175.4199981689453,172.63999938964844,175.30999755859375,64244000,40.311767185958104,44.24874289221054,47.345586353669006,176.4667422014923,178.2601266452287,177.8475479987657,176.3025896267019,176.72627813155515,-0.42368850485325993,72.0,32.0,32.0,66.0,13.254379872156036,-0.014704049833293875,33127.28125,175.2440673828125,174.69346095493862,175.2315647083491,3.1962138220052387,173.7664695739746,180.15889721798507,167.37404192996414,0.06537895702813457
AAPL,2023-10-23,171.3218994140625,173.0,174.00999450683594,169.92999267578125,170.91000366210938,55980100,40.66604407812303,44.395293292255374,47.42026128617452,176.13657627754066,178.08766347653267,177.7410084823093,175.7944989149016,176.45025752921774,-0.6557586143161416,68.0,28.0,30.0,64.0,21.24068984486504,0.0006939414967923607,32936.41015625,174.74184177943638,174.4606447492327,175.26877984915205,3.2382897544824276,173.61396179199218,180.09054130095703,167.13738228302734,0.06045148924328279
AAPL,2023-10-24,171.75765991210938,173.44000244140625,173.6699981689453,171.4499969482422,173.0500030517578,43816600,42.025267751938735,44.9457596418926,47.69787868185223,175.87975972171833,177.93528114751211,177.6464808770147,175.43226868821,176.22727567086133,-0.79500698265133,64.0,24.0,28.0,62.0,-32.16078923777925,0.002543518951968249,33141.37890625,174.29205889020648,174.28385409400576,175.30794083780316,3.17512330512928,173.6872459411621,180.03749255142066,167.33699933090355,0.06290029947879905
AAPL,2023-10-25,169.44036865234375,171.10000610351562,173.05999755859375,170.64999389648438,171.8800048828125,57157000,37.151335343015376,42.61901023022541,46.36936482582271,175.4245450914133,177.71117376902043,177.50260231056419,174.76576675210316,175.847477925132,-1.0817111730288502,60.0,20.0,26.0,60.0,-14.591358869606017,-0.013491632693129474,33035.9296875,173.53537873767672,173.8793895903088,175.32185811816163,3.124172486766458,173.72042236328124,179.96876733681415,167.47207738974834,-0.01706186880095727
AAPL,2023-10-26,165.2711639404297,166.88999938964844,171.3800048828125,165.6699981689453,170.3699951171875,70625300,30.33475209594488,38.86507116647726,44.11363841992402,174.61173121505476,177.35638116641806,177.26935829032428,173.55411023480244,175.1839609965777,-1.6298507617752591,56.0,96.0,24.0,98.0,25.45706144838563,-0.02460573442488434,32784.30078125,172.258738054548,173.07469831194197,175.29224597987843,3.5106674979082317,173.53226470947266,180.55359970528912,166.5109297136562,-0.14334284606150852
AAPL,2023-10-27,166.58827209472656,168.22000122070312,168.9600067138672,166.8300018310547,166.91000366210938,58499100,34.42796095368904,40.57974245036786,44.97650880183804,174.0029950251165,177.05682772557495,177.07047132176118,172.73347807878716,174.6681121242907,-1.9346340455035431,52.0,92.0,22.0,96.0,12.799574247364594,0.007969376646803417,32417.58984375,171.25768519810268,172.41336568196616,175.27393047731314,3.7422725459047803,173.38421401977538,180.86875911158495,165.89966892796582,-0.024477297084098598
AAPL,2023-10-30,168.63819885253906,170.2899932861328,171.1699981689453,168.8699951171875,169.02000427246094,51131000,40.30658556643006,43.15315266735525,46.293424625944425,173.64937581187996,176.83496430133093,176.92144982647264,172.35755734145573,174.34380702516788,-1.9862496837121455,48.0,88.0,20.0,94.0,-1.9812324473540435,0.012305348582082987,32928.9609375,170.63153250558037,171.96136423746745,175.27427321476722,3.8816967472809805,173.2128921508789,180.97628564544087,165.44949865631693,-0.047744367890936626
AAPL,2023-10-31,169.113525390625,170.77000427246094,170.89999389648438,167.89999389648438,169.35000610351562,44846000,41.613678760843555,43.739060703374086,46.59584605059582,173.37514995098292,176.63611315284336,176.78625322088993,172.1133184077642,174.0790808953377,-1.9657624875734996,44.0,84.0,18.0,92.0,-9.57483274388744,0.002818617260621714,33052.87109375,170.14515119280134,171.5709483555385,175.277500617943,3.9522302359857324,173.13218154907227,181.03664202104375,165.2277210771008,-0.017815075881021512
AAPL,2023-11-01,172.2825164794922,173.97000122070312,174.22999572753906,170.1199951171875,171.0,56934900,49.54582765784693,47.481530907519996,48.56616652024866,173.43180245286104,176.54869964687157,176.72435757253416,172.3989619174471,174.07100091943886,-1.6720390019917488,40.0,80.0,16.0,90.0,7.383209827179401,0.0187388387862375,33274.578125,170.16646815708705,171.49002787272136,175.3104578995586,3.948095589329501,173.14753112792968,181.04372230658868,165.2513399492707,0.06944908943133693
AAPL,2023-11-02,175.8475799560547,177.57000732421875,177.77999877929688,175.4600067138672,175.52000427246094,77334800,56.67655261470192,51.26372830703972,50.656021572832415,173.82591720251415,176.5821851444895,176.7429432813624,173.19450736464276,174.33018657905217,-1.1356792144094072,36.0,76.0,14.0,88.0,59.36152192862251,0.020693124000118024,33839.078125,170.72669459751674,171.74717538016182,175.37698630945007,3.9940791301031653,173.27924118041992,181.26739944062624,165.2910829202136,0.15486141576547655
AAPL,2023-11-03,174.93650817871094,176.64999389648438,176.82000732421875,173.35000610351562,174.24000549316406,79829200,54.55458916719925,50.30364008884477,50.12491682127825,174.09487688765415,176.58440838225982,176.7409004377387,173.72612067723378,174.5020241581212,-0.7759034808874219,32.0,72.0,12.0,86.0,39.39898754424473,-0.005181031081413989,34061.3203125,171.1775171189081,171.90501033238002,175.4323340086676,3.9710588390735366,173.2376480102539,181.17976568840098,165.29553033210684,0.30393618897628716
AAPL,2023-11-06,177.49147033691406,179.22999572753906,179.42999267578125,176.2100067138672,176.3800048828125,63841300,59.17114636453378,52.87059956435936,51.5776984510218,174.58393582478604,176.67114895095747,176.79560582872332,174.57287068497305,174.85224427437439,-0.27937358940133095,28.0,68.0,10.0,84.0,50.601781518631405,0.014605082637141997,34095.859375,171.9885242280506,172.31013626825242,175.51103716646261,3.9840434583544053,173.24953079223633,181.21761770894514,165.28144387552751,0.3370014033739263
AAPL,2023-11-07,180.05636596679688,181.82000732421875,182.44000244140625,178.97000122070312,179.17999267578125,70530000,63.21142285790893,55.27561728678814,52.98068075556559,175.2730854913987,176.839963979589,176.90603223521774,175.68781478331857,175.36837487065915,0.3194399126594192,96.0,64.0,8.0,82.0,61.40326788411369,0.014450810650304069,34152.6015625,173.1218999953497,172.95840628487724,175.61319506517097,4.20342486680053,173.41936798095702,181.82621771455808,165.01251824735596,0.39390132681202866
AAPL,2023-11-08,181.115966796875,182.88999938964844,183.4499969482422,181.58999633789065,182.3500061035156,49340300,64.76274929100379,56.23247036873082,53.54803895440917,175.99850586266058,177.03832579631222,177.03754799685356,176.79584318429238,175.92553224243613,0.8703109418562462,96.0,60.0,6.0,80.0,3.762688980906856,0.005884828477952908,34112.26953125,174.3401559012277,173.69141569591704,175.72386099212798,4.430624373647002,173.5723678588867,182.43361660618072,164.7111191115927,0.4425445422411066
AAPL,2023-11-09,180.6406707763672,182.41000366210932,184.1199951171875,181.8099975585937,182.9600067138672,53763500,63.46985131970393,55.67835088118718,53.25391637722426,176.60912470070332,177.21444638207606,177.1556239455405,177.6595601808796,176.40586345870824,1.2536967221713553,96.0,56.0,4.0,78.0,-5.251034927594721,-0.0026242634976565427,33891.94140625,175.42496352422805,174.36458740234374,175.8277792904982,4.552626876787657,173.65654525756835,182.76179901114367,164.55129150399304,0.5998574257940213
AAPL,2023-11-10,184.8351287841797,186.3999938964844,186.57000732421875,183.52999877929688,183.97000122070312,66133400,69.29542188908144,59.34474300678865,55.45709121787449,177.54158843363484,177.51561187435172,177.3587969114953,179.00424229097266,177.14616941706203,1.8580728739106291,96.0,52.0,2.0,76.0,28.596401508154262,0.023219898319605026,34283.1015625,176.97915053594681,175.42921440487817,175.97140595013823,5.149453491455142,174.04254302978515,184.34145001269545,163.74363604687485,0.6195867331341819
AAPL,2023-11-13,183.24855041503903,184.8000030517578,186.02999877929688,184.2100067138672,185.82000732421875,43627500,65.06846379051652,57.47958108791492,54.466279700632384,178.23286601631324,177.75444437197157,177.52233990358897,179.89589779263193,177.71312005666914,2.1827777359627873,92.0,48.0,0.0,74.0,-16.92689986099739,-0.00858374909345938,34337.87109375,178.1930963425409,176.30597701299757,176.0971125687177,5.515261133976025,174.35564956665038,185.38617183460244,163.32512729869833,0.5499645720738366
AAPL,2023-11-14,185.86639404296875,187.44000244140625,188.1100006103516,186.3000030517578,187.6999969482422,60108400,68.48444316674315,59.64957653515619,55.79597422270715,179.1097361520364,178.07200365293664,177.74031050881572,181.05652927705876,178.43362986294596,2.622899414112794,96.0,44.0,0.0,72.0,4.446614560707844,0.01428575354075412,34827.69921875,179.64665091378347,177.40223839169457,176.24690977030133,6.086392414488571,174.87738723754882,187.05017206652596,162.70460240857167,0.5125772466401977
AAPL,2023-11-15,186.43161010742188,188.009994506836,189.5,187.77999877929688,187.8500061035156,53790500,69.18511330503586,60.10544544162719,56.07855336331861,179.95737980487445,178.39783941863826,177.96601784943155,182.12629315856296,179.1429902069378,2.9833029516251486,96.0,40.0,98.0,70.0,-1.7783450562774357,0.0030409804169464483,34991.2109375,181.01912928989955,178.50264056977772,176.40009941442688,6.606321385179315,175.49224929809571,188.70489206845434,162.2796065277371,0.4492803256511218
AAPL,2023-11-16,188.11734008789065,189.7100067138672,190.9600067138672,188.6499938964844,189.57000732421875,54412900,71.23888665841066,61.45241215161172,56.916727770375104,180.88620141525473,178.76873014962936,178.22412749480375,183.29301832091744,179.92573217041405,3.3672861505033893,96.0,36.0,98.0,68.0,-8.245802481834783,0.009042082399532303,34945.46875,182.4148436046782,179.7050301688058,176.5678660598679,7.1646138105367045,176.21021423339843,190.53944185447185,161.88098661232502,0.37315086998877384
AAPL,2023-11-17,188.09751892089844,189.69000244140625,190.3800048828125,188.57000732421875,190.25,50922700,71.17881514311881,61.42712273026962,56.90369870119485,181.72465865584059,179.1268046509991,178.47612474637742,184.27716972406955,180.64901144974678,3.6281582743227716,92.0,32.0,96.0,66.0,-20.735477243011022,-0.00010536597520971469,34947.28125,183.60287635439917,180.83715442475818,176.7332111096738,7.5298277596363,177.05493545532227,192.11459097459488,161.99527993604966,0.27257086817761905
AAPL,2023-11-20,189.8427276611328,191.4499969482422,191.91000366210932,189.8800048828125,189.88999938964844,46505100,73.31264523172418,62.824052057121754,57.772187328185346,182.65088135035504,179.530843742712,178.76126479477006,185.38068160471147,181.44908444963534,3.9315971550761333,96.0,28.0,98.0,64.0,-16.925657510436746,0.009278212441325762,35151.0390625,184.8382767450242,182.05503939674014,176.91396246687097,7.9165937950701695,177.9809768676758,193.81416445781613,162.14778927753545,0.22903447948492042
AAPL,2023-11-21,189.0395355224609,190.63999938964844,191.5200042724609,189.7400054931641,191.41000366210932,38134500,70.7176729794119,61.756615134706784,57.23056301750081,183.41174973504965,179.89507835408696,179.02233588476736,186.1898074177787,182.12989296371038,4.05991445406832,92.0,24.0,96.0,62.0,-12.967916269176522,-0.004230829110850043,35088.2890625,185.7691638764881,183.10823545910063,177.08485661824545,8.14152957751029,178.84507064819337,195.12812980321394,162.5620114931728,0.0815015716772002
AAPL,2023-11-22,189.7039031982422,191.3099975585937,192.92999267578125,190.8300018310547,191.4900054931641,39617700,71.61273096298287,62.30599392026708,57.56634144068445,184.16396381348244,180.26933800013634,179.29239438309318,186.9775289779041,182.80990071147951,4.167628266424572,96.0,20.0,98.0,60.0,-30.686180170407823,0.003514437728304509,35273.03125,186.62904270717075,184.1424099876767,177.26040021602194,8.170359962670718,179.85824737548828,196.1989673008297,163.51752745014684,0.045825693509531064
AAPL,2023-11-24,188.37515258789065,189.97000122070312,190.8999938964844,189.25,190.8699951171875,24048300,67.18924157857396,60.50329242296969,56.6585345049428,184.71691975702726,180.58739253195822,179.52706706084282,187.43790932295008,183.34027852697756,4.0976307959725204,92.0,16.0,96.0,58.0,-65.94945437399912,-0.007004339857799247,35390.1484375,187.17978980654763,184.9535438174293,177.4208714385531,7.61371965653286,181.01344680786133,196.24088612092706,165.7860074947956,0.02989416159117663
AAPL,2023-11-27,188.19664001464844,189.7899932861328,190.6699981689453,188.8999938964844,189.9199981689453,40552600,66.59409968558,60.260382377823525,56.53631188218794,185.20006961694207,180.88911714684917,179.75262587898106,187.79976839420897,183.81803517580389,3.9817332184050827,88.0,12.0,94.0,56.0,-30.678249750850867,-0.00094764394767477,35333.46875,187.57874813988096,185.63765745617096,177.57764761549916,6.96446746402069,182.09386520385743,196.0228001318988,168.16493027581606,-0.1042565556020871
AAPL,2023-11-28,188.8015289306641,190.3999938964844,191.0800018310547,189.3999938964844,189.77999877929688,38415400,67.64007115997578,60.813231972768,56.85809725427728,185.69530050070802,181.20094917142737,179.98663396727784,188.19980308686672,184.3055876736321,3.894215413234633,84.0,8.0,92.0,54.0,-24.868670669456886,0.003214132388168922,35416.98046875,187.95640433175222,186.27648257300967,177.73848115456045,6.3460809946089265,183.10203170776367,195.79419369698152,170.40986971854582,-0.017150188649617527
AAPL,2023-11-29,187.78016662597656,189.3699951171875,192.08999633789065,188.97000122070312,190.8999938964844,43014200,63.99638482985931,59.36703601141584,56.14194510372077,186.04527141656322,181.46878674341949,180.19286168485826,188.379832629993,184.6807289657473,3.6991036642456834,80.0,4.0,90.0,52.0,-4.084645230343844,-0.005409714161068169,35430.421875,188.11459161667597,186.7220192318871,177.8871785383082,5.4962503887961764,184.03536376953124,195.02786454712358,173.0428629919389,-0.0796207690673702
AAPL,2023-11-30,188.3553009033203,189.9499969482422,190.32000732421875,188.19000244140625,189.83999633789065,48794400,65.13531420140487,59.92358275065274,56.45707811367069,186.4171500386279,181.74685920915135,180.40730421811944,188.62139637126208,185.0710451125988,3.5503512586632837,76.0,0.0,88.0,50.0,-14.297908664105845,0.003062806299928944,35950.890625,188.28599490211124,187.13344181605748,178.03981566016353,4.820910133829101,184.83900299072266,194.48082325838087,175.19718272306446,-0.08047174953430343
AAPL,2023-12-01,189.63449096679688,191.2400054931641,191.5599975585937,189.22999572753903,190.3300018310547,45704800,67.59096858346612,61.15092015160364,57.15575563072912,186.8764696057266,182.05810990698782,180.6453855648237,189.02425931309315,185.5280051407888,3.4962541723043614,72.0,0.0,86.0,48.0,-40.900086377672146,0.006791367470635468,36245.5,188.55448419480098,187.59015495663598,178.20333750027328,4.43804951722851,185.52834854125976,194.40444757571677,176.65224950680275,-0.04264758020964555
AAPL,2023-12-04,187.83966064453125,189.42999267578125,190.0500030517578,187.4499969482422,189.97999572753903,43389500,61.0893701995189,58.54220452421926,55.87219271668908,187.11966227906515,182.2998109813745,180.8384538529766,189.0866798304298,185.81704125449193,3.2696385759378757,68.0,4.0,84.0,46.0,-45.64708151904316,-0.009464682891362264,36204.44140625,188.53795456659225,187.8102799188523,178.34719780309877,3.6925237484556472,186.1735061645508,193.55855366146207,178.7884586676395,-0.04058592591099092
AAPL,2023-12-05,191.7961883544922,193.4199981689453,194.3999938964844,190.17999267578125,190.2100067138672,66628400,68.32292856346132,62.22604861417095,57.99412706150538,187.71969426857757,182.6644072826063,181.11497131047042,189.7533441902014,186.38022324815515,3.3731209420462562,96.0,0.0,98.0,44.0,4.365669245457095,0.021063324413944207,36124.55859375,189.00523710704985,188.3457734607515,178.52863371056705,3.285257836904153,186.88874206542968,193.45925773923798,180.31822639162138,0.03378861686741964
AAPL,2023-12-06,190.7054443359375,192.32000732421875,194.759994506836,192.1100006103516,194.4499969482422,41089700,64.74927888002057,60.684436010425905,57.220109469771124,188.1578193214958,182.98098433315096,181.3612358382451,190.14821544158866,186.8202072537895,3.3280081877991563,96.0,0.0,98.0,42.0,-41.74152842761945,-0.005686995283444851,36054.4296875,189.27061288016182,188.70926891508557,178.6971697755121,2.967199384913472,187.42119598388672,193.35559475371366,181.48679721405978,-0.023505456668816746
AAPL,2023-12-07,192.63905334472656,194.2700042724609,195.0,193.58999633789065,193.6300048828125,47477700,67.94970656139199,62.397070918758146,58.228585868251066,188.73993217396864,183.3511161344398,181.6449450346015,190.7823368001844,187.3720440699874,3.410292730197,96.0,4.0,98.0,40.0,-3.7750074482725076,0.010139243876975623,36117.37890625,189.7531000046503,189.20620771135603,178.88275335283421,2.7920207336419756,187.9973503112793,193.58139177856324,182.41330884399534,0.010611199660110012
AAPL,2023-12-08,194.0669708251953,195.7100067138672,195.9900054931641,193.6699981689453,194.1999969482422,53406400,70.10801681718328,63.61101569899639,58.957651535224336,189.4037487968161,183.75632566163412,181.95406726931063,191.5404398638279,187.98967093249703,3.550768931330879,96.0,0.0,98.0,38.0,-0.6642052693742037,0.007412398761706518,36247.87109375,190.3829121907552,189.78426680791947,179.08027761279055,2.532093979694957,188.6686653137207,193.73285327311063,183.60447735433078,0.10978129512531652
AAPL,2023-12-11,191.55821228027344,193.17999267578125,193.4900054931641,191.4199981689453,193.1100006103516,60943700,62.184719031253785,60.07725328831202,57.168792307953474,189.76339107100327,184.06529835062256,182.20079090461766,191.79267875797458,188.37413920977735,3.4185395481972307,92.0,0.0,96.0,36.0,-7.847320718426695,-0.012927282444067378,36404.9296875,190.62137131463913,190.05946175711495,179.25052468598778,2.4410091235297773,189.00481948852538,193.88683773558495,184.12280124146582,0.11659181388404932
AAPL,2023-12-12,193.07537841796875,194.7100067138672,194.72000122070312,191.72000122070312,193.0800018310547,52696900,64.77723089156736,61.42132029518267,57.955998022199005,190.2344973227046,184.41430518220434,182.47571872460117,192.2414984434965,188.84346272859884,3.3980357148976736,88.0,0.0,94.0,34.0,20.78826428284912,0.007920131012057574,36577.94140625,191.0457813081287,190.44713403610956,179.43354616914814,2.1983064558606356,189.49616088867188,193.89277380039314,185.09954797695062,0.14971014227554424
AAPL,2023-12-13,196.298080444336,197.9600067138672,198.0,194.8500061035156,195.08999633789065,70404200,69.55229948097285,64.0848609939752,59.5667458306841,190.97026012186296,184.85842654389822,182.81603274634327,193.12126894663047,189.51876228306315,3.6025066635673113,96.0,0.0,98.0,32.0,17.128720777794783,0.01669141893064552,37090.23828125,191.8614483061291,191.09493589855376,179.64629653778834,2.507550413329891,190.01774520874022,195.0328460354,185.00264438208043,0.31955228342175984
AAPL,2023-12-14,196.4468231201172,198.1100006103516,199.6199951171875,196.16000366210932,198.0200042724609,66831600,69.75609475479509,64.2031560027082,59.63956884648766,191.65023540648093,185.29290438214258,183.1521639081896,193.8887661256645,190.15515030730674,3.733615818357748,96.0,0.0,98.0,30.0,24.244243872059194,0.0007577388196793322,37248.3515625,192.63414597284225,191.70722903297062,179.858003740453,2.742701565529386,190.518505859375,196.00390899043379,185.03310272831624,0.3031978398808901
AAPL,2023-12-15,195.91134643554688,197.57000732421875,198.3999938964844,197.0,197.52999877929688,128538400,67.99174193463352,63.423260037332774,59.247574825576166,192.21402320817026,185.69543234745655,183.46903958766276,194.45511092544206,190.70439897522616,3.7507119502159014,92.0,0.0,96.0,28.0,136.2278062738799,-0.0027258098454607804,37305.16015625,193.2585736955915,192.22083289736793,180.06174904211244,2.9308309522627005,190.9082061767578,196.7698680812832,185.0465442722324,0.2808226972755955
AAPL,2023-12-18,194.24546813964844,195.88999938964844,196.6300048828125,194.38999938964844,196.08999633789065,55751900,62.68019522435496,61.03142735939287,58.03663162027659,192.56411617783485,186.02968044720052,183.74202771517892,194.6758629968584,191.0885175244426,3.587345472415791,88.0,0.0,94.0,26.0,9.483393457141903,-0.00850322518939195,37306.01953125,193.58741091773624,192.53866737002417,180.24634078675834,2.942905133966217,191.21560363769532,197.10141390562777,185.32979336976288,0.29822634225253913
AAPL,2023-12-19,195.28663635253903,196.94000244140625,196.9499969482422,195.88999938964844,196.16000366210932,40714100,64.54447493227366,61.96120872832065,58.57657811171745,192.98086725055595,186.38739592242035,184.0320930937773,195.02419214217346,191.5219608516251,3.502231290548366,84.0,0.0,92.0,24.0,-12.452397694016355,0.005360064370418582,37557.921875,194.0032235281808,192.92638477143788,180.4390492073932,3.058722073619152,191.48779907226563,197.60524321950393,185.37035492502733,0.23286620599772284
AAPL,2023-12-20,193.19435119628903,194.8300018310547,197.67999267578125,194.8300018310547,196.8999938964844,52242800,58.24747786519492,59.02622569087271,57.07077547440474,193.15697530584154,186.6642026735231,184.26940976932184,194.99431670969363,191.76700092417545,3.2273157855181864,80.0,48.0,90.0,22.0,36.99615833431669,-0.010713918757210394,37082.0,194.06857459658667,193.08891354515438,180.60878143993776,3.024592489539423,191.69553985595704,197.7447248350359,185.64635487687818,0.23345091998037884
AAPL,2023-12-21,193.0456085205078,194.67999267578125,197.0800018310547,193.5,196.1000061035156,46482500,57.81564154422903,58.820813731282,56.964547879018,193.30202457916914,186.92701546048238,184.49821378924403,194.9459591660148,191.98277809096106,2.9631810750537397,76.0,44.0,88.0,20.0,17.327608619379724,-0.0007699121369759698,37404.3515625,194.06800711495535,193.21749151320685,180.77487074059633,3.0009889065491695,191.8626251220703,197.86460293516865,185.86064730897198,0.13131793366886918
AAPL,2023-12-22,191.9746856689453,193.6000061035156,195.41000366210932,192.97000122070312,195.17999267578125,37149600,54.67281264324825,57.3311500540562,56.19607930188406,193.33040377196403,187.1458020389425,184.69825318076647,194.73888946409187,192.1025727585577,2.6363167055341705,72.0,40.0,86.0,18.0,54.47911078953606,-0.005547512112655695,37385.96875,193.8921630859375,193.22816394624255,180.9282109866925,2.8865843492085586,192.04260177612304,197.81577047454016,186.2694330777059,0.008317706913837012
AAPL,2023-12-26,191.42930603027344,193.0500030517578,193.88999938964844,192.8300018310547,193.6100006103516,28919300,53.09005654855597,56.57446929620429,55.80487085369487,193.30369894146818,187.3393824000184,184.88180812298606,194.47906078527126,192.17275278027623,2.3063080049950315,68.0,36.0,84.0,16.0,-28.686939924936993,-0.002840893510368203,37545.328125,193.60422058105468,193.16975482759022,181.07397271758882,2.7470291916861687,192.2042350769043,197.69829346027663,186.71017669353196,-0.0173254160447843
AAPL,2023-12-27,191.5284576416016,193.1499938964844,193.5,191.08999633789065,192.4900054931641,48087700,53.354442518896526,56.68226040672855,55.86187295811183,193.28906036575543,187.52989425236152,185.06352649163435,194.27458895622715,192.24514101110645,2.029447945120694,64.0,32.0,82.0,14.0,25.178183749225568,0.0005179541909454688,37656.51953125,193.33299240838915,193.10539507184708,181.21849362121887,2.634624483720989,192.34058151245117,197.60983047989313,187.0713325450092,-0.05877316644353752
AAPL,2023-12-28,191.9548492431641,193.5800018310547,194.66000366210932,193.1699981689453,194.13999938964844,34049900,54.54099505077685,57.15653032497728,56.110278964311426,193.3167690767363,187.72825843526948,185.2507017738194,194.16772939850833,192.34401959036188,1.8237098081464467,60.0,28.0,80.0,12.0,-20.840327147779107,0.0022262571672788667,37710.1015625,193.11077822730655,193.06865866524834,181.36512167935348,2.4101068324573784,192.54931564331054,197.36952930822528,187.7291019783958,-0.2191902776698375
AAPL,2023-12-29,190.9136657714844,192.52999877929688,194.3999938964844,191.72999572753903,193.8999938964844,42672100,51.12134060286763,55.61461122136189,55.334326057354524,193.24183857221826,187.88569254490972,185.41068632339034,193.91577084170657,192.3577958265793,1.5579750151272833,56.0,24.0,78.0,10.0,-12.547136556654042,-0.005424106115499816,37689.5390625,192.756255812872,192.91288248697916,181.49933710658135,2.237503463770486,192.67723388671874,197.1522408142597,188.20222695917778,-0.2962256804017415
AAPL,2024-01-02,184.0814971923828,185.63999938964844,188.44000244140625,183.88999938964844,187.1499938964844,82488700,35.42533552677109,46.98853632215028,50.64475971312586,192.51785388816398,187.81206326113065,185.4157261710004,192.64257523369764,191.86018127569554,0.7823939580021033,52.0,96.0,76.0,8.0,80.48148115734016,-0.03578669212333607,37715.0390625,191.52080906459264,192.0942408970424,181.56358961494408,2.885614329429774,192.39958419799805,198.1708128568576,186.6283555391385,-0.321559942900189
AAPL,2024-01-03,182.70315551757807,184.25,185.8800048828125,183.42999267578125,184.22000122070312,58414500,33.21000355429612,45.511674991064,49.77633295558671,191.73043923214837,187.6952743017493,185.39010581559376,191.35140981312875,191.29646414416254,0.054945668966212224,48.0,96.0,74.0,6.0,34.62819345694235,-0.0074876709274275255,37430.19140625,190.17279023670014,191.1707714989072,181.6126265712757,3.480148765733168,192.14275894165038,199.1030564731167,185.18246141018406,-0.30944571980628643
AAPL,2024-01-04,180.3828125,181.91000366210932,183.08999633789065,180.8800048828125,182.1499938964844,71983600,29.828315392474934,43.144332320647806,48.35209292834534,190.79515965404943,187.50559329717092,185.31362005397872,189.89888578989502,190.60117077512157,-0.7022849852265551,44.0,96.0,72.0,4.0,8.037413475334843,-0.012700070838978061,37440.33984375,188.61417541503906,190.05077659970237,181.6371016385662,4.363606939459335,191.57209014892578,200.29930402784444,182.84487627000712,-0.3352772309370617
AAPL,2024-01-05,179.65896606445312,181.17999267578125,182.759994506836,180.1699981689453,181.9900054931641,62379700,28.841663677248008,42.430324165375715,47.91567152625367,189.87942946564294,187.298196555486,185.22277110061174,188.5575176184929,189.90330573072598,-1.3457881122330662,40.0,96.0,70.0,2.0,51.813471502590666,-0.004012834845597446,37466.109375,187.11062171572732,188.91619335356214,181.65313371648836,5.113709444108938,191.01976623535157,201.24718512356944,180.7923473471337,-0.2891943842886788
AAPL,2024-01-08,184.002182006836,185.5599975585937,185.6000061035156,181.5,182.08999633789065,59144500,41.37264579161159,47.8051716272502,50.64324387270814,189.46805499830492,187.24120642444035,185.23018267111684,188.0963606862007,189.5815791994569,-1.4852185132562,36.0,92.0,68.0,0.0,24.573220690977028,0.024174779792647483,37683.01171875,186.34604782831101,188.2478519984654,181.71126972103593,5.329881412885227,190.58792266845703,201.24768549422748,179.92815984268657,-0.09510914110758684
AAPL,2024-01-09,183.5857086181641,185.13999938964844,185.1499938964844,182.72999572753903,183.9199981689453,42841800,40.633710642673556,47.365423613787165,50.38506494640609,189.05585922605192,187.17231439051275,185.2282006209747,187.64153587134652,189.25257328761924,-1.6110374162727226,32.0,88.0,66.0,0.0,-19.78152431169298,-0.0022634154884990654,37525.16015625,185.63936476934524,187.58097446986608,181.76386223484627,5.482889481639355,190.06385955810546,201.0296385213842,179.09808059482674,0.012716827584573813
AAPL,2024-01-10,184.6268920898437,186.19000244140625,186.3999938964844,183.9199981689453,184.3500061035156,46792900,43.35741991637314,48.5914467406444,51.0220276579407,188.7829204846571,187.14010744136172,185.24933912252263,187.4182230359711,189.02571618789977,-1.6074931519286793,28.0,84.0,64.0,2.0,-23.219463209486786,0.00567137540016871,37695.73046875,185.1730276925223,187.06316804431734,181.8254900728292,5.601244361291664,189.717293548584,200.91978227116732,178.51480482600067,0.09974405161113929
AAPL,2024-01-11,184.03192138671875,185.58999633789065,187.0500030517578,183.6199951171875,186.5399932861328,49128400,42.166876397347885,47.92984575280963,50.64291999704494,188.47883247067932,187.0892841264938,185.25682609428893,187.13695739011257,188.77121842123245,-1.6342610311198769,24.0,80.0,62.0,0.0,-6.77174558655253,-0.0032225571063364544,37711.01953125,184.72888256254652,186.5217040289016,181.87988615121415,5.680355559563661,189.26512069702147,200.6258318161488,177.90440957789414,0.039450855867663316
AAPL,2024-01-12,184.3591461181641,185.9199981689453,186.7400054931641,185.19000244140625,186.0599975585937,40477800,43.09239966099033,48.33109146885839,50.84788114931175,188.23513396575228,187.050946881984,185.27140130472094,186.9497328945484,188.56001692106304,-1.6102840265146483,20.0,76.0,60.0,0.0,-42.506555006661536,0.001778086806786705,37592.98046875,184.415628633045,186.0544683547247,181.9361593491284,5.527641081048792,188.66817398071288,199.72345614281045,177.6128918186153,0.05413032984713858
AAPL,2024-01-16,182.08837890625,183.6300048828125,184.259994506836,180.92999267578125,182.16000366210932,65603000,38.489191100991405,45.79170322963445,49.39540482023531,187.79655024356754,186.93878484922428,185.2353266580856,186.43900550812748,188.1948308441556,-1.7558253360281242,16.0,72.0,58.0,2.0,-1.8383519173564602,-0.012317084667221478,37361.12109375,183.88233395531063,185.42782120477585,181.9684117665457,5.395024887864653,187.95025177001952,198.74030154574882,177.16020199429022,0.15046384387085235
AAPL,2024-01-17,181.14634704589844,182.67999267578125,182.92999267578125,180.3000030517578,181.2700042724609,47317400,36.735999068266814,44.779497114672985,48.80524504972955,187.30925904663553,186.79915231894745,185.17916547166132,185.86069584161268,187.7863243131649,-1.9256284715522156,12.0,68.0,56.0,0.0,-63.18812121513883,-0.005173486995765808,37266.671875,183.31759033203124,184.7798302786691,181.99013092496503,5.256742077638637,187.2120018005371,197.72548595581438,176.69851764525984,0.26848058615294257
AAPL,2024-01-18,187.04640197753903,188.6300048828125,189.13999938964844,185.8300018310547,186.08999633789065,78005800,51.60459555013094,51.71222402997299,52.43700111177373,187.43504436436666,186.85918027186105,185.2550080960822,186.28674338641267,187.84881917017583,-1.562075783763163,8.0,64.0,54.0,0.0,39.91594905285739,0.03257065366129441,37468.609375,183.6374536423456,184.764058866955,182.06952227995762,4.989461815841983,186.85204849243163,196.8309721241156,176.87312486074768,0.3497326854827616
AAPL,2024-01-19,189.9517974853516,191.5599975585937,191.9499969482422,188.82000732421875,189.3300018310547,68903000,56.967980163420904,54.62157821993083,54.07408942188254,187.82789704953115,187.01330542880308,185.39357929306047,187.0980132590559,188.1237212730216,-1.0257080139656978,4.0,60.0,52.0,0.0,69.23621055113584,0.015533020026557098,37863.80078125,184.38738926478794,185.0592730567569,182.17661949043844,4.645558156853496,186.58530654907227,195.87642286277926,177.29419023536528,0.423886415984179
AAPL,2024-01-22,192.26222229003903,193.88999938964844,195.3300018310547,192.259994506836,192.3000030517578,60133900,60.698075219575706,56.76955670467235,55.32192631043371,188.40524012954234,187.23877080456847,185.58031380067777,188.14293420222398,188.55085298536434,-0.4079187831403601,0.0,56.0,50.0,78.0,15.104665140459547,0.012163216327898185,38001.80859375,185.464458211263,185.59993169875372,182.30542030220602,4.579976207428956,186.53870010375977,195.69865251861768,177.37874768890185,0.4984717893716949
AAPL,2024-01-23,193.54139709472656,195.17999267578125,195.75,193.8300018310547,195.0200042724609,42355600,62.62950853714733,57.91337481134116,55.997372317344585,189.05045465775555,187.49913873477215,185.79129575397673,189.22555858277127,189.04190036983965,0.18365821293161844,0.0,52.0,48.0,76.0,-8.878395094928198,0.006653282113622039,37905.44921875,186.69924040294828,186.26685522170294,182.4455220441676,4.618230903253367,186.5634895324707,195.79995133897742,177.32702772596397,0.41694112354420704
AAPL,2024-01-24,192.8671417236328,194.5,196.3800048828125,194.33999633789065,195.4199981689453,53631300,60.92979848901322,57.08771953960613,55.5457086540158,189.56945897606454,187.72867516969765,185.98269584729593,190.03701110849877,189.44620404614784,0.5908070623509332,8.0,48.0,46.0,74.0,44.36575360165385,-0.003483778567350826,37806.390625,187.75402759370348,186.86720304943267,182.5773320766468,4.6772024942311035,186.60811233520508,195.96251732366727,177.25370734674289,0.3432495603664201
AAPL,2024-01-25,192.53988647460932,194.1699981689453,196.2700042724609,193.1100006103516,195.22000122070312,54822100,60.07757186140908,56.68098249571481,55.324703333519786,190.0076055658627,187.93986608770575,186.16263655766184,190.67285527164438,189.79611472191064,0.8767405497337393,4.0,44.0,44.0,72.0,89.56924960147722,-0.0016967910972229827,38049.12890625,188.66838088262648,187.43213391985213,182.70438090386082,4.743575192982846,186.66364135742188,196.15079174338757,177.1764909714562,0.22995935418313657
AAPL,2024-01-26,190.8045654296875,192.4199981689453,194.759994506836,191.94000244140625,194.2700042724609,44594000,55.6338926309499,54.54397854099928,54.15873208209829,190.23735724234675,188.08675566413984,186.30016098867907,190.94164648661376,189.990476458728,0.9511700278857518,0.0,40.0,42.0,70.0,-7.265267417655659,-0.009012787307063563,38109.4296875,189.2355763753255,187.82650764102027,182.81254497926628,4.707123494823607,186.62744674682617,196.04169373647338,177.21319975717896,0.20177943798285505
AAPL,2024-01-29,190.1203765869141,191.72999572753903,192.1999969482422,189.5800018310547,192.009994506836,47145600,53.9398629846296,53.7159193337181,53.70338715222124,190.37951328855553,188.20620615802179,186.41949801590675,191.06293098521766,190.11932973789922,0.9436012473184405,0.0,36.0,40.0,68.0,38.460318532506705,-0.003585809601739043,38333.44921875,189.6053981236049,188.15916762579056,182.9123092302161,4.614817652372629,186.53572311401368,195.76535841875892,177.30608780926843,0.18908225651656202
AAPL,2024-01-30,186.4613647460937,188.0399932861328,191.8000030517578,187.47000122070312,190.94000244140625,55859400,45.89183477133604,49.54442671645656,51.34750732358356,190.15670185975335,188.20075655566475,186.45511329657106,190.5978636468969,189.96530481554615,0.6325588313507637,80.0,32.0,38.0,66.0,30.90379896935,-0.019245763691971618,38467.30859375,189.4290831066313,188.15208587646484,182.97407307335394,4.4984342033884905,186.31310806274413,195.3099764695211,177.31623965596717,0.0320345396526348
AAPL,2024-01-31,182.85189819335932,184.3999938964844,187.1000061035156,184.3500061035156,187.0399932861328,55467800,39.61297228606897,45.898091687540116,49.17601681552694,189.60844395848966,188.0761413865113,186.4099458372285,189.64434522375652,189.5530595622823,0.0912856614742168,76.0,28.0,36.0,64.0,-32.75709278967907,-0.019357718193521833,38150.30078125,188.7441186814081,187.82244684128534,182.99877980929702,4.538760475123864,186.25162811279296,195.3291490630407,177.17410716254523,-0.10703349187122844
AAPL,2024-02-01,185.2912750244141,186.8600006103516,186.9499969482422,183.82000732421875,183.9900054931641,64885400,45.081664397958214,48.55185172782268,50.61624877253619,189.3466874491432,188.03626791844047,186.4198371509235,189.21598451400192,189.35357371399115,-0.13758919998923602,72.0,24.0,34.0,62.0,11.077557798149432,0.0133407246802284,38519.83984375,188.40130920410155,187.73098464239212,183.0467793122097,4.468617403784272,186.38103408813475,195.31826889570328,177.44379928056622,-0.09630791903620674
AAPL,2024-02-02,184.28973388671875,185.8500061035156,187.3300018310547,179.25,179.86000061035156,102551700,43.34600894631358,47.558593360689194,50.022378069775904,189.01367017813106,187.96458720319703,186.40731339163983,188.6981416816194,189.09405018728927,-0.39590850566986546,68.0,96.0,32.0,98.0,42.4653671113976,-0.005405225570191408,38654.421875,187.91296706426712,187.5318131946382,183.08371321417206,4.273750732224791,186.5763801574707,195.1238816219203,178.0288786930211,0.028595835951813486
AAPL,2024-02-05,186.10438537597656,187.67999267578125,189.25,185.83999633789065,188.1499938964844,69668800,47.30464037478562,49.49978479868452,51.08347702230764,188.88665327314538,187.95525623508502,186.43528436491766,188.54150337302892,188.98930518643684,-0.4478018134079207,64.0,92.0,30.0,96.0,11.685051386909523,0.00984673129092073,38380.12109375,187.66723952520462,187.48686131068638,183.13771408612456,3.9558680658715133,186.89865112304688,194.8103872547899,178.98691499130385,-0.03181631728666256
AAPL,2024-02-06,187.71075439453125,189.3000030517578,189.3099975585937,186.7700042724609,186.8600006103516,43490800,50.595560265685904,51.159451662601384,52.00395159375604,188.92601991872752,187.99934629464806,186.49824521517786,188.6581956312949,189.01231984312727,-0.35412421183238507,60.0,88.0,28.0,94.0,-26.466873504721487,0.0086315484469075,38521.359375,187.59744684128535,187.5642044793992,183.20667618025595,3.899468613337706,187.08407974243164,194.88301696910705,179.28514251575623,0.03411661515511112
AAPL,2024-02-07,187.81985473632807,189.41000366210932,191.0500030517578,188.6100006103516,190.63999938964844,53439000,50.82020545513089,51.27224388816678,52.06646172634814,188.9721136085734,188.04559735587628,186.5622399063192,188.77385840526634,189.0417779037926,-0.2679194985262541,56.0,84.0,26.0,92.0,24.735655364620534,0.0005812151900872475,38677.359375,187.4796827043806,187.6342782883417,183.2755732294339,3.813532817913402,187.29578704833983,194.92285268416663,179.66872141251304,0.024943028204980372
AAPL,2024-02-08,186.739013671875,188.32000732421875,189.5399932861328,187.3500061035156,189.38999938964844,40962000,48.4688707468449,50.08394108024555,51.38986166061114,188.91000824815868,188.05459440401864,186.60087215726205,188.70403516202828,188.98831341641676,-0.2842782543884823,52.0,80.0,24.0,90.0,-12.461078496951462,-0.005754668833976129,38726.328125,187.21044020879836,187.5812522524879,183.3324795053966,3.764666490625542,187.4013931274414,194.93072610869248,179.8720601461903,0.0250656204164612
AAPL,2024-02-09,187.50352478027344,188.8500061035156,189.9900054931641,188.0,188.6499938964844,45155200,50.223202159926416,50.91835235376079,51.84155358533292,188.90429375819267,188.08067347613328,186.65030367256432,188.72649222994943,188.97806843027593,-0.25157620032649675,48.0,76.0,22.0,88.0,-8.087379194111756,0.0040940084954168565,38671.69140625,187.07373046875,187.59097907656715,183.39582572595398,3.68021775302561,187.57497329711913,194.93540880317036,180.2145377910679,0.08691817856985841
AAPL,2024-02-12,185.8156280517578,187.1499938964844,188.6699981689453,186.7899932861328,188.4199981689453,41781900,46.46232079573627,49.041375756013416,50.778557118262576,188.73721758088712,188.05015939155462,186.66128587528783,188.48395402480097,188.84265550184693,-0.3587014770459689,44.0,72.0,20.0,86.0,3.221766005069446,-0.009001946659368598,38797.37890625,186.75728876023067,187.42342238653274,183.44109513847388,3.6272632553623665,187.6477973937988,194.90232390452354,180.39327088307408,0.05864428834552116
AAPL,2024-02-13,183.72067260742188,185.0399932861328,186.2100067138672,183.509994506836,185.7700042724609,56529500,42.23494576167737,46.81991657347664,49.4932623547898,188.38510098138673,187.95146542088503,186.62565307113056,187.9541139111597,188.56097681920144,-0.6068629080417338,40.0,68.0,18.0,84.0,-13.830922366355198,-0.011274377006396885,38272.75,186.23509841192336,187.04941050211588,183.46432088899374,3.5121270491801178,187.7294120788574,194.75366617721764,180.70515798049715,0.13146935121944908
AAPL,2024-02-14,182.83702087402344,184.1499938964844,185.52999877929688,182.44000244140625,185.32000732421875,54630500,40.55867316788756,45.910242350768954,48.9598747156292,187.98175744949125,187.82682701024896,186.5712429793801,187.36886467813275,188.23423734344462,-0.8653726653118667,36.0,64.0,16.0,82.0,15.45541386466712,-0.0048097566858283924,38424.26953125,185.68219706217448,186.58346848260788,183.47788845384892,3.362498439486114,187.81394577026364,194.53894264923588,181.0889488912914,0.17678849278566983
AAPL,2024-02-15,182.54910278320312,183.8600006103516,184.4900054931641,181.3500061035156,183.5500030517578,65434500,40.00158693220898,45.61080561256942,48.78507304871206,187.589209179097,187.6967671282851,186.51165523500583,186.82903943693566,187.91021980765996,-1.0811803707242973,32.0,60.0,14.0,80.0,-16.11585292375695,-0.0015747253452499388,38773.12109375,185.18331487746465,186.0820548647926,183.487831893845,3.561044218217211,187.58908081054685,194.71116924698126,180.46699237411244,0.09535916591770956
AAPL,2024-02-16,181.01011657714844,182.3099975585937,184.8500061035156,181.6699981689453,183.4199981689453,49752500,37.070569484877424,44.01933361212404,47.85320167719236,187.08642712000145,187.5201517325575,186.4193111102495,186.13380222488306,187.49538852995136,-1.3615863050683004,28.0,56.0,12.0,78.0,-27.793419734989765,-0.008430532840703164,38627.98828125,184.5578579857236,185.45548684256417,183.48171267229526,3.8019547602695907,187.1419967651367,194.7459062856759,179.5380872445975,-0.15436762518549704
AAPL,2024-02-20,180.26548767089844,181.5599975585937,182.42999267578125,180.0,181.7899932861328,53665600,35.70728086367173,43.26191421630595,47.40612444784626,186.56010049510547,187.32473684160786,186.3125130102131,185.43013996853085,187.05572993948041,-1.6255899709495623,24.0,52.0,10.0,76.0,-10.756495088460918,-0.0041137419296265465,38563.80078125,183.91988162086125,184.80058121454147,183.46745981700386,3.896799805810778,186.54216003417966,194.3357596458012,178.7485604225581,-0.1508991530120058
AAPL,2024-02-21,181.0200653076172,182.32000732421875,182.88999938964844,180.66000366210932,181.94000244140625,41371400,38.188013581534044,44.26964169158988,47.90935758047342,186.15628209787815,187.16064734923444,186.22476563249896,184.95165802325207,186.70493567168327,-1.753277648431208,20.0,48.0,8.0,74.0,-2.3236596813644477,0.004185924030540633,38612.23828125,183.4415239606585,184.27466743105933,183.4599742961523,3.714700165402771,185.91609344482418,193.34549377562973,178.48669311401864,-0.23426977317122905
AAPL,2024-02-22,183.05545043945312,184.3699951171875,184.9600067138672,182.4600067138672,183.47999572753903,52292200,44.41790457039371,46.907425164529144,49.24601703434651,185.98615952828857,187.06915055474107,186.18400144534925,184.86217142231905,186.531977112091,-1.6698056897719482,16.0,44.0,6.0,72.0,-2.496862839423993,0.011243975237646087,39069.109375,183.25199701218378,184.00222524007162,183.47188135934707,3.381324024348358,185.4255088806152,192.18815692931193,178.6628608319185,-0.15001984907474458
AAPL,2024-02-23,181.21864318847656,182.5200042724609,185.0399932861328,182.22999572753903,185.009994506836,45119700,40.455265864403366,44.91777466937994,48.10922676016452,185.656049503924,186.91999821761712,186.1034740349561,184.50183801464857,186.23479393878506,-1.7329559241364905,12.0,40.0,4.0,70.0,-17.69797216815846,-0.010034157664068566,39131.53125,182.83885599772137,183.60157136462985,183.46493272923712,3.060000979700993,184.85944671630858,190.97944867571056,178.7394447569066,-0.20115602177978334
AAPL,2024-02-26,179.8683319091797,181.16000366210932,182.759994506836,180.6499938964844,182.2400054931641,40867400,37.786456394556566,43.51076683780176,47.290336182078136,185.2278546618464,186.73114593710866,185.99482633445393,183.98770965271945,185.8588835479202,-1.8711738952007408,8.0,36.0,2.0,68.0,-8.35672960487958,-0.007451282360019018,39069.23046875,182.27492196219308,183.12622709728421,183.44405710628376,2.915433020475228,184.31263504028317,190.14350108123364,178.4817689993327,-0.24932924559444758
AAPL,2024-02-27,181.32785034179688,182.6300048828125,183.9199981689453,179.55999755859375,181.1000061035156,54318900,42.223124433413986,45.426905011566674,48.261650259062115,184.98044039717652,186.5966822959842,185.92087421463765,183.7788319958107,185.6197073505048,-1.8408753546941057,4.0,32.0,0.0,66.0,15.215205660761555,0.008114371313312274,38972.41015625,181.96498136974517,182.84196188790457,183.43719517342487,2.6438498262946886,183.87300872802732,189.16070838061668,178.58530907543795,-0.12959761161228922
AAPL,2024-02-28,180.12648010253906,181.4199981689453,183.1199951171875,180.1300048828125,182.509994506836,48953900,39.71266614775729,44.148585294496996,47.52604917760877,184.64135066115452,186.42695494755668,185.82195386198507,183.41593448398524,185.3086177815004,-1.8926832975151626,0.0,28.0,0.0,64.0,-12.362288173521376,-0.006625403858222967,38949.01953125,181.55564764113655,182.4851496378581,183.4178857626844,2.696384010104101,183.55626449584958,188.94903251605777,178.16349647564138,-0.14077670673424852
AAPL,2024-02-29,179.46124267578125,180.75,182.57000732421875,179.52999877929688,181.2700042724609,136682600,38.35283615306594,43.446523336589046,47.1202404167588,184.27074583628266,186.24082527714498,185.71048234853484,183.0057907172183,184.97094239027814,-1.965151673059836,0.0,24.0,4.0,62.0,146.41792174919505,-0.003693168413545389,38996.390625,181.1308858235677,182.09514755975633,183.39153263452636,2.8454718639839767,183.3867317199707,189.07767544793865,177.69578799200275,-0.11844352895222804
AAPL,2024-03-01,178.37905883789062,179.66000366210938,180.52999877929688,177.3800048828125,179.5500030517578,73563100,36.18232937488115,42.31142130912096,46.46169901233855,183.83162753398045,186.02506063402905,185.57750479498702,182.49105424720153,184.5775395215249,-2.0864852743233655,0.0,96.0,2.0,98.0,13.373886883644087,-0.006030181345872632,39087.37890625,180.63114493233817,181.61822633289157,183.35397391475848,3.0166036872329647,183.04112091064454,189.07432828511045,177.00791353617862,-0.125346766724814
AAPL,2024-03-04,173.85154724121094,175.10000610351562,176.89999389648438,173.7899932861328,176.14999389648438,81510100,28.830990599957772,38.003602465091596,43.845714368362856,183.00004454060283,185.66686212483185,185.34723009847116,181.35396991740367,183.87550000907976,-2.521530091676084,0.0,96.0,0.0,98.0,-20.518041144125355,-0.025381407583242477,38989.828125,179.61463550385974,180.74302884056453,183.27095697431423,3.6298434151404155,182.51921157836915,189.77889840864998,175.25952474808832,-0.12356334658985331
AAPL,2024-03-05,168.9070587158203,170.1199951171875,172.0399932861328,169.6199951171875,170.75999450683594,95132400,23.2704069560002,34.07456470065057,41.25705978673009,181.77337316694422,185.1571287803189,185.012565593388,179.62566610198581,182.85657372079143,-3.2309076188056167,0.0,96.0,0.0,98.0,36.54950279034518,-0.02844086580679306,38585.19140625,178.05280456542968,179.4466333298456,183.13855803836046,4.633910099143092,181.65934524536132,190.9271654436475,172.39152504707513,-0.1378822469321734
AAPL,2024-03-06,167.91416931152344,169.1199951171875,171.24000549316406,168.67999267578125,171.05999755859375,68587700,22.338692673718754,33.356415661827654,40.76391295615061,180.56828954315787,184.63132111923264,184.66327833017476,178.00940902740146,181.83904937978372,-3.829640352382256,20.0,96.0,40.0,98.0,57.70622752398208,-0.005878318004266303,38661.05078125,176.49967041015626,178.13756895519438,182.9963730002636,5.334615869591874,180.66951599121094,191.3387477303947,170.0002842520272,-0.21617841173093924
AAPL,2024-03-07,167.79502868652344,169.0,170.72999572753906,168.49000549316406,169.14999389648438,71765100,22.223708257924415,33.269162855301786,40.704339663048984,179.46654768190476,184.1188187874545,184.31903045478631,176.62334610010893,180.8880086849849,-4.264662584875964,16.0,96.0,38.0,98.0,34.29349351597148,-0.0007095328850953431,38791.3515625,175.0727732340495,176.91142730712892,182.85326139307733,5.78236793290521,179.66827468872071,191.23301055453112,168.1035388229103,-0.25425420332301957
AAPL,2024-03-08,169.51268005371094,170.72999572753906,173.6999969482422,168.94000244140625,169.0,76267000,27.979403279402305,35.78067441295413,41.95232544641856,178.63449511482233,183.67984098221135,184.02037035089074,175.71667681202126,180.13556328072966,-4.4188864687083935,12.0,92.0,36.0,96.0,86.18963917777452,0.010236604627878565,38722.69140625,174.01541123163133,175.94422781808035,182.72751109412653,5.9541370997282534,178.8069580078125,190.71523220726903,166.898683808356,-0.1008455377210914
AAPL,2024-03-11,171.518310546875,172.75,174.3800048828125,172.0500030517578,172.94000244140625,60139500,34.11087680225258,38.579846982838376,43.37237948085518,178.0740670086488,183.3214855401716,183.7726699036184,175.2602649947872,179.58848451919414,-4.328219524406933,8.0,88.0,34.0,94.0,33.18399652753171,0.011831743162390884,38769.66015625,173.33496602376303,175.2500709170387,182.62185487661787,5.796101130217329,178.00769729614257,189.5998995565772,166.41549503570792,-0.07138217264319165
AAPL,2024-03-12,171.994873046875,173.22999572753906,174.02999877929688,171.00999450683594,173.14999389648438,59825400,35.51568127895415,39.23252402967826,43.70628440543474,177.61272688663837,182.99061702172466,183.5409627788694,174.94791587674905,179.11748534944192,-4.169569472692871,4.0,84.0,32.0,92.0,43.1849676534576,0.002778493435951601,39005.48828125,172.8013689313616,174.67742098853702,182.52084845927223,5.637938160100704,177.31665954589843,188.59253586609984,166.04078322569703,-0.12356478753085855
AAPL,2024-03-13,169.9098663330078,171.1300048828125,173.19000244140625,170.75999450683594,172.77000427246094,52488700,32.27361394985742,37.42798709137949,42.58525933728896,176.9953247910359,182.60174449258,183.26819447346156,174.36054495460496,178.5258201296916,-4.165275175086634,0.0,80.0,30.0,90.0,-7.148126199594902,-0.012122493403038503,39043.3203125,172.07572515578497,173.97201211111886,182.39899365705045,5.658030488439768,176.62611923217773,187.94218020905726,165.3100582552982,-0.14487231927715488
AAPL,2024-03-14,171.76651000976562,173.0,174.30999755859375,172.0500030517578,172.91000366210938,72913500,37.72516696738472,39.97745362260894,43.89288785138982,176.6148176680801,182.28693319774132,183.04251986964923,174.1512303462042,178.1165001200848,-3.965269773880607,4.0,76.0,28.0,88.0,33.46665324315172,0.010927226987036631,38905.66015625,171.7228299095517,173.50919218517484,182.29567118554567,5.559087217786816,176.07259368896484,187.19076812453847,164.95441925339122,-0.1272981258882526
AAPL,2024-03-15,171.3892364501953,172.6199951171875,172.6199951171875,170.2899932861328,171.1699981689453,121752700,37.07215275370303,39.637128936831836,43.68658236540349,176.2343583775189,181.96998440821497,182.81345339157315,173.91565569558625,177.70935160135167,-3.793695905765418,0.0,72.0,26.0,86.0,86.06805278561004,-0.0021964325848435884,38714.76953125,171.40965183803013,173.0631581624349,182.18868069549106,5.4334591935617285,175.51460037231445,186.3815187594379,164.64768198519099,-0.08230130933269765
AAPL,2024-03-18,172.48138427734375,173.72000122070312,177.7100067138672,173.52000427246094,175.57000732421875,75604200,40.294100193226946,41.14133743238286,44.45773297121857,175.9948957911555,181.6994931561654,182.61359729990568,173.88555500714267,177.41384416574806,-3.5282891586053893,0.0,68.0,24.0,84.0,51.96060499472388,0.0063723244806321855,38790.4296875,171.3228467668806,172.77428043910436,182.09275407402077,5.312794066873004,175.08816375732422,185.71375189107025,164.4625756235782,-0.10721835673476982
AAPL,2024-03-19,174.82456970214844,176.0800018310547,176.61000061035156,173.02999877929688,174.33999633789062,55215200,46.610132387863125,44.233288975955816,46.074403177325074,176.00300112828876,181.51524753894867,182.47000179509575,174.22316221082144,177.31504102984482,-3.0918788190233784,0.0,64.0,22.0,82.0,2.8875108076682268,0.013585149693818188,39110.76171875,171.63271847679502,172.7491762433733,182.02028266033722,5.1711469492587945,174.8161178588867,185.1584117574043,164.47382396036912,-0.022895880642410167
AAPL,2024-03-20,177.39610290527344,178.6699981689453,178.6699981689453,175.08999633789062,175.72000122070312,53423100,52.54339918316334,47.37928917802243,47.77664784013196,176.25700084644654,181.4219606743584,182.38648523188365,174.90729081976357,177.41540822533375,-2.508117405570175,0.0,60.0,20.0,80.0,29.13051044924755,0.014709220834955739,39512.12890625,172.33595566522507,172.99488910493397,181.97356173007643,5.003078832942097,174.63491973876953,184.64107740465371,164.62876207288534,0.1370439872326856
AAPL,2024-03-21,170.1481475830078,171.3699951171875,177.49000549316406,170.83999633789062,177.0500030517578,106181300,39.29004933443947,40.6726648348255,43.800157022394735,175.79157172937425,181.09238803313966,182.1443645700222,174.3630914809057,176.96759984695257,-2.604508366046872,20.0,56.0,18.0,78.0,103.05380152298049,-0.04085746644691468,39781.37109375,172.09246680850075,172.5675774710519,181.85479930441178,4.6818857093291815,173.98955459594725,183.3533260146056,164.6257831772889,-0.03757534375690891
AAPL,2024-03-22,171.05166625976562,172.27999877929688,173.0500030517578,170.05999755859375,171.75999450683594,71160100,41.27848285070911,41.73879636299491,44.38892093415696,175.45713621031928,180.8034572379317,181.92756532187437,174.0426156806582,176.62037013823732,-2.5777544575791183,16.0,52.0,16.0,76.0,57.71403621921245,0.0053101881483430535,39475.8984375,172.04783673967634,172.28777858189173,181.74539776702426,4.399067587287723,173.48120574951173,182.27934092408717,164.6830705749363,-0.07583967857775047
AAPL,2024-03-25,169.63185119628906,170.85000610351562,171.94000244140625,169.4499969482422,170.57000732421875,54288300,39.11065111619511,40.55125390596347,43.655565909779526,175.0183619144332,180.4771145777869,181.68410248191043,173.55144497648243,176.19293576529498,-2.641490788812547,12.0,48.0,14.0,74.0,32.84011216764463,-0.00830050413727268,39313.640625,171.84056352887833,171.92117338634674,181.62217621305095,4.208181193196083,172.9693817138672,181.38574410025936,164.55301932747503,-0.061456165850847316
AAPL,2024-03-26,168.50001525878906,169.7100067138672,171.4199981689453,169.5800018310547,170.0,57388400,37.42339351910545,39.61936801772177,43.076660858272255,174.51280427628404,180.1240946478223,181.42093554195344,172.96045447454162,175.71271879852253,-2.75226432398091,8.0,44.0,12.0,72.0,5.650887628431357,-0.006672307880377315,39282.328125,171.47547607421876,171.49551943824406,181.48800235273825,3.8275357002732937,172.3279899597168,179.98306136026338,164.67291855917023,-0.07513932951974016
AAPL,2024-03-27,172.07431030273438,173.30999755859375,173.60000610351562,170.11000061035156,170.41000366210938,60273300,45.42973343240719,43.84551034270766,45.409401297140626,174.39825125555163,179.90068162850332,181.2426731686928,173.01423033362656,175.5347394474167,-2.5205091137901547,4.0,40.0,10.0,70.0,23.122570418291495,0.02121243157429853,39760.078125,171.58138180687314,171.47135947091238,181.3898949770192,3.358857842660922,171.92538146972657,178.64309715504842,165.20766578440472,0.06317316794158173
AAPL,2024-03-28,170.25735473632812,171.47999572753906,172.22999572753906,170.50999450683594,171.75,65672700,42.45601505701648,42.28529687103619,44.46422119118402,174.12032215764566,179.62459356617663,181.02810882932678,172.77819424038233,175.23438806075913,-2.4561938203767966,0.0,36.0,8.0,68.0,-51.952406524312536,-0.010559133221046402,39807.37109375,171.4042717343285,171.3124997820173,181.27405116446576,2.8664495326669224,171.4651870727539,177.19808613808775,165.73228800742007,0.05325572378181717
AAPL,2024-04-01,168.8177032470703,170.02999877929688,171.25,169.47999572753906,171.19000244140625,46240500,40.21010381141158,41.08403063729537,43.72832154800507,173.73076755018386,179.31001668791825,180.78639212493053,172.35539493867688,174.84887774361377,-2.493482804936889,4.0,32.0,6.0,66.0,-37.141719149954255,-0.008455737442222944,39566.8515625,171.02811599004838,171.06035846528553,181.14445482168625,2.41432890674557,170.98711929321288,175.81577710670402,166.15846147972175,-0.026625850629365344
AAPL,2024-04-02,167.63616943359375,168.83999633789062,169.33999633789062,168.22999572753906,169.0800018310547,49329500,38.41405955524496,40.11412330587156,43.13052234909015,173.26497981567974,178.96673733217963,180.5238339757648,171.81456438470977,174.4037754172639,-2.589211032554118,0.0,96.0,4.0,98.0,-39.48050609679046,-0.006998873878454215,39170.23828125,170.5201424734933,170.74122038341704,181.00372229201284,2.4262063603476456,170.67635040283204,175.52876312352734,165.82393768213674,0.025666801046912633
AAPL,2024-04-03,168.44039916992188,169.64999389648438,170.67999267578125,168.5800018310547,168.7899932861328,47691700,40.366556588198094,41.095718225595206,43.66542584108349,172.92069544242304,178.661270334288,180.28484847951688,171.4815535403674,174.0516434527617,-2.570089912394309,0.0,92.0,2.0,96.0,-49.8680785936232,0.004797471446916557,39127.140625,170.1609110514323,170.5282726469494,180.87170268955515,2.4462782154731424,170.65301742553712,175.5455738564834,165.76046099459083,-0.00468709604668944
AAPL,2024-04-04,167.6163330078125,168.82000732421875,171.9199981689453,168.82000732421875,170.2899932861328,53704400,39.00208873332153,40.39219002171312,43.24018049372025,172.53015371687977,178.3386059733021,180.03287394863122,171.07208489172913,173.66411485064742,-2.592029958918289,0.0,88.0,0.0,94.0,-21.6996633507174,-0.004892330855129745,38596.98046875,169.70579906645276,170.2390646071661,180.73225540920276,2.464666017520593,170.63812561035155,175.56745764539275,165.70879357531035,-0.16691127739416248
AAPL,2024-04-05,168.3708953857422,169.5800018310547,170.38999938964844,168.9499969482422,169.58999633789062,42104800,40.96967827030323,41.3456716666316,43.751998963746004,172.2491868706107,178.05143862437595,179.80314049549767,170.84253365162536,173.36158796030722,-2.5190543086818593,0.0,84.0,0.0,92.0,-41.32969925493032,0.004501723456117546,38904.0390625,169.3908208937872,170.02313791910808,180.60107556698927,2.43286212894708,170.6669189453125,175.53264320320665,165.80119468741833,0.05079411432948877
AAPL,2024-04-08,167.24896240234375,168.4499969482422,169.1999969482422,168.24000549316406,169.02999877929688,37425500,38.957497282555444,40.350441576176635,43.16150264162705,171.88735925895656,177.73663725794532,179.55362085709643,170.47445108187412,172.99776640385795,-2.52331532198383,48.0,80.0,0.0,90.0,-50.92831762098942,-0.006663461525390435,38892.80078125,168.95499776204426,169.69761824834916,180.45945845342987,2.5397003890980936,170.55373306274413,175.6331338409403,165.47433228454796,0.000999214956975069
AAPL,2024-04-09,168.4602508544922,169.6699981689453,170.0800018310547,168.35000610351562,168.6999969482422,42373800,42.254993216861514,41.915844197170486,43.994237220189255,171.67618201228885,177.47215728781416,179.33639838043376,170.35068909526967,172.75126505312366,-2.400575957853988,44.0,76.0,0.0,88.0,-29.540817599082136,0.00724242730567437,38883.671875,168.73051234654017,169.4982389904204,180.3306243577644,2.5704408268312915,170.400830078125,175.5417117317876,165.25994842446244,0.03686435508175266
AAPL,2024-04-10,166.583740234375,167.77999877929688,169.08999633789062,167.11000061035156,168.8000030517578,49709300,38.76164210641493,40.22010244637027,42.998388063856424,171.30511694248008,177.15438159901032,179.08241157601316,169.95519827742768,172.3830231069143,-2.4278248294866103,40.0,96.0,0.0,98.0,-16.909372941927675,-0.01113918927817592,38461.51171875,168.31643807547434,169.13470662434895,180.18393822133837,2.6764208112002827,170.1302734375,175.48311505990057,164.77743181509942,-0.001031149200446438
AAPL,2024-04-11,173.79197692871094,175.0399932861328,175.4600067138672,168.16000366210938,168.33999633789062,91070300,54.367861804752174,48.517031154225485,47.64373703099266,171.6608194513994,177.08505739203073,178.9935672179938,170.73747443261308,172.5798357127823,-1.8423612801692286,36.0,92.0,10.0,96.0,73.50458289117468,0.04327094999904735,38459.078125,168.96643691289992,169.48344029017858,180.1098731546734,2.797623924595056,170.32437896728516,175.91962681647527,164.72913111809504,0.16286095027970093
AAPL,2024-04-12,175.2912139892578,176.5500030517578,178.36000061035156,174.2100067138672,174.25999450683594,101670900,56.831983902863065,50.013442385007444,48.5338962482494,172.12645598476684,177.06751462677587,178.93986251104357,171.6317096047892,172.87392218233606,-1.2422125775468658,32.0,88.0,8.0,94.0,39.44043284165484,0.008626618368935635,37983.23828125,169.78163088843937,169.95647219703312,180.0511951989321,2.9971550030208256,170.50061416625977,176.4949241723014,164.50630416021812,0.24727064328014373
AAPL,2024-04-15,171.45870971679688,172.69000244140625,176.6300048828125,172.5,175.36000061035156,73531800,49.4768517024687,46.43541765874426,46.4728641538254,172.18012707587533,176.92398963709164,178.80250294907353,171.79452388734566,172.86029849782275,-1.0657746104770922,28.0,84.0,6.0,92.0,-39.60561038892772,-0.02186364156674614,37735.109375,170.04544764927456,170.04771939232236,179.95491488556362,2.9982791584176915,170.50408782958985,176.50064614642523,164.50752951275447,0.17250079836251217
AAPL,2024-04-16,168.17233276367188,169.3800048828125,173.75999450683594,168.27000427246094,171.75,73711200,44.19495640297995,43.65795051683786,44.807907566837095,171.9134487717741,176.67664587465626,178.59541507948538,171.42305942510978,172.60249897078495,-1.1794395456751658,24.0,80.0,4.0,90.0,-2.503829152348679,-0.019167162511331104,37798.96875,169.85368216378347,169.82564748128254,179.82671553958116,3.003531820356579,170.28863525390625,176.29569889461942,164.28157161319308,0.08338575897962965
AAPL,2024-04-17,166.8021697998047,168.0,170.64999389648438,168.0,169.61000061035156,50901200,42.173488771373876,42.55736592507258,44.13521368073268,171.54073936493847,176.39216568204455,178.36254881400217,170.89643489816982,172.26157312109717,-1.3651382229273565,20.0,76.0,2.0,88.0,-7.813065967342327,-0.008147374430445997,37753.30859375,169.4823490687779,169.4936031523205,179.68584419668016,2.8997791164176965,169.88751525878905,175.68707349162443,164.08795702595367,0.0069853176269103635
AAPL,2024-04-18,165.84901428222656,167.0399932861328,168.63999938964844,166.5500030517578,168.02999877929688,43122900,40.77622834221159,41.79722632819261,43.6698314480251,171.1120968812427,176.0855370788999,178.11370143976328,170.30313618862567,171.87478942961832,-1.5716532409926458,16.0,96.0,0.0,98.0,-19.28042363696603,-0.00571428728248613,37775.37890625,169.03413943336125,169.1089840116955,179.5367338584786,2.439040994299148,169.3101608276367,174.188242816235,164.4320788390384,0.02224334064564056
AAPL,2024-04-19,163.8235626220703,165.0,166.39999389648438,164.0800018310547,166.2100067138672,68149400,37.90248292771236,40.21433222323861,42.69367342133459,170.52999241636246,175.72207684680484,177.82548822130695,169.48726908268327,171.3655457681651,-1.8782766854818362,12.0,96.0,2.0,98.0,-35.817888837299975,-0.012212624047976073,37986.3984375,168.35785377139138,168.58645084926061,179.36868803565181,2.7186492174791903,168.99393157958986,174.43123001454825,163.55663314463146,-0.01493921132426923
AAPL,2024-04-22,164.65756225585938,165.83999633789062,167.25999450683594,164.77000427246094,165.52000427246094,48116400,39.784309388531334,41.165753456077425,43.22688459570237,170.08332612317466,175.3980742071683,177.5620708172758,168.926150198869,170.956245810367,-2.030095611497984,8.0,92.0,0.0,96.0,-32.38289434669148,0.005090840538690022,38239.98046875,167.84033130464098,168.1734632946196,179.21020415196963,2.8373042838457296,168.67422637939453,174.34883494708598,162.99961781170308,0.011942584565712885
AAPL,2024-04-23,165.70999145507812,166.89999389648438,167.0500030517578,164.9199981689453,165.35000610351562,49537800,42.16607865912189,42.36601448160338,43.8990372826708,169.78015162539464,175.11944862321144,177.3277394563793,168.614433844656,170.65578270563495,-2.0413488609789567,4.0,88.0,0.0,94.0,-8.750504252297455,0.006391623833124527,38503.69140625,167.49150041852678,167.89115520658947,179.06343775962716,2.902414698765359,168.47813339233397,174.28296278986468,162.67330399480326,0.028504922754774363
AAPL,2024-04-24,167.81491088867188,169.02000427246094,169.3000030517578,166.2100067138672,166.5399932861328,48251800,46.70645544411747,44.70572709149579,45.2225958787119,169.70775663940094,174.91946684121962,177.14515186991957,168.67682929508751,170.53461393280725,-1.8577846377197318,0.0,84.0,0.0,92.0,-15.92063901415617,0.012702429196397302,38460.921875,167.44932933989026,167.82799115862164,178.93875343968026,2.9061833124162,168.44387817382812,174.25624479866053,162.63151154899572,0.12527886485400255
AAPL,2024-04-25,168.67869567871094,169.88999938964844,170.61000061035156,168.14999389648438,169.52999877929688,50558300,48.49346290148866,45.64477872533485,45.758452900715994,169.72511309180547,174.75456626903696,176.98569796925426,168.86347084809688,170.48686470738807,-1.623393859291184,60.0,80.0,0.0,90.0,-16.118248046813434,0.005147246960742979,38085.80078125,167.5204383486793,167.85035473051525,178.82359502384318,2.7793478915804544,168.27409744262695,173.83279322578787,162.71540165946604,-0.05967767499141077
AAPL,2024-04-26,168.09291076660156,169.3000030517578,171.33999633789062,169.17999267578125,169.8800048828125,44838400,47.334298549450175,45.106048919897255,45.45077568865887,169.68462642132474,174.5757281307655,176.81678159744115,168.9306296486601,170.39894902919323,-1.4683193805331314,56.0,76.0,10.0,88.0,-31.72444562200123,-0.003472785402758527,38239.66015625,167.51051127115886,167.83309885660807,178.703469881276,2.7399192994249737,168.16587524414064,173.64571384299057,162.6860366452907,-0.16270320082390155
AAPL,2024-04-29,172.262939453125,173.5,176.02999877929688,173.10000610351562,173.3699951171875,68169400,55.490692605567595,49.50569204499656,47.99102911010113,170.0479953335795,174.5404583559863,176.74388529859627,169.63360970271242,170.62865650851225,-0.9950468057998307,52.0,72.0,8.0,86.0,47.42357889728701,0.0248078795679465,38386.08984375,168.04855041503907,168.2232954479399,178.62581183514192,2.8873915595151716,168.33813705444337,174.1129201734737,162.56335393541303,-0.06904047836168366
AAPL,2024-04-30,169.11557006835938,170.3300018310547,174.99000549316406,170.0,173.3300018310547,65934800,49.2864189183712,46.58337804487183,46.32942346433084,170.0748530952438,174.4024106010705,176.60292082678217,169.74074695322662,170.60653393981167,-0.86578698658505,48.0,68.0,6.0,84.0,33.66200752085466,-0.018270728426888705,37815.921875,168.13072422572546,168.29733668736048,178.51764137457852,2.8874117218652113,168.41210708618163,174.18693052991205,162.63728364245122,-0.0933731220530711
AAPL,2024-05-01,168.09291076660156,169.3000030517578,172.7100067138672,169.11000061035156,169.5800018310547,50383100,47.43075723429931,45.67487449319573,45.80361827972712,170.00105785300704,174.23511855027337,176.44241713941898,169.6729401991545,170.5097538740299,-0.8368136748754011,44.0,64.0,4.0,82.0,5.643329971462539,-0.006047103181241353,37903.2890625,168.05243079775855,168.2669370378767,178.40026386014264,2.888277860764245,168.3947326660156,174.1712883875441,162.61817694448712,-0.043171150624147225
AAPL,2024-05-02,171.79629516601562,173.02999877929688,173.4199981689453,170.88999938964844,172.50999450683594,94214900,54.16138437768327,49.38220226007976,47.98503203743544,170.2895284174156,174.19560642663478,176.367418933702,170.18941074994564,170.6964386818275,-0.5070279318818507,40.0,60.0,2.0,80.0,75.4323668079338,0.02203177030205783,38225.66015625,168.52219877697172,168.59089537121,178.3209178488053,2.978801845408319,168.60373077392578,174.5613344647424,162.64612708310915,0.01010429675849056
AAPL,2024-05-03,182.072509765625,183.3800048828125,187.0,182.66000366210932,186.6499938964844,163224100,66.846031449597,57.690735485947435,53.30651130933321,171.5362404617391,174.4967342448701,176.5215417018143,172.21873292423285,171.63596210412265,0.5827708201101984,96.0,56.0,98.0,78.0,287.6615017765195,0.059816275954489795,38675.6796875,170.39541364397323,169.87363622756232,178.3448075950205,4.233693370969621,169.28881149291993,177.75619823485917,160.8214247509807,-0.057616827582645136
AAPL,2024-05-06,180.4144287109375,181.7100067138672,184.1999969482422,180.4199981689453,182.3500061035156,78569700,63.779244940852955,56.14858487907297,52.42347939936302,172.50517058098941,174.73323498155852,176.6355738998814,173.6789288918689,172.3821876307704,1.2967412610985036,92.0,52.0,96.0,76.0,109.936273396481,-0.009106707304808892,38852.26953125,171.94646722702754,170.93321881975447,178.35274004124884,4.874805964515492,169.94708480834962,179.6966967373806,160.19747287931864,-0.08528521199270843
AAPL,2024-05-07,181.0994873046875,182.3999938964844,184.8999938964844,181.32000732421875,183.4499969482422,77305800,64.5038409239994,56.64514821286984,52.75344009876709,173.44753470627464,174.9846041263102,176.76226444925726,175.0206312002713,173.1242473541566,1.896383846114702,88.0,48.0,94.0,74.0,82.43773274995398,0.0037971386138277996,38884.26171875,173.47227056594122,171.99535239083426,178.3680155732264,5.456472843637056,170.57904663085938,181.4919923181335,159.66610094358526,-0.15929386355738612
AAPL,2024-05-08,181.4370574951172,182.7400054931641,183.07000732421875,181.4499969482422,182.8500061035156,45057100,64.87670855503777,56.89458100216174,52.917626875427416,174.33253192407363,175.2388795809611,176.89364337329917,176.20822724533176,173.83652573482382,2.3717015105079327,84.0,44.0,92.0,72.0,-9.358812133745596,0.0018640041198003665,39056.390625,174.90691833496095,173.0294486636207,178.38708396190435,5.878559154910079,171.32171249389648,183.07883080371664,159.56459418407633,-0.24757679119025355
AAPL,2024-05-09,183.2540435791016,184.57000732421875,184.66000366210932,182.1100006103516,182.5599975585937,48983000,66.89261510135042,58.23580624589544,53.799440204239666,175.3075295812303,175.54481819549414,177.06235466892377,177.4946549497759,174.63159844514936,2.8630565046265417,80.0,40.0,90.0,70.0,-46.214078574463905,0.010014415517256126,39387.76171875,176.4353733607701,174.16586114792597,178.42468882166924,6.44161421622181,171.79481582641603,184.67804425885964,158.9115873939724,-0.19544804853511863
AAPL,2024-05-10,181.99136352539065,183.0500030517578,185.08999633789065,182.1300048828125,184.8999938964844,50759500,64.13765893087316,56.95858818812985,53.094289777182205,176.04490800699483,175.79088983012574,177.19395133667837,178.34932388854236,175.2551839715648,3.0941399169775536,76.0,36.0,88.0,68.0,-50.07470180749851,-0.006890325741521264,39512.83984375,177.61041884649367,175.1369609287807,178.4501391176442,6.797420815728963,172.12982330322265,185.7246649346806,158.5349816717647,-0.2293176748159789
AAPL,2024-05-13,185.20269775390625,186.27999877929688,187.1000061035156,184.6199951171875,185.44000244140625,72044800,67.7729105416923,59.312152797971684,54.63730076167687,177.01967855673786,176.13479504157397,177.3936446870656,179.56942771788923,176.0718369202857,3.4975907976035217,96.0,32.0,98.0,66.0,-2.0222543171797778,0.01764553089942411,39431.51171875,179.04855840773808,176.38199659075056,178.50805852330146,7.3945159543202745,172.81702270507813,187.60605461371867,158.0279907964376,-0.21060652613025466
AAPL,2024-05-14,186.34603881835932,187.42999267578125,188.3000030517578,186.2899932861328,187.509994506836,52393600,68.9785913039838,60.11736077280851,55.17303189507527,178.01113704426578,176.5051293902365,177.61422376374065,180.77874540371877,176.91318179106315,3.8655636126556203,96.0,28.0,98.0,64.0,-28.920435429079976,0.006173457937272087,39558.109375,180.45349862234934,177.67047431582498,178.5776472465553,7.893519695656949,173.7257080078125,189.5127473991264,157.9386686164986,-0.13276643544472552
AAPL,2024-05-15,188.622802734375,189.72000122070312,190.6499938964844,187.3699951171875,187.91000366210932,70400000,71.28259573447151,61.6832758060982,56.223552639836335,179.12626696583123,176.9384038764813,177.88028480675084,182.15432322171637,177.8618350821476,4.292488139568775,96.0,24.0,98.0,62.0,38.3071518942579,0.012217935677371505,39908.0,181.9855204264323,179.08924524216425,178.6702546593206,8.379255272208772,174.816739654541,191.57525019895854,158.05822911012348,-0.06247773778144286
AAPL,2024-05-16,188.7420959472656,189.83999633789065,191.1000061035156,189.66000366210932,190.47000122070312,52845200,71.40244437908441,61.76484743482758,56.27833410304166,180.1466221441226,177.3614069080029,178.14313560963302,183.33673447035858,178.7491062862767,4.587628184081865,96.0,20.0,98.0,60.0,22.54556163894358,0.0006324432208686392,39869.37890625,183.34350411551338,180.41546965099516,178.76433062501215,8.649056077307844,175.96139373779297,193.25950589240867,158.66328158317728,-0.10591958119969214
AAPL,2024-05-17,188.77194213867188,189.8699951171875,190.8099975585937,189.17999267578125,189.509994506836,41282900,71.43456520114796,61.78595514982117,56.292297728742184,181.07265766536688,177.77152455420566,178.40086878562323,184.34185149294765,179.57287582930712,4.768975663640532,92.0,16.0,96.0,58.0,-39.42294429591456,0.00015813213929027903,40003.58984375,184.5088083902995,181.6355218796503,178.8589378607451,8.605320794815935,177.20881271362305,194.41945430325492,159.99817112399117,0.026056187004079176
AAPL,2024-05-20,189.93516540527344,191.0399932861328,191.9199981689453,189.009994506836,189.3300018310547,44361300,72.72059625498083,62.61999382635797,56.840481498843644,182.02192772448743,178.2065563159082,178.67865174167838,185.37233484574537,180.42229193722014,4.9500429085252335,96.0,12.0,98.0,56.0,-7.804199815447539,0.006162055935977184,39806.76953125,185.67198050362722,182.8475554693313,178.9652031825431,8.520741496588268,178.47269287109376,195.5141758642703,161.4312098779172,0.12305771884427971
AAPL,2024-05-21,191.2375946044922,192.3500061035156,192.72999572753903,190.9199981689453,191.08999633789065,42309400,74.12522921544661,63.543880974842324,57.450201820313914,183.00555423677582,178.67027598107563,178.97912106831217,186.44582273155618,181.30582631990868,5.139996411647502,96.0,8.0,98.0,54.0,-14.591685541142319,0.006857230447240736,39872.98828125,186.8105279831659,184.06326039632162,179.08438447639125,8.419685330047114,179.74907302856445,196.58844368865869,162.90970236847022,0.23446450403291602
AAPL,2024-05-22,189.7959747314453,190.8999938964844,192.82000732421875,190.2700042724609,192.2700042724609,34648500,69.83870316212953,61.79083021553566,56.54792190674855,183.75740563293857,179.0712503389579,179.24111827332695,187.13107983385282,182.01650539965502,5.114574434197806,96.0,4.0,98.0,52.0,-28.192316141573993,-0.007538370664138316,39671.0390625,187.53643391927082,185.02010817754837,179.18866129709122,8.211957166378616,180.84812622070314,197.27204055346036,164.42421188794592,0.17188794040163877
AAPL,2024-05-23,185.7992401123047,186.8800048828125,191.0,186.6300048828125,190.97999572753903,51005900,59.55606307844473,57.24990504935833,54.142366093455955,184.05479603768848,179.32727507810068,179.40900589111786,187.09245291830817,182.37676462062964,4.7156882976785255,92.0,0.0,96.0,50.0,0.8853145774284341,-0.02105805786869752,39065.26171875,187.55801638648623,185.49164283389138,179.25252684559987,7.756326472161842,181.70415344238282,197.2168063867065,166.19150049805913,-0.08058182489952068
AAPL,2024-05-24,188.8812866210937,189.97999572753903,190.5800018310547,188.0399932861328,188.82000732421875,36327000,63.96244688907004,59.622831707489446,55.627681579655,184.61910077005518,179.67654460759047,179.64133533807217,187.53669027357446,182.93996692484515,4.596723348729313,88.0,0.0,94.0,48.0,-18.982390094204966,0.016588046899040476,39069.58984375,187.95504571823847,186.17517932710194,179.34666233954738,7.209967119659965,182.74357223510742,197.16350647442735,168.3236379957875,0.038368299818320864
AAPL,2024-05-28,188.8912353515625,189.9900054931641,193.0,189.1000061035156,191.509994506836,52280100,63.97609061228907,59.63033281076715,55.63241500201056,185.1306155055894,180.01469086613386,179.86877863818407,187.91412338428057,183.46219200397988,4.451931380300692,96.0,0.0,98.0,46.0,-23.30855193092502,5.267186944135638e-05,38852.859375,188.27276480538504,186.7606710524786,179.44026709029924,6.889404444978647,183.5749870300293,197.3537959199866,169.796178140072,-0.05295038646147177
AAPL,2024-05-29,189.18951416015625,190.2899932861328,192.25,189.509994506836,189.6100006103516,53068000,64.41113261542313,59.86217481680556,55.776740327852934,185.6219848180221,180.3515860274453,180.09781632275437,188.27964183071936,183.96795506191714,4.311686768802218,92.0,0.0,96.0,44.0,-19.51442940601928,0.0015791034879866217,38441.5390625,188.55604727608818,187.2953879220145,179.53619873502362,6.087580078266417,184.57868423461915,196.75384439115197,172.40352407808632,-0.023555919474968743
AAPL,2024-05-30,190.1837158203125,191.2899932861328,192.17999267578125,190.6300048828125,190.759994506836,49889100,65.88977026595387,60.64344347354458,56.26066188842504,186.16179514831833,180.71022233100885,180.3437982340374,188.7427728238599,184.5103282637109,4.232444560148991,88.0,0.0,94.0,42.0,-0.9804875047386922,0.005255056891338095,38111.48046875,188.89805704752604,187.8292004539853,179.64136999481352,4.808706258983725,185.6832244873047,195.30063700527214,176.06581196933726,-0.07547221869010139
AAPL,2024-05-31,191.1381683349609,192.25,192.57000732421875,189.91000366210932,191.44000244140625,75158300,67.2946244830918,61.39161691537334,56.72455669785928,186.7416241818118,181.08857569720527,180.60547299812447,189.28234623557375,185.08363728121378,4.198708954359972,84.0,12.0,92.0,40.0,-20.22673695986516,0.005018581693661872,38686.3203125,189.30133027576264,188.34871891566686,179.75541817204868,3.68177349528462,186.65031814575195,194.0138651363212,179.28677115518272,-0.018004910742398524
AAPL,2024-06-03,192.9078521728516,194.02999877929688,194.9900054931641,192.5200042724609,192.8999938964844,50080500,69.77986833822712,62.753096077334554,57.575843316720025,187.43575509585798,181.51288465071647,180.9005175207876,190.01275431922346,185.74633072551623,4.266423593707231,96.0,8.0,98.0,38.0,-69.31794998410162,0.009258662742803958,38571.03125,189.85344892229352,188.94467453729538,179.88630850644847,3.7688741556547636,187.19208526611328,194.7298335774228,179.65433695480377,0.010545210404824368
AAPL,2024-06-04,193.2260284423828,194.3500061035156,195.32000732421875,193.02999877929688,194.63999938964844,47471400,70.21805555351015,62.99639477937475,57.728399214250594,188.09425519182537,181.9337738786771,181.19611067645192,190.6800238244992,186.38364001277543,4.296383811723757,96.0,4.0,98.0,36.0,-39.58052531701152,0.0016493691985441927,38711.2890625,190.374608648391,189.5193357921782,180.01946673644716,3.6429370966489643,187.83266525268556,195.1185394459835,180.54679105938763,-0.06361574198119604
AAPL,2024-06-05,194.7372283935547,195.8699951171875,196.8999938964844,194.8699951171875,195.3999938964844,54156800,72.27434388496297,64.14981980173742,58.45248317121863,188.83480185138367,182.39069916518562,181.51861363119335,191.47848094645124,187.08633298347263,4.392147962978612,96.0,0.0,98.0,34.0,-29.944713074568792,0.007820892264638557,38807.328125,191.0317379906064,190.17691323416574,180.16662129264566,3.592292413510802,188.5145523071289,195.6991371341505,181.32996748010729,-0.09225090173229922
AAPL,2024-06-06,193.3552703857422,194.47999572753903,196.5,194.1699981689453,195.69000244140625,41181800,67.6728085424572,62.30796215980202,57.53287431999162,189.37243936339848,182.78706954427915,181.80347917177238,191.94025245123396,187.63401170525532,4.306240745978641,92.0,0.0,96.0,32.0,-8.60086423671297,-0.007096527044226142,38886.171875,191.44637363978794,190.6379340035575,180.29893349263205,3.335819631597135,189.11046295166017,195.78210221485443,182.4388236884659,-0.0870534193759419
AAPL,2024-06-07,195.7513427734375,196.88999938964844,196.94000244140625,194.13999938964844,194.6499938964844,53103900,71.1075407651167,64.15829005114915,58.682903818467196,190.0883974611366,183.24946068675027,182.13505104469274,192.7017519802208,188.31964042261777,4.382111557603025,96.0,4.0,98.0,30.0,8.412918767735746,0.012392071769831592,38798.98828125,192.1365506126767,191.27039874848865,180.45413094515825,3.351517113336831,189.73532791137694,196.4383621380506,183.0322936847033,0.1580402202425008
AAPL,2024-06-10,192.0031280517578,193.1199951171875,197.3000030517578,192.1499938964844,196.8999938964844,97010200,60.3121381238477,59.42576771081154,56.25133052829782,190.37712104742718,183.57308476643675,182.3764783869454,192.7660970782157,188.67522225184516,4.090874826370538,96.0,0.0,98.0,28.0,91.11732779085688,-0.019147836579684996,38868.0390625,192.260495140439,191.4863797142392,180.57102574059027,2.843115728595184,190.2359161376953,195.92214759488567,184.54968468050495,-0.03366714650945445
AAPL,2024-06-11,205.95199584960932,207.1499938964844,207.16000366210932,193.6300048828125,193.6499938964844,172373300,75.32534469172727,68.41672310937726,62.199244382835644,191.97453750924217,184.34609818053667,182.92095125528692,194.97900428102625,190.04372385515177,4.935280425874481,96.0,0.0,98.0,26.0,139.258489162299,0.07264916951817235,38747.421875,194.22459382556733,192.98314921061197,180.82608638554663,4.314711916446789,191.27338104248048,199.90280487537404,182.64395720958692,0.3749665769696764
AAPL,2024-06-12,211.83778381347656,213.07000732421875,220.1999969482422,206.8999938964844,207.3699951171875,198134300,78.94467375560832,71.20849435797533,64.28966337867685,193.9836298725733,185.28786569344427,183.58356787218653,197.7622355184405,191.74937448249008,6.012861035950408,96.0,0.0,98.0,24.0,278.1650812312954,0.028578445863497226,38712.2109375,196.83332708449592,194.94166376023065,181.13815572330608,6.155196975367866,192.54796829223633,204.85836224297208,180.2375743415006,0.39700717235796723
AAPL,2024-06-13,213.00100708007807,214.2400054931641,216.75,211.6000061035156,214.7400054931641,97862700,79.58210179176086,71.7208154773651,64.68352404844684,195.91280850310574,186.237116178681,184.25733573198823,200.29727705301335,193.41534714994742,6.881929903065924,92.0,0.0,96.0,22.0,39.009517045454544,0.005491103832665267,38647.1015625,199.3872347877139,196.88957221621558,181.46006010444603,7.584775522995066,193.7668785095215,208.9364295555116,178.59732746353137,0.34944913758812307
AAPL,2024-06-14,211.2611083984375,212.4900054931641,215.1699981689453,211.3000030517578,213.8500061035156,70122700,75.8816762956496,69.79438425472206,63.612677721644324,197.49158916882558,187.0978666480083,184.8778339684976,202.17308142842114,194.8282848050005,7.344796623420649,88.0,0.0,94.0,20.0,32.69454936304527,-0.008168499790174422,38589.16015625,201.45009155273436,198.5556893484933,181.76293271572436,8.42456282941911,194.89282913208007,211.74195479091827,178.04370347324186,0.3004538998421623
AAPL,2024-06-17,215.4169464111328,216.6699981689453,218.9499969482422,212.72000122070312,213.3699951171875,93728300,78.45821824074238,71.67868664100875,65.02395626351672,199.31810431169413,188.06744473066198,185.57656285202393,204.4033763115787,196.44618949862604,7.957186812952671,84.0,0.0,92.0,18.0,127.03904037749285,0.019671571564688684,38778.1015625,203.85391889299666,200.51036718459358,182.1057177908978,9.450057750684143,196.22507934570314,215.1251948470714,177.32496384433486,0.3188076932499239
AAPL,2024-06-18,213.05067443847656,214.2899932861328,218.6300048828125,213.0,217.58999633789065,79943300,73.63470598571284,69.13218758074363,63.59098279061627,200.7439984997359,188.92720042100527,186.20762725716915,205.92439430766396,197.76795274214507,8.15644156551889,80.0,0.0,90.0,16.0,80.20955201944037,-0.010984613848068037,38834.859375,205.68961748395648,202.11280481247675,182.42348587415705,10.03569821159181,197.38085479736327,217.45225122054688,177.30945837417966,0.250916556903558
AAPL,2024-06-20,208.4673767089844,209.67999267578125,214.2400054931641,208.8500061035156,213.92999267578125,86172500,65.26511651838126,64.52744232042033,60.93679466697477,201.59504556412116,189.60761983919463,186.72350342021556,206.5021786719897,198.65032607056256,7.85185260142714,76.0,24.0,88.0,14.0,103.67223359348041,-0.021512711666236473,39134.76171875,206.6869605654762,203.16866404215494,182.69430557099147,10.218449738276364,198.2423439025879,218.67924337914062,177.80544442603517,0.16314311770404513
AAPL,2024-06-21,206.29005432128903,207.4900054931641,211.88999938964844,207.1100006103516,210.38999938964844,241805100,61.67850148507102,62.477288630145765,59.72832680290939,202.15647031926812,190.19392756555428,187.17991005918145,206.65415202909344,199.30511713890343,7.349034890190012,72.0,20.0,86.0,12.0,400.0,-0.010444427430651992,39150.328125,207.21986389160156,203.9351126534598,182.94242329915366,10.166351474484129,199.0670478820801,219.39975083104835,178.73434493311183,0.1313994253905966
AAPL,2024-06-24,206.936264038086,208.13999938964844,212.6999969482422,206.58999633789065,207.72000122070312,80727000,62.33998580727422,62.840663535385055,59.968751625283424,202.7263302307329,190.78232336306556,187.64057136314776,206.88274393071728,199.95955286118084,6.923191069536443,68.0,16.0,84.0,10.0,58.26992563605386,0.00313252967489408,39411.2109375,207.6946248372396,204.68456181117466,183.19605405209668,9.806792744195358,200.12389907836913,219.73748456675986,180.5103135899784,0.09878532181280825
AAPL,2024-06-25,207.8608856201172,209.07000732421875,211.3800048828125,208.6100006103516,209.1499938964844,55549700,63.31572169203716,63.36706518480487,60.314670363791606,203.33048995392204,191.38191955851318,188.1115479776768,207.21924599125597,200.63440133992438,6.5848446513315935,64.0,12.0,82.0,8.0,52.91573760563768,0.004468146684338592,39112.16015625,208.15906473795573,205.42141767229353,183.45760141477064,9.577231392045833,201.0728790283203,220.22734181241196,181.91841624422864,0.1577296309662939
AAPL,2024-06-26,212.01670837402344,213.25,214.8600006103516,210.63999938964844,211.5,66213200,67.40360963024561,65.63608939154582,61.82750820694669,204.27520519640564,192.09890580249635,188.66404142871687,208.14705430029352,201.56889012955963,6.578164170733885,60.0,8.0,80.0,6.0,26.650867155954177,0.019993288980310497,39127.80078125,209.0382347470238,206.46368713378905,183.75890705393323,9.42387629641839,202.22915267944336,221.07690527228013,183.3814000866066,-0.021235348440907086
AAPL,2024-06-27,212.86183166503903,214.1000061035156,215.7400054931641,212.3500061035156,214.69000244140625,49772700,68.18015144818132,66.07917852415372,62.12709864146412,205.2109005208923,192.82025335334941,189.2230736193718,209.06289303925075,202.49712094244526,6.565772096805489,56.0,4.0,78.0,4.0,-6.20958016130248,0.0039861164598626875,39164.05859375,209.86552138555618,207.4763232276553,184.06685247544627,9.18345825082477,203.4127685546875,221.77968505633703,185.04585205303795,-0.15797181970232813
AAPL,2024-06-28,209.40191650390625,210.6199951171875,216.07000732421875,210.3000030517578,215.7700042724609,82542700,61.69965690338467,62.649557206710995,60.154824855171086,205.72605238720612,193.40385144396706,189.6933356303128,209.30244720508716,203.0988153257595,6.2036318793276735,52.0,0.0,76.0,2.0,65.45237336412161,-0.016254276936681356,39118.859375,210.04570922851562,208.04671827043805,184.3386175650981,8.720143946425386,204.3736785888672,221.81396648171796,186.93339069601643,-0.25249143435774546
AAPL,2024-07-01,215.49647521972656,216.75,217.509994506836,211.9199981689453,212.08999633789065,60402900,67.55051420418718,65.88407652300015,62.30568759267151,206.77595215985315,194.16929893760746,190.28798759448173,210.44822455815066,204.11001419051803,6.338210367632627,48.0,0.0,74.0,0.0,-19.632429152868013,0.02910459855178371,39169.51953125,210.9084994361514,209.10603223528182,184.66929308990933,8.47177610153667,205.59159393310546,222.5351461361788,188.6480417300321,-0.12309509883338272
AAPL,2024-07-02,218.99612426757807,220.2700042724609,220.3800048828125,215.1000061035156,216.1499938964844,58046200,70.3513560643128,67.55712975835202,63.461387711941455,208.06109998010152,195.02505976825842,190.94693301597576,211.95926759112146,205.30705049288417,6.652217098237287,96.0,0.0,98.0,0.0,15.905791675402604,0.016239936380783693,39331.8515625,212.01416335332962,210.38265417189825,185.0326528687738,8.424347694189617,206.8960075378418,223.74470292622104,190.04731214946256,-0.10872626086132355
AAPL,2024-07-03,220.2687225341797,221.5500030517578,221.5500030517578,219.02999877929688,220.0,37369800,71.32074951791535,68.14621051243223,63.87239475534497,209.34575741549736,195.89473003984855,191.6195279618171,213.43476535429627,206.51023216391187,6.924533190384409,96.0,0.0,98.0,0.0,-21.279338717627876,0.0058110538296409775,39308.0,213.1652772449312,211.6562460763114,185.40643846198694,8.283842421737054,208.24814224243164,224.81582708590574,191.68045739895754,-0.01025688843302901
AAPL,2024-07-05,225.030990600586,226.33999633789065,226.4499969482422,221.6499938964844,221.6499938964844,60412400,74.65972863948278,70.24303002397478,65.36027535606154,210.96425636048718,196.89293549224337,192.38261517887366,215.4201855056185,207.9791035842066,7.441081921411893,96.0,4.0,98.0,0.0,11.550904041597732,0.02162026460959443,39375.87109375,214.8710655575707,213.25461258661178,185.82527367283456,8.45126108510461,209.7628303527832,226.6653525229924,192.860308182574,0.1872657457642765
AAPL,2024-07-08,226.50247192382807,227.82000732421875,227.8500061035156,223.25,227.08999633789065,59085900,75.60482364463535,70.85772349659892,65.8043082466979,212.56956597608067,197.90693784739008,193.16145896228784,217.32785040078775,209.44880015754083,7.8790502432469225,96.0,0.0,98.0,0.0,43.47575870894424,0.006539016334216052,39344.7890625,216.65848010835194,214.84886416480654,186.2563232611661,8.313347517564624,211.4201904296875,228.04688546481674,194.79349539455825,0.26859115878007966
AAPL,2024-07-09,227.35748291015625,228.67999267578125,229.3999938964844,226.3699951171875,227.92999267578125,48076100,76.16117691039297,71.21601134386265,66.06224585817948,214.10389232843312,198.91589046471438,193.94208607687008,219.07433382770984,210.87333293666975,8.201000891040081,96.0,20.0,98.0,6.0,-9.467854526692014,0.003774841744842883,39291.96875,218.41474028087796,216.3667015438988,186.69343418026446,8.181044496512104,213.00049743652343,229.36258642954763,196.63840844349923,0.2961647265071233
AAPL,2024-07-10,231.6326141357422,232.97999572753903,233.0800018310547,229.25,229.3000030517578,62627700,78.76847297263122,72.94102286793381,67.3199477151131,215.9016164616813,200.0327463749709,194.80006211314853,221.21366642768356,212.51086351377117,8.702802913912393,96.0,16.0,98.0,4.0,-35.44214938222991,0.01880356507674441,39721.359375,220.62729855492,218.1411888485863,187.17041855769372,7.606789679287215,214.98197174072266,230.1955510992971,199.76839238214822,0.37624941711302495
AAPL,2024-07-11,226.25390625,227.57000732421875,232.38999938964844,225.7700042724609,231.38999938964844,64710600,68.6023018003277,67.65122059906238,64.26252947596684,217.01289178192297,200.93560738970035,195.520280689216,222.19156502715052,213.6263556478784,8.565209379272119,92.0,12.0,96.0,2.0,-62.459035128990394,-0.023220857329659728,39753.75,221.9457249232701,219.21470642089844,187.59092874024046,7.6924754757845255,215.9970672607422,231.38201821231124,200.61211630917316,0.23376675720727885
AAPL,2024-07-12,229.2067108154297,230.5399932861328,232.63999938964844,228.67999267578125,228.9199981689453,53046500,70.82822071085995,68.93386374349245,65.14918453393324,218.30118716327627,201.90624299286208,196.28994470233505,223.4759386054555,214.87921769515648,8.596720910299013,88.0,8.0,94.0,0.0,-73.22699805132176,0.013050844577096488,40000.8984375,223.48846304757254,220.47276771182106,188.03817531832416,8.164172252343022,216.86551361083986,233.1938581155259,200.5371691061538,0.2789133224774796
AAPL,2024-07-15,233.04440307617188,234.3999938964844,237.22999572753903,233.08999633789065,236.47999572753903,62631300,73.4615612464702,70.5098576179611,66.25936480918905,219.83440685215325,202.97161187494805,197.12752820110754,225.15656249638303,216.3252011174771,8.831361378905939,96.0,4.0,98.0,0.0,-36.00084608333921,0.016743367797082076,40211.71875,225.32463960193454,222.01361432756696,188.5208797967256,8.864938715627968,217.86768341064453,235.59756084190047,200.1378059793886,0.35835070308370315
AAPL,2024-07-16,233.4619903564453,234.82000732421875,236.2700042724609,232.3300018310547,235.0,43234300,73.73934792167567,70.67771347431648,66.37828387228797,221.26160689711188,204.0158215618094,197.9559343356814,226.64324631605007,217.69518676242092,8.94805955362915,92.0,0.0,96.0,2.0,-38.34478706609985,0.0017918786066573045,40954.48046875,226.9678455171131,223.49878641764323,189.0046173611921,9.369736411355174,218.97772750854492,237.71720033125527,200.23825468583456,0.2588956884293623
AAPL,2024-07-17,227.5563201904297,228.8800048828125,231.4600067138672,226.63999938964844,229.4499969482422,57345900,63.60020660990715,65.23221144878102,63.165552779545386,221.98716861003575,204.83104068708818,198.63558423781615,226.9873630186289,218.52369180837584,8.463671210253068,88.0,0.0,94.0,0.0,-38.816878146728364,-0.025296067068557804,41198.078125,227.5798086983817,224.3157952444894,189.42637387176057,9.51893436798345,219.58469619750977,238.62256493347667,200.54682746154288,0.1507340715270662
AAPL,2024-07-18,222.88348388671875,224.17999267578125,230.44000244140625,222.2700042724609,230.27999877929688,66034600,56.93000215217421,61.35339121598926,60.78999410610539,222.1960089972496,205.46543255556992,199.19699980788133,226.55545988896003,218.94267705781328,7.612782831146745,84.0,28.0,92.0,0.0,-17.39820597848725,-0.02053485616132522,40665.01953125,227.4207307361421,224.62996550060453,189.79872295626362,9.417079867331323,220.0763366699219,238.91049640458453,201.24217693525924,-0.02671640607408491
AAPL,2024-07-19,223.01275634765625,224.3099975585937,226.8000030517578,223.27999877929688,224.82000732421875,49151500,57.0641583474265,61.4192067515446,60.831577593972334,222.39734124118715,206.08328714583297,199.7489338243805,226.21000414582673,219.3402563541674,6.869747791659336,80.0,24.0,90.0,0.0,-42.96150163915402,0.0005800001807365618,40287.53125,227.1834447951544,224.90962451753163,190.1697048912238,9.026926611776943,220.80360565185546,238.85745887540935,202.74975242830158,-0.1389661790379094
AAPL,2024-07-22,222.664794921875,223.9600067138672,227.77999877929688,223.08999633789065,227.009994506836,48201800,56.55352947705293,61.12861656196719,60.65489698603355,222.54616652429954,206.66940909888325,200.2810453164571,225.86385069475602,219.68246008451553,6.1813906102404985,76.0,20.0,88.0,0.0,-80.06584641928562,-0.0015602758850207232,40415.44140625,226.77013695126487,225.08688063848587,190.5346897910958,8.359164286548843,221.62234268188476,238.34067125498245,204.90401410878707,-0.21960596934591553
AAPL,2024-07-23,223.70870971679688,225.009994506836,226.94000244140625,222.67999267578125,224.3699951171875,39960300,57.77430930939648,61.692499276543444,61.001644989514865,222.78081680835064,207.27073976799645,200.82453870525663,225.73248820430678,220.07709226394667,5.655395940360108,72.0,16.0,86.0,0.0,-50.499461146828196,0.004688279506817272,40358.08984375,226.42774803524927,225.28558226085843,190.90747796964882,7.616613415806492,222.46096496582032,237.69419179743332,207.22773813420733,-0.21626671902491548
AAPL,2024-07-24,217.276107788086,218.5399932861328,224.8000030517578,217.1300048828125,224.0,61777600,48.69463506464874,56.458826978700564,57.79878789602186,222.37692885385368,207.64022348990255,201.21388935538576,224.62595052458772,219.9632330804049,4.662717444182817,68.0,12.0,84.0,0.0,11.211401681737255,-0.028754365160186257,39853.87109375,225.18279709588913,224.79178633916945,191.21368636857218,6.926422731373619,222.93172607421874,236.78457153696598,209.0788806114715,-0.3767133720729821
AAPL,2024-07-25,216.23220825195312,217.4900054931641,220.8500061035156,214.6199951171875,218.92999267578125,51391200,47.392949891508884,55.66410416409146,57.30059094165234,221.91150758140708,207.96316716214062,201.5716061935787,223.52811282744563,219.7800310369056,3.748081790540027,64.0,8.0,82.0,0.0,-22.385264569602437,-0.0048044837822251996,39935.0703125,223.82716064453126,224.1537370227632,191.50731553186824,6.6347915166322595,223.14250106811522,236.41208410137975,209.8729180348507,-0.3332680233916464
AAPL,2024-07-26,216.69949340820312,217.9600067138672,219.4900054931641,216.009994506836,218.6999969482422,41601300,48.06224245797772,55.951929004216446,57.46804469691564,221.53517416545088,208.29093239334475,201.93179082039822,222.6714811176643,219.64521442038424,3.0262666972800787,60.0,4.0,80.0,12.0,-16.4174336533883,0.0021610340107405257,40589.33984375,222.6176268078032,223.54011724562872,191.8035811725066,6.372112402211462,223.33438415527343,236.07860895969634,210.5901593508505,-0.38275644452542024
AAPL,2024-07-29,216.97787475585932,218.2400054931641,219.3000030517578,215.75,216.9600067138672,36311800,48.48274401213498,56.127888914317374,57.56919945695555,221.22134857761404,208.6171315113716,202.29021312089856,221.98971563697197,219.5411248702198,2.448590766752176,56.0,0.0,78.0,10.0,-56.008465921274684,0.0012846423555397113,40539.9296875,221.5385721842448,222.93473539806547,192.1006543052256,5.688836309542475,223.7131820678711,235.09085468695605,212.33550944878613,-0.32048398783663795
AAPL,2024-07-30,217.5346221923828,218.8000030517578,220.3300018310547,216.1199951171875,219.19000244140625,41643800,49.36568589531329,56.48838816732893,57.774146393238375,220.99074424181822,208.95099615204,202.6530656468515,221.4989906238621,219.4862269577411,2.0127636661210033,52.0,0.0,76.0,8.0,-31.056621453605704,0.002565918009612478,40743.328125,220.63260396321616,222.34630112420945,192.40126133022022,5.550471488418327,223.8150894165039,234.91603239334054,212.71414643966725,-0.3229241961626902
AAPL,2024-07-31,220.795654296875,222.0800018310547,223.82000732421875,220.6300048828125,221.44000244140625,50036300,54.305646285513916,58.55690533553767,58.958958148776425,221.09448305984074,209.38145535463065,203.08003127727352,221.58837696343022,219.6783584298384,1.910018533591824,48.0,8.0,74.0,6.0,-13.799180652652543,0.01499086477189926,40842.7890625,220.29570661272322,222.05873587472098,192.73235232376933,5.482410097421718,223.90506591796876,234.8698861128122,212.94024572312532,-0.3089641638475173
AAPL,2024-08-01,217.09716796875,218.3600006103516,224.47999572753903,217.0200042724609,224.3699951171875,62501000,48.52355703134661,55.45615416001196,57.10463613979151,220.8340561598894,209.6758338876051,203.4158547790994,221.0917036783412,219.5807022950616,1.5110013832795914,44.0,4.0,72.0,4.0,67.25002542159712,-0.01675072066025418,40347.96875,219.51766110374814,221.41036464146205,193.0245609393523,5.6368203635793535,223.74648818969726,235.02012891685598,212.47284746253854,-0.3116445394385301
AAPL,2024-08-02,218.5884704589844,219.8600006103516,225.6000061035156,217.7100067138672,219.1499938964844,105568600,50.79837004406864,56.42109591024309,57.65263218368419,220.74128896469534,210.0097409932689,203.77726457758845,220.90221089865048,219.60139105915715,1.3008198394933288,40.0,0.0,70.0,2.0,74.74657520641458,0.0068692857865795265,39737.26171875,219.0537849062965,220.91912485758465,193.32961923172226,5.742643026159251,223.4243621826172,234.9096482349357,211.93907613029867,-0.2625869704003455
AAPL,2024-08-05,208.0597381591797,209.2700042724609,213.5,196.0,199.08999633789065,119548600,38.02288793929464,48.69742145548283,52.7937758695424,219.648785660673,209.9854873302916,203.89798413132192,219.11264064846745,218.8361031490315,0.2765374994359604,36.0,96.0,68.0,0.0,102.33016675721281,-0.048166915106258146,38703.26953125,217.3237532842727,219.45582733154296,193.52784426485127,6.6339288190926675,222.50222549438476,235.7700831325701,209.2343678561994,-0.009015365574191967
AAPL,2024-08-06,206.03152465820312,207.22999572753903,209.9900054931641,201.07000732421875,205.3000030517578,69660500,36.1374704174559,47.401129034337025,51.93342930798607,218.4660437622793,209.89514334331608,203.9712151554146,217.28454142986308,217.97639148818018,-0.691850058317101,32.0,92.0,66.0,0.0,44.8963206250091,-0.009748226730079024,38997.66015625,215.56521940685454,217.88718915666854,193.70426478068035,7.4732570812702255,221.4359275817871,236.38244174432754,206.48941341924666,0.009986123430723276
AAPL,2024-08-07,208.6065673828125,209.82000732421875,213.63999938964844,206.38999938964844,206.8999938964844,63516400,40.19232087500051,49.182186880579984,52.927243126743896,217.64261172055924,209.8926798672801,204.09976003824545,216.13615156745627,217.37221488344233,-1.2360633159860583,28.0,88.0,64.0,0.0,1.4190206569936308,0.012498294757956385,38763.44921875,214.35502261207216,216.66534532819475,193.90472068900493,7.592419979074582,220.2846252441406,235.46946520228977,205.09978528599146,0.13031062837371726
AAPL,2024-08-08,212.0763702392578,213.3099975585937,214.1999969482422,208.8300018310547,213.1100006103516,47161100,45.23793023726803,51.478092831220955,54.22846587465506,217.22998180037206,210.00472307027397,204.30218284089045,215.70135864301588,217.0713098964165,-1.3699512534006146,24.0,84.0,62.0,0.0,-27.119977252567583,0.016633238828372532,39446.48828125,213.74343683151972,215.88360675630116,194.1379682413737,7.6672405993765596,219.57574844360352,234.91022964235663,204.2412672448504,0.15576911649802425
AAPL,2024-08-09,214.98944091796875,216.2400054931641,216.77999877929688,211.97000122070312,212.1000061035156,42201600,49.118931649926964,53.31446601133024,55.28731220577424,217.13569834254275,210.20915855954905,204.56455256951185,215.78422738919255,217.00973179247188,-1.2255044032793307,20.0,80.0,60.0,2.0,-20.444138633086066,0.013735951230325671,39497.5390625,213.6244165329706,215.44681556338355,194.39816807533379,7.381046966497265,218.86488494873046,233.626978881725,204.10279101573593,0.22238093684405025
AAPL,2024-08-12,216.5222930908203,217.52999877929688,219.509994506836,215.6000061035156,216.07000732421875,38028100,51.08343961319434,54.259116485506446,55.83587989722006,217.17325076509076,210.4491861077375,204.84950743126535,216.05280760305476,217.04827008779225,-0.9954624847374873,16.0,76.0,58.0,0.0,-39.28259512416316,0.007129895153485499,39357.01171875,213.78287513369605,215.22371157691592,194.67144765521758,6.5930474883097006,218.03877944946288,231.2248744260823,204.85268447284346,0.22379830779092041
AAPL,2024-08-13,220.24497985839844,221.2700042724609,221.88999938964844,219.009994506836,219.009994506836,44155300,55.570011943085596,56.47709424992737,57.139021693103935,217.56341776579268,210.80396703117103,205.2103974717312,216.85545324450186,217.36099113850844,-0.5055378940065793,12.0,72.0,56.0,10.0,2.1302530629615837,0.017193087669806983,39765.640625,214.50613403320312,215.43382590157645,194.9795417983022,5.544815718625812,217.37792892456054,228.46756036181216,206.2882974873089,0.2664068980865601
AAPL,2024-08-14,220.69288635253903,221.72000122070312,223.02999877929688,219.6999969482422,220.57000732421875,41960600,56.09183064447884,56.7388377782922,57.29373173501223,217.95928285673654,211.16186979148355,205.57324590577454,217.6038452408405,217.68388077422657,-0.0800355333860523,8.0,68.0,54.0,8.0,-26.828945050997543,0.0020336740225750383,40008.390625,215.2608388264974,215.7495361328125,195.28956512982572,5.074127373786132,217.034757232666,227.18301198023826,206.88650248509376,0.273225967069001
AAPL,2024-08-15,223.6790008544922,224.72000122070312,225.3500061035156,222.759994506836,224.6000061035156,46414000,59.506383134918316,58.46577879985001,58.31727349101131,218.60316079616194,211.60639869080222,205.99405371489382,218.6986384685117,218.20507488137298,0.4935635871387092,4.0,64.0,52.0,6.0,-29.712605209995974,0.013530633231118694,40563.05859375,216.37120957147508,216.3823212396531,195.62654374383575,5.125248805117247,217.07453308105468,227.3250306912892,206.82403547082018,0.38898384036156786
AAPL,2024-08-16,225.0028381347656,226.0500030517578,226.8300018310547,223.6499938964844,223.9199981689453,44340200,60.956007619533565,59.21430940318455,58.7643571381604,219.31238386812345,212.07995948952208,206.43484381020951,219.82961763516494,218.78618067177186,1.0434369633930771,0.0,60.0,50.0,4.0,-9.788714484807178,0.00591846921354322,40659.76171875,217.59162045433408,217.13739791143507,195.97385453333308,5.264043048723555,217.17403717041014,227.70212326785725,206.64595107296304,0.4434215443149748
AAPL,2024-08-19,224.8435821533203,225.88999938964844,225.9900054931641,223.0399932861328,225.72000122070312,40687800,60.674609129423786,59.08147510289824,58.68708724858857,219.938823441602,212.53274768296885,206.86242964712025,220.7619840589316,219.31238946568863,1.4495945932429777,0.0,56.0,48.0,2.0,-15.588629470268744,-0.0007077954338953196,40896.53125,218.71436898367745,217.86783076695033,196.31677647528957,5.4043305200410545,217.28297653198243,228.09163757206454,206.4743154919003,0.36468221448533983
AAPL,2024-08-20,225.460678100586,226.509994506836,227.1699981689453,225.4499969482422,225.7700042724609,30299000,61.41785623712803,59.447034031308476,58.90076578372055,220.56464925733857,212.9910180706366,207.29424425942167,221.6462933586092,219.8455453946625,1.8007479639466908,0.0,52.0,46.0,0.0,-24.177245916572197,0.00274455664402673,40834.96875,219.84978783017112,218.6466594877697,196.66306603578786,5.52677818657738,217.37057495117188,228.42413132432662,206.31701857801713,0.4024739387736903
AAPL,2024-08-21,225.3512115478516,226.3999938964844,227.97999572753903,225.0500030517578,226.5200042724609,34765500,61.19690163817199,59.349495217292116,58.845673307855236,221.12039636582864,213.43065662230376,207.71415084485162,222.3776319028977,220.33106009850115,2.0465718043965353,0.0,48.0,44.0,0.0,-43.724748128771594,-0.0004855239222050223,40890.48828125,220.92618233816964,219.40672011602493,197.0056206971733,5.807352584420525,217.77433013916016,229.3890353080012,206.1596249703191,0.36382431235775875
AAPL,2024-08-22,223.4898681640625,224.52999877929688,228.33999633789065,223.8999938964844,227.7899932861328,43695300,57.41456473365128,57.68064741573953,57.90592120451108,221.44512040520658,213.79456947991008,208.08372992033392,222.7087652684976,220.6420925933749,2.0666726751226747,96.0,44.0,42.0,72.0,-14.975131929201888,-0.008259744294269566,40712.78125,221.67578778948103,219.95105707077752,197.32719166162596,5.931348876431022,218.13721313476563,229.99991088762766,206.2745153819036,0.2684780835644261
AAPL,2024-08-23,225.78916931152344,226.83999633789065,228.22000122070312,224.3300018310547,225.66000366210932,38677300,60.649978224776845,59.15205678951579,58.736551132146616,221.95891811308127,214.22228839328648,208.49595555588462,223.34433927917343,221.10119657445014,2.243142704723283,92.0,40.0,40.0,70.0,-7.028626509267739,0.010288167272858306,41175.078125,222.68528674897692,220.67981480189732,197.66922565441226,6.159252241450124,218.59169692993163,230.91020141283187,206.2731924470314,0.18321707026663167
AAPL,2024-08-26,226.12759399414065,227.17999267578125,227.27999877929688,223.88999938964844,226.759994506836,30602200,61.118215248798776,59.36769533855609,58.85848012743743,222.4561633095289,214.64713115664696,208.90659373434386,223.93443980172847,221.55147776714134,2.3829620345871376,88.0,36.0,38.0,68.0,-15.723814297280775,0.001498852596203637,41240.51953125,223.57105727422805,221.39751928420293,198.0122241863801,6.369296539477577,219.0491828918457,231.78777597080085,206.31058981289056,0.15303427763849245
AAPL,2024-08-27,226.97364807128903,228.02999877929688,228.8500061035156,224.88999938964844,226.0,35934600,62.32517501476257,59.91629361531679,59.16628140577211,222.98700478284013,215.0859137016519,209.32688835071644,224.56452579827746,222.0313682124862,2.5331575857912583,96.0,32.0,36.0,66.0,-13.709603830582223,0.003741489758964489,41250.5,224.3782438732329,222.15223025367374,198.3613490659799,6.596806737629087,219.52113418579103,232.7147476610492,206.32752071053287,0.14082649955845428
AAPL,2024-08-28,225.4407958984375,226.4900054931641,229.8600006103516,225.67999267578125,227.9199981689453,38052200,58.765921005247336,58.433964118272954,58.35909340068067,223.32062389810906,215.45981835055392,209.7040997164845,224.86075344364463,222.36163764068456,2.4991158029600626,96.0,28.0,34.0,64.0,-23.950811710698034,-0.00675343673539619,41091.421875,224.8061256045387,222.71600755964008,198.692940208473,6.724575704841043,219.75339126586914,233.20254267555123,206.30423985618705,0.05958405042971384
AAPL,2024-08-29,228.7254943847656,229.7899932861328,232.9199981689453,228.8800048828125,230.1000061035156,51906300,63.567307478862304,60.60009403001927,59.56530569247035,223.93675431601608,215.92966015172044,210.14554792680644,225.61909803479665,222.91188620701408,2.7072118277825723,96.0,24.0,32.0,62.0,-16.95124878001952,0.014570115729221733,41335.05078125,225.54468688964843,223.57049357096355,199.05498605604788,6.980652447272863,220.3348075866699,234.29611248121563,206.3735026921242,0.04469352645867633
AAPL,2024-08-30,227.93917846679688,229.0,230.3999938964844,227.47999572753903,230.19000244140625,52990800,61.71469247984703,59.82610915365665,59.146791446968315,224.4189681906812,216.3581958844509,210.55993148885466,226.1392367986741,223.3628575990871,2.7763791995869838,92.0,20.0,30.0,60.0,-49.80439259400996,-0.003437814923446969,41563.078125,226.0475864955357,224.29471936907086,199.40702426435936,7.1681519284200865,220.80234298706054,235.13864684390072,206.46603913022037,-0.0514245816247301
AAPL,2024-09-03,221.738037109375,222.7700042724609,229.0,221.1699981689453,228.5500030517578,50190600,49.46989525653002,54.16800605066792,55.98152631537078,224.26192400799354,216.5684191102873,210.828284736846,225.62089333310283,223.31894253785555,2.3019507952472793,88.0,16.0,28.0,58.0,-58.016572339617525,-0.02720524571130356,40936.9296875,225.61493501209077,224.38383309500557,199.69513615926107,6.510769992024139,221.48625793457032,234.5077979186186,208.46471795052204,-0.19643845136891774
AAPL,2024-09-04,219.82693481445312,220.8500061035156,221.77999877929688,217.47999572753903,221.66000366210932,43840200,46.41353422445564,52.578739161783574,55.05499131700903,223.9369794456623,216.7087990117046,211.04854234930025,224.8869106823971,223.13605835753407,1.7508523248630183,84.0,12.0,26.0,56.0,-37.065912532927555,-0.008618739120429764,40974.96875,224.91325029645648,224.2258023216611,199.9624474520707,5.4280038852919565,222.1760284423828,233.03203621296672,211.3200206717989,-0.22134714542629502
AAPL,2024-09-05,221.34982299804688,222.3800048828125,225.47999572753903,221.5200042724609,221.6300048828125,36615400,49.11159228659367,53.701277907609764,55.651821648381045,223.78869615396232,216.8947401878065,211.29758548190492,224.50123286707637,223.0800543964436,1.421178470632782,80.0,8.0,24.0,54.0,-42.35284115598491,0.006927668735767778,40755.75,224.42286449614025,224.1471160888672,200.24325040219435,4.402356493380888,222.81319122314454,231.61790420990633,214.00847823638276,-0.19575876109026663
AAPL,2024-09-06,219.79705810546875,220.82000732421875,225.2400054931641,219.7700042724609,223.9499969482422,48423000,46.53863718398216,52.38995919978848,54.89341647026231,223.50596388446294,217.02343747096754,211.50686947843928,223.93489047586752,222.91264350220473,1.0222469736627886,76.0,4.0,22.0,52.0,2.6757221523670993,-0.007014981406114895,40345.41015625,223.74762602306546,223.8598653157552,200.50694959801822,3.6926056574598385,223.19922561645507,230.58443693137474,215.8140143015354,-0.18821128386346428
AAPL,2024-09-09,219.8866424560547,220.91000366210932,221.2700042724609,216.7100067138672,220.82000732421875,67180000,46.712092649322216,52.459415056290595,54.929575263383725,223.25872957757213,217.1508658706771,211.71353176819028,223.4695232737509,222.76429981034582,0.7052234634050762,72.0,0.0,20.0,50.0,59.18827722171671,0.0004075775688632266,40829.58984375,223.1339109874907,223.54438120524088,200.76996308891336,3.256127079041029,223.44408569335937,229.95633985144144,216.9318315352773,-0.20981843717302365
AAPL,2024-09-10,219.09034729003903,220.1100006103516,221.47999572753903,216.72999572753903,218.9199981689453,51591000,45.30500623326506,51.76331986034861,54.53306924116036,222.95885062831303,217.24788668181398,211.89806954494108,222.95267363322793,222.5676850547907,0.38498857843723044,68.0,0.0,18.0,48.0,35.66546842992418,-0.0036213894446762707,40736.9609375,222.4612322126116,223.1297394525437,201.02355852269415,3.0101493902069056,223.5724884033203,229.59278718373412,217.5521896229065,-0.18686091167693877
AAPL,2024-09-11,221.6285400390625,222.66000366210932,223.08999633789065,217.88999938964844,221.4600067138672,44587100,50.43055859802674,53.79018212229778,55.576070804393574,222.9303890124841,217.4253331401843,212.1345955694942,222.90764748382506,222.57452347014762,0.33312401367743405,64.0,0.0,16.0,46.0,0.9779120513279267,0.011585141839513868,40861.7109375,222.1876489548456,222.9446015130906,201.3009145404569,2.9448429308806223,223.64166641235352,229.53135227411477,217.75198055059226,-0.19953399436449268
AAPL,2024-09-12,221.738037109375,222.7700042724609,223.5500030517578,219.82000732421875,222.5,37455600,50.64543218540527,53.87688581944994,55.62088543065622,222.91511427533905,217.60056825927535,212.36834081571325,222.88647160515364,222.58900352957824,0.29746807557540933,60.0,0.0,14.0,44.0,-10.736262112553204,0.0004940567234399396,41096.76953125,221.96411932082404,222.76330348423548,201.57777179091724,2.8986728500467733,223.6939239501953,229.49126965028887,217.89657825010175,-0.16509847405515357
AAPL,2024-09-13,221.4692840576172,222.5,224.0399932861328,221.91000366210932,223.5800018310547,36766600,50.071716037534685,53.620802176727494,55.48071072401001,222.87557958244963,217.7612053655286,212.59101464393933,222.82701443513,222.5824106755354,0.24460375959458247,56.0,0.0,12.0,42.0,-20.78553884603783,-0.001212029542884685,41393.78125,221.7214400518508,222.55143301827567,201.85029503665754,2.9410742673662265,223.58343811035155,229.46558664508402,217.70128957561909,-0.18929754416716052
AAPL,2024-09-16,215.3179168701172,216.32000732421875,217.22000122070312,213.9199981689453,216.5399932861328,59357400,39.142120859659585,48.184549084377,52.39661962025402,222.25123936738,217.71395297073155,212.6729705270224,221.82593641806673,222.11852894580827,-0.2925925277415331,52.0,96.0,10.0,40.0,33.86813771701526,-0.02777526108721995,41622.078125,220.69972025553386,221.76424051920574,202.05995529326634,3.4485900934901257,223.09919204711915,229.9963722340994,216.2020118601389,-0.1662608225108245
AAPL,2024-09-17,215.7857208251953,216.7899932861328,216.8999938964844,214.5,215.75,45519300,40.210954566736156,48.59556013324681,52.601084981973344,221.7311206929755,217.68365921058077,212.7634545437061,221.05117593623075,221.72382260064714,-0.6726466644163906,48.0,92.0,8.0,38.0,11.874566823470426,0.0021726197330820263,41606.1796875,219.84332362583706,221.06771945045108,202.27295109231673,3.785737923650612,222.64629898071288,230.21777482801411,215.07482313341166,-0.0175874917715602
AAPL,2024-09-18,219.66766357421875,220.69000244140625,222.7100067138672,217.5399932861328,217.5500030517578,59894900,48.32187266329932,51.880269191253134,54.26447755169362,221.63196657377844,217.78222784109963,212.9376643876116,220.99561078318084,221.64724332959224,-0.6516325464114061,44.0,88.0,6.0,36.0,97.679461368362,0.01798980365419145,41503.1015625,219.61107105073475,220.78403988792783,202.52317987622314,3.7806850471843885,222.35664825439454,229.91801834876333,214.79527816002576,0.07991189143030922
AAPL,2024-09-19,227.80975341796875,228.8699951171875,229.82000732421875,224.6300048828125,224.9900054931641,66781300,60.44300379035396,57.75220566654279,57.459607580374666,222.3213026255317,218.14576119441398,213.28782550254732,222.20705452687417,222.18226198052525,0.024792546348919586,40.0,84.0,4.0,34.0,92.09072212394472,0.037065491166382136,42025.19140625,220.5194126674107,221.30338323683966,202.85286665048173,3.920558058385062,222.47957534790038,230.32069146467052,214.63845923113024,0.1522674418181157
AAPL,2024-09-20,227.1428680419922,228.1999969482422,233.08999633789065,227.6199951171875,229.97000122070312,318679900,59.2178544321006,57.15974703865139,57.12605954379073,222.88117827531366,218.47540826831,213.61556553432084,223.1290456686231,222.62802012628208,0.5010255423410115,96.0,80.0,2.0,32.0,400.0,-0.002927378507596279,42063.359375,221.3475575764974,221.74750635056267,203.17401848256884,4.052959419493542,222.66222534179687,230.76814418078396,214.55630650280978,0.18472533083171314
AAPL,2024-09-23,225.4208831787109,226.47000122070312,229.4499969482422,225.8099975585937,227.33999633789065,54146000,56.05816295624433,55.63153745716252,56.265482337322354,223.22297093677932,218.7375260700278,213.8980806043512,223.64303883048154,222.91261131846142,0.7304275120201282,92.0,76.0,0.0,30.0,39.99426019913489,-0.007581065072062687,42124.6484375,221.95368841262092,222.01023566836403,203.47608075345926,4.038816617999463,222.64381103515626,230.72144427115518,214.56617779915734,0.1654465467584343
AAPL,2024-09-24,226.3167266845703,227.3699951171875,229.3500061035156,225.72999572753903,228.6499938964844,43556100,57.33361850142867,56.26241419632563,56.612456691030886,223.61792562062772,219.0205578420658,214.19416663760035,224.216416720744,223.24278789614482,0.9736288245991886,88.0,72.0,0.0,28.0,42.32996320525975,0.003974092786910077,42208.21875,222.6441903250558,222.36003715878442,203.78538401969035,4.047614833106003,222.65326766967775,230.74849733588974,214.55803800346575,0.10815550560764717
AAPL,2024-09-25,225.3213348388672,226.3699951171875,227.2899932861328,224.0200042724609,224.92999267578125,42308700,55.40913111358206,55.35545703961569,56.1077584326629,223.88002747744295,219.26152299862719,214.46176726352533,224.547736474043,223.4744328754813,1.0733035985616937,84.0,68.0,92.0,26.0,17.738057471072448,-0.004398224825381325,41914.75,223.14016578311012,222.6141387939453,204.08301118385734,3.9709267084926982,222.57065200805664,230.51250542504204,214.62879859107125,0.11998953774960655
AAPL,2024-09-26,226.46603393554688,227.5200042724609,228.5,225.41000366210932,227.3000030517578,36636700,57.18882303646509,56.19754677135884,56.562180079119116,224.22669193411133,219.53229287645777,214.74876148350194,225.00500844303036,223.77410483081314,1.2309036122172188,80.0,64.0,90.0,24.0,-3.7198900457792194,0.005080296091350078,42175.109375,223.75094386509485,222.98512754894438,204.39040240463333,4.016286831325427,222.6219139099121,230.65448757256297,214.58934024726125,0.12070815845892387
AAPL,2024-09-27,226.7347717285156,227.7899932861328,229.5200042724609,227.3000030517578,228.4600067138672,34026000,57.616501894740225,56.3977772992686,56.66964700046914,224.56605396763717,219.8030371521848,215.03538196268062,225.4334676496615,224.0715780497257,1.3618895999358074,76.0,60.0,88.0,22.0,-34.44726362695858,0.0011866582740844844,42313.0,224.33403959728423,223.37682829357328,204.6988557396125,3.8793949223423208,222.52237777709962,230.28116762178425,214.763587932415,0.13138846775586072
AAPL,2024-09-30,231.920639038086,233.0,233.0,229.6499938964844,230.0399932861328,54541900,64.90284844295905,60.05214500206905,58.682479415091194,225.36928692310028,220.23572445867055,215.4302087327316,226.59754954971356,224.7329426386349,1.8646069110786527,72.0,56.0,86.0,20.0,2.9271118760237624,0.022871954178161014,42330.1484375,225.54336402529762,224.2719007946196,205.05715966675413,4.2558775328036145,222.72145080566406,231.23320587127128,214.20969574005684,0.21619396515516517
AAPL,2024-10-01,225.162109375,226.2100067138672,229.6499938964844,223.7400054931641,229.5200042724609,63285000,52.28686441270918,53.94194648899919,55.26822665784712,225.44935547460187,220.4316025653983,215.66712736967963,226.53792757496797,224.84235479235582,1.695572782612146,68.0,52.0,84.0,18.0,26.089347407681917,-0.029141561920136394,42156.96875,225.72935791015624,224.5043444678897,205.34628194249092,4.283019570105592,222.8926544189453,231.4586935591565,214.32661527873412,0.09137526287201213
AAPL,2024-10-02,225.7294464111328,226.77999877929688,227.3699951171875,223.0200042724609,225.88999938964844,32880600,53.11081963187079,54.346322829359366,55.49004995492158,225.57608340838235,220.6397467035589,215.91136630175913,226.57516929871088,224.98588397657366,1.589285322137215,64.0,48.0,82.0,16.0,-24.99897354482872,0.0025196825420921165,42196.51953125,225.95734369187127,224.77451513381232,205.639613341526,4.263971746699426,223.1877799987793,231.71572349217814,214.65983650538044,0.03714761352603851
AAPL,2024-10-03,224.6245880126953,225.6699981689453,226.8099975585937,223.32000732421875,225.13999938964844,34044200,51.25452036276567,53.39948204824769,54.94856449206638,225.5850276712931,220.80467298111253,216.12584172741157,226.43591220182384,225.03655910193453,1.3993530998893107,60.0,44.0,80.0,14.0,-7.022181923452973,-0.004894613511899348,42011.58984375,226.0000015985398,224.9113539922805,205.92049427772636,4.252539632004574,223.3515182495117,231.85659751352085,214.84643898550257,-0.04842493909987123
AAPL,2024-10-04,225.74935913085932,226.8000030517578,228.0,224.1300048828125,227.8999938964844,37245100,53.0534368898698,54.24113649487164,55.40066142730865,225.70073961228974,221.00124118015006,216.36043867959498,226.49192617873675,225.16718457969924,1.3247415990375089,56.0,40.0,78.0,12.0,-23.083865105425108,0.00500733747856863,42352.75,226.16257847377233,225.1397197905041,206.2111384468648,4.198632187770404,223.64913330078124,232.04639767632204,215.25186892524044,-0.03232785243440517
AAPL,2024-10-07,220.6630401611328,221.69000244140625,225.69000244140625,221.3300018310547,224.5,39505400,44.97114188723227,50.00571691955546,52.94881893942155,225.31876464363418,221.02382351658468,216.47757194908533,225.75316868068592,224.9096155324183,0.8435531482676311,52.0,36.0,76.0,10.0,-41.194700803810655,-0.022530823517324494,41954.23828125,225.5476324172247,224.85532996768043,206.44960511924023,4.16547215954935,223.68795318603514,232.01889750513385,215.35700886693644,-0.08339974076706429
AAPL,2024-10-08,224.72412109375,225.7700042724609,225.97999572753903,223.25,224.3000030517578,31855700,51.34459769088633,53.0417853469608,54.58630070965429,225.36173984637958,221.1794360003839,216.68180123091776,225.7557587717282,224.9733480316807,0.78241074004751,48.0,32.0,74.0,8.0,-38.253377527088055,0.018403992483977838,42080.37109375,225.42771315801713,224.95401262555802,206.72721804946215,4.0263650939261115,223.9696418762207,232.02237206407293,215.91691168836846,-0.010370908981875895
AAPL,2024-10-09,228.47666931152344,229.5399932861328,229.75,224.8300018310547,225.22999572753903,33591100,56.37278334190621,55.62414567817084,56.02917700898991,225.7596687454037,221.45355263270352,216.9643988585049,226.33794869702123,225.311618050529,1.0263306464922266,44.0,28.0,72.0,6.0,-24.66184165375187,0.016698466544265322,42512.0,225.75997692289806,225.3832533336821,207.04060112265213,4.107172136936714,224.31204833984376,232.52639261371718,216.09770406597033,0.06503024064596204
AAPL,2024-10-10,227.9789886474609,229.0399932861328,229.5,227.1699981689453,227.77999877929688,28183500,55.55281799205478,55.206589477787084,55.78929839525018,226.07208060642552,221.70228839183233,217.22979653823296,226.75364786457686,225.58779399390704,1.165853870669821,40.0,24.0,70.0,4.0,-24.754909813218852,-0.0021782559486804853,42454.12109375,226.0195316859654,225.73248574393136,207.34726941009066,4.138279835149975,224.62409591674805,232.900655587048,216.3475362464481,0.09405813388063929
AAPL,2024-10-11,226.49588012695312,227.5500030517578,229.41000366210932,227.33999633789065,229.3000030517578,31759200,53.075253627314154,53.95489351269835,55.072318897711725,226.2128351250286,221.89401674133808,217.45661426380494,226.87616404722007,225.7331428130071,1.1430212342129664,36.0,20.0,68.0,2.0,-13.619426327155626,-0.006505461443208738,42863.859375,226.07337559291295,225.91075090680803,207.63738913996303,4.088940441490136,224.87542572021485,233.05330660319513,216.69754483723457,0.06554344267581734
AAPL,2024-10-14,230.228515625,231.3000030517578,231.72999572753903,228.6000061035156,228.6999969482422,39882100,58.135712415283365,56.527422312005235,56.50775619812012,226.6973273085266,222.2024097351223,217.76086456683686,227.5567546633028,226.14550283069232,1.4112518326104748,32.0,16.0,66.0,0.0,-32.81023090634024,0.016479926681026935,43065.21875,226.61466616675966,226.42056899297805,207.9629049158808,3.582578776410724,225.62095565795897,232.78611321078043,218.45579810513752,0.05624364815229263
AAPL,2024-10-15,232.7666931152344,233.8500061035156,237.4900054931641,232.3699951171875,233.6100006103516,64751400,61.199877403292994,58.175246331174186,57.45103389529255,227.37853481281127,222.5842981406434,218.11447207313748,228.52494719256632,226.71620677682736,1.8087404157389528,96.0,12.0,98.0,0.0,42.250430037368766,0.011024600855128686,42740.421875,227.45712527320498,227.10111541748046,208.31175081319478,3.1100396992857404,226.47000427246093,232.6900836710324,220.24992487388946,0.15507335088982896
AAPL,2024-10-16,230.706283569336,231.77999877929688,232.1199951171875,229.83999633789065,231.6000061035156,34082200,57.51944077489309,56.37630147937962,56.43712685692943,227.79772185723846,222.8857965222386,218.4148133194267,229.02572435975566,227.091302480714,1.9344218790416505,92.0,8.0,96.0,0.0,-43.0966576453087,-0.008851822906116413,43077.69921875,227.95395493280319,227.50457058861141,208.63806468299373,2.8037217598631834,227.0219352722168,232.62937879194317,221.41449175249045,0.14373206090705654
AAPL,2024-10-17,231.07456970214844,232.1499938964844,233.8500061035156,230.5200042724609,233.42999267578125,32993800,58.00557580803701,56.624927121003196,56.57690100099327,228.21222395621427,223.18954069844335,218.71668542002138,229.5063812115601,227.46602036336367,2.0403608481964284,88.0,4.0,94.0,0.0,-50.594253181654146,0.0015963420116460458,43239.05078125,228.45950608026413,227.89053577241444,208.96606335919887,2.943561176098877,227.18517608642577,233.07229843862353,221.298053734228,0.0913887062611536
AAPL,2024-10-18,233.911361694336,235.0,236.17999267578125,234.009994506836,236.17999267578125,46431500,61.64639946149519,58.51363674071542,57.64504690918052,228.8586788175272,223.57676887226486,219.07456046573517,230.35155333285854,228.02409292904042,2.3274604038181224,84.0,0.0,92.0,0.0,-85.43005065584619,0.012276521799192919,43275.91015625,229.30196475074405,228.5311248779297,209.3199508575895,3.3053039759615754,227.52360076904296,234.13420872096611,220.9129928171198,0.09371172367859135
AAPL,2024-10-21,235.384506225586,236.47999572753903,236.8500061035156,234.4499969482422,234.4499969482422,36254500,63.41999396784227,59.464188947590344,58.19002799892026,229.58451852324262,223.99982549047056,219.45709750445613,231.29439062434787,228.6504560992996,2.64393452504828,80.0,0.0,90.0,48.0,-33.04306874007313,0.00629787506078916,42931.6015625,230.32188342866442,229.2797825404576,209.68594883857082,3.699106415691909,228.02178192138672,235.41999475277055,220.6235690900029,0.25853025073866004
AAPL,2024-10-22,234.76739501953125,235.8600006103516,236.22000122070312,232.6000061035156,233.88999938964844,38846600,62.12397841692651,58.87813580144141,57.87172869960377,230.18218348391966,224.38868369112237,219.81760086942086,231.99679216065613,229.18449643345159,2.8122957272045426,76.0,0.0,88.0,46.0,-10.812492394865473,-0.002621715489902865,42924.890625,231.16216445196244,229.922221883138,210.04307000686873,3.967033693364789,228.44431533813477,236.37838272486434,220.5102479514052,0.2671342719487925
AAPL,2024-10-23,229.6909942626953,230.759994506836,235.13999938964844,227.759994506836,234.0800018310547,52287000,52.60132736140894,54.311852497448726,55.331202841908826,230.23721310514978,224.59757912770314,220.0580930372761,231.80651559852996,229.30119999444304,2.505315604086917,72.0,48.0,86.0,44.0,23.584510987101943,-0.02162310808284773,42514.94921875,231.23951633998325,230.04095320928664,210.34693801196653,3.905840937349738,228.66279830932618,236.47448018402565,220.8511164346267,0.02216966068944795
AAPL,2024-10-24,229.5019073486328,230.57000732421875,230.82000732421875,228.41000366210932,229.97999572753903,31109500,52.27987000658801,54.14963258705799,55.23903429516724,230.26890779268015,224.79339644562168,220.28912412050562,231.61628355632826,229.39518572257458,2.2210978337536744,68.0,44.0,84.0,42.0,-15.086511612672538,-0.0008232230204299196,42374.359375,231.2434051513672,230.12086835588727,210.64665147999625,3.8748431481096324,228.81459197998046,236.56427827619973,221.0649056837612,0.002359688740678401
AAPL,2024-10-25,230.33799743652344,231.41000366210932,233.22000122070312,229.57000732421875,229.7400054931641,38802300,53.629288648466385,54.76911712879203,55.572941441242236,230.37758358976865,225.01033438714586,220.5335390554859,231.58454818798685,229.54443149587345,2.0401166921134006,64.0,40.0,82.0,40.0,14.037206841826839,0.003643063787790446,42114.3984375,231.32303408668156,230.26595458984374,210.95239986438656,3.856776190974385,228.99475326538087,236.70830564732964,221.2812008834321,0.09861974407029118
AAPL,2024-10-28,232.3187866210937,233.3999938964844,234.72999572753903,232.5500030517578,233.32000732421875,36087100,56.749647911046004,56.22229926368539,56.35993425672147,230.66543219040824,225.28540519073073,220.8163182827606,231.8638475277557,229.83002871073353,2.0338188170221656,60.0,36.0,80.0,38.0,-33.836004979657844,0.008599489474662603,42387.5703125,231.57462579636348,230.58252919514973,211.27558340955136,3.873664070415634,229.01466064453126,236.76198878536252,221.2673325037,0.028372770269136885
AAPL,2024-10-29,232.5875396728516,233.6699981689453,234.3300018310547,232.32000732421875,233.1000061035156,35417200,57.170763199349445,56.41930937168983,56.46670047623821,230.9515813312213,225.56030987854103,221.0988167417976,232.14171685716948,230.1144708928233,2.0272459643461787,56.0,32.0,78.0,36.0,-44.03539543335703,0.0011568287509877706,42233.05078125,231.7897210984003,230.9228033883231,211.59903878283146,3.840686998506115,229.38593215942382,237.06730615643605,221.7045581624116,0.04167937019006142
AAPL,2024-10-30,229.03407287597656,230.1000061035156,233.47000122070312,229.5500030517578,232.6100006103516,47070900,50.20960214205522,53.140228675924696,54.662395645861366,230.87047892858266,225.70915237772053,221.2966450794178,231.8276075104535,230.11339942694866,1.7142080835048432,52.0,28.0,76.0,34.0,43.15705917775223,-0.015277975775801256,42141.5390625,231.49186968122208,230.88929298037576,211.88473685497075,3.744993464358503,229.55116348266603,237.04115041138303,222.06117655394902,-0.0417298220115114
AAPL,2024-10-31,224.8634796142578,225.91000366210932,229.8300018310547,225.3699951171875,229.33999633789065,64370100,43.51296685754464,49.62944855128938,52.64766892268982,230.39805271272806,225.71573766573326,221.3980375757407,230.91720691840055,229.80203677770132,1.1151701406992345,48.0,24.0,74.0,32.0,89.07802210068087,-0.018209488262373785,41763.4609375,230.62789074125743,230.4428468976702,212.12660088002977,3.728799197446128,229.56310806274413,237.02070645763638,222.1055096678519,-0.10321634778620656
AAPL,2024-11-01,221.8773651123047,222.91000366210932,225.3500061035156,220.2700042724609,220.97000122070312,65276700,39.45536665840957,47.30872024859523,51.26712882504733,229.68490518409772,225.6237463869259,221.43126759961692,229.68532949435576,229.291515806176,0.3938136881797618,44.0,96.0,72.0,30.0,75.26251775401327,-0.013279677549576596,42052.19140625,229.38130987258185,229.71087137858072,212.33657734126,4.025911289734441,229.3695083618164,237.42133094128528,221.31768578234752,-0.011048333477934515
AAPL,2024-11-04,220.9815368652344,222.009994506836,222.7899932861328,219.7100067138672,220.9900054931641,44944500,38.30146467874151,46.63035108610126,50.85887631915951,228.95396131007277,225.50526271872621,221.44398687230304,228.50450872704502,228.75214385807675,-0.2476351310317284,40.0,96.0,70.0,28.0,13.76799121132807,-0.004037492723139469,41794.6015625,228.09482000441778,228.91201695033482,212.535907204851,3.99013044130432,229.38543319702148,237.36569407963012,221.40517231441285,-0.037576455501164334
AAPL,2024-11-05,222.4148712158203,223.4499969482422,223.9499969482422,221.13999938964844,221.8000030517578,28111300,41.261475558564655,47.87064405147523,51.48957457164086,228.42977422799368,225.43787695575952,221.48807500584016,227.72689153030612,228.35939223512602,-0.6325007048199041,36.0,92.0,68.0,26.0,-11.754254340667448,0.006486217676456851,42221.87890625,227.11168096633185,228.24815390450613,212.74795533365278,4.16183126376871,229.269970703125,237.59363323066242,220.9463081755876,-0.04705304680795188
AAPL,2024-11-06,221.6882476806641,222.72000122070312,226.07000732421875,221.19000244140625,222.6100006103516,54561100,40.20834719621255,47.29283873130311,51.149982214574834,227.88598632253743,225.34876627592158,221.5151503072657,226.95660071344412,227.941659567391,-0.9850588539468959,32.0,88.0,66.0,24.0,62.427250075168715,-0.0032669737018220513,43729.9296875,226.11062462216333,227.52608504522414,212.95127324574028,4.493533443639643,228.93054962158203,237.91761650886133,219.94348273430273,0.04901357714366055
AAPL,2024-11-07,226.4262084960937,227.47999572753903,227.8800048828125,224.57000732421875,224.6300048828125,42137700,49.29588887261709,51.27009946096435,53.20354274339079,227.8473205515852,225.41864265138443,221.646245811008,227.03712302330487,227.9074622459205,-0.8703392226156268,28.0,84.0,64.0,22.0,49.511948480493906,0.02137217856606677,43729.33984375,225.8306899297805,227.2875763666062,213.20033470571337,4.524149895420707,228.85291061401367,237.90121040485508,219.80461082317225,0.11164412924349622
AAPL,2024-11-08,226.1571655273437,226.9600067138672,228.66000366210932,226.41000366210932,227.1699981689453,38328800,48.84193307559854,51.04328148455179,53.07426288743551,227.76281447180253,225.4691791780232,221.76303176491697,227.02525897569907,227.8372803546573,-0.8120213789582351,24.0,80.0,62.0,20.0,20.68565958840273,-0.0011882147854568315,43988.98828125,225.58617001488096,227.03083873930433,213.44504951590923,4.534060720490731,228.8359748840332,237.90409632501465,219.76785344305173,0.06091753962437175
AAPL,2024-11-11,223.4368133544922,224.22999572753903,225.6999969482422,221.5,225.0,42005600,44.3906749402141,48.780426832943306,51.77619371434807,227.42635554377742,225.42855021243355,221.81725075310646,226.59521847598216,227.57007408598187,-0.9748556099997074,20.0,76.0,60.0,18.0,5.324443798094885,-0.012028591561573099,44293.12890625,225.06681591215587,226.51663287934804,213.66102364383528,4.676378717302207,228.49638977050782,237.84914720511222,219.14363233590342,0.03388851330587531
AAPL,2024-11-12,223.4368133544922,224.22999572753903,225.58999633789065,223.3600006103516,224.5500030517578,40398300,44.3906749402141,48.780426832943306,51.77619371434807,227.12194032318328,225.38925334407634,221.8702781151819,226.23133805314475,227.32266087424537,-1.0913228211006185,16.0,72.0,58.0,16.0,-37.61015205848831,0.0,43910.98046875,224.6553721110026,226.03476845877512,213.87537427683966,4.693294938869404,228.0298957824707,237.4164856602095,218.6433059047319,0.009110621208200559
AAPL,2024-11-13,224.3236541748047,225.1199951171875,226.6499938964844,222.759994506836,224.009994506836,48566200,46.24299038949556,49.56433449046556,52.17325095413026,226.9312788749932,225.38042520548981,221.94170046687432,226.06036221684363,227.15950044779663,-1.0991382309530024,12.0,68.0,56.0,14.0,42.49725663249438,0.003969089994608321,43958.19140625,224.42173738025483,225.68179306756883,214.09689166244584,4.71866176195195,227.71076431274415,237.14808783664805,218.27344078884025,0.10914570567601922
AAPL,2024-11-14,227.41270446777344,228.22000122070312,228.8699951171875,225.0,225.0200042724609,44923900,52.213807158289455,52.20656537647781,53.533093491366834,227.0540143364894,225.47352605844762,222.07968509882662,226.39261437128357,227.23805606060452,-0.8454416893209498,8.0,64.0,54.0,12.0,36.15861161794034,0.01377050629962362,43750.859375,224.64929271879652,225.65340641566686,214.34726217089602,4.651840596525119,227.52767105102538,236.83135224407562,218.22398985797514,0.2971904092444277
AAPL,2024-11-15,224.2041015625,225.0,226.9199981689453,224.2700042724609,226.3999938964844,47923700,46.443496124399815,49.417862612058094,51.96702576399526,226.85839392349038,225.45800061390835,222.14386784390734,226.1783660064707,227.07227413018936,-0.8939081237186599,4.0,60.0,52.0,10.0,3.2137665162658973,-0.014109162954561882,43444.98828125,224.47689426967077,225.33687598818824,214.56348932674274,4.4528870630324455,227.04230804443358,235.94808217049848,218.13653391836868,0.21826897908618795
AAPL,2024-11-18,227.21340942382807,228.0200042724609,229.7400054931641,225.1699981689453,225.25,44633700,51.82129232061552,51.91603438676086,53.27518426679004,226.96902348053518,225.54200073386087,222.27301369947995,226.46169497046918,227.14247636295022,-0.6807813924810375,0.0,56.0,50.0,8.0,23.11216538636583,0.013422180238255699,43389.6015625,224.78301958356585,225.3531713576544,214.80772388287446,3.998911198968876,226.6337532043457,234.63157560228345,218.63593080640797,0.25937660825972986
AAPL,2024-11-19,227.4724884033203,228.27999877929688,230.16000366210932,226.66000366210932,226.97999572753903,36211800,52.265691245955594,52.127127677941814,53.38670872962867,227.09387827089347,225.63177116158008,222.4050353495858,226.74143401798113,227.2267372826796,-0.48530326469847296,12.0,52.0,48.0,6.0,-6.782575566458841,0.001140245112069893,43268.94140625,225.17487095424107,225.4330509004139,215.05240083305398,3.5222681776978573,226.26900787353514,233.31354422893085,219.22447151813944,0.24441305876426153
AAPL,2024-11-20,228.18994140625,229.0,229.92999267578125,225.88999938964844,228.0599975585937,35169600,53.54362727460988,52.72317128890433,53.69899162444602,227.2754136736655,225.74220489398726,222.5499796276169,227.08890570752249,227.3580900765552,-0.2691843690327005,8.0,48.0,46.0,4.0,-32.7373917034827,0.003154020989376116,43408.46875,225.67725495837985,225.61599695114862,215.30215850450506,3.460973592886191,226.1939552307129,233.11590241648528,219.27200804494052,0.27441341394718444
AAPL,2024-11-21,227.711654663086,228.5200042724609,230.16000366210932,225.7100067138672,228.8800048828125,42108300,52.53391459644001,52.273228774673676,53.455379636210694,227.393946111646,225.83328028344542,222.6811889604706,227.30907471751303,227.44415779477043,-0.13508307725740565,4.0,44.0,44.0,2.0,35.355116604252714,-0.0020960027432256334,43870.3515625,226.08418680826824,225.76053975423176,215.5451432139838,3.3934072313758525,226.10444259643555,232.89125705918724,219.31762813368385,0.1755964520833052
AAPL,2024-11-22,229.056869506836,229.8699951171875,230.72000122070312,228.0599975585937,228.0599975585937,38168300,55.098621191507085,53.43237224967452,54.05360007341976,227.62976030264997,225.96563158946975,222.83918470017863,227.70306247130912,227.6238494482828,0.07921302302631261,0.0,40.0,42.0,0.0,-1.6339237622512068,0.0059075362029243905,44296.51171875,226.6149159749349,226.041723269508,215.79952847912537,3.320596124031587,226.04038619995117,232.68157844801433,219.399193951888,0.22961738334912293
AAPL,2024-11-25,232.04624938964844,232.8699951171875,233.25,229.7400054931641,231.4600067138672,90152800,60.23994952406262,55.90063398155418,55.3547588855005,228.1288302849869,226.192004164149,223.05964207198102,228.49797518605965,228.01245283116464,0.4855223548950107,0.0,36.0,40.0,0.0,149.82001878787713,0.013050819603221742,44736.5703125,227.46732119605656,226.61371023995537,216.08155345176584,3.2939272731703224,226.0267593383789,232.61461388471955,219.43890479203824,0.2957307721676423
AAPL,2024-11-26,234.228515625,235.0599975585937,235.57000732421875,233.3300018310547,233.3300018310547,45986200,63.52347526834352,57.60190811817249,56.27709326136533,228.78894145390183,226.48275804593408,223.32338614860987,229.50751708952643,228.53449318134454,0.9730239081818866,96.0,32.0,38.0,0.0,29.841432976068127,0.009404445196126154,44860.30859375,228.51896783737908,227.39482988630022,216.38307646034963,3.481072945771923,226.10880813598632,233.07095402753018,219.14666224444247,0.35358954707950147
AAPL,2024-11-27,234.0989532470703,234.92999267578125,235.69000244140625,233.8099975585937,234.47000122070312,33498400,63.18982115348314,57.4654139997599,56.2067460692062,229.37380347503318,226.75971655838805,223.5784764019543,230.3417441027964,229.00823388463616,1.3335102181602565,96.0,28.0,36.0,64.0,-28.834162932937335,-0.0005531451949134514,44722.05859375,229.4339083716983,228.15579608735584,216.68090168967177,3.8678302271863676,226.362052154541,234.09771260891375,218.62639170016826,0.3554086630793036
AAPL,2024-11-29,236.490478515625,237.3300018310547,237.8099975585937,233.97000122070312,234.8099975585937,28481400,66.66983118611392,59.31104117279646,57.21410834899537,230.13153665179712,227.10628328863942,223.8807077300664,231.41686067637463,229.62466113992642,1.7921995364482086,96.0,24.0,98.0,62.0,-55.75368066850914,0.01021587339619856,44910.6484375,230.59464518229166,229.1204081217448,217.00001680820142,4.459301623284846,226.9434020996094,235.86200534617907,218.0247988530397,0.3353327505640824
AAPL,2024-12-02,238.74246215820312,239.58999633789065,240.7899932861328,237.16000366210932,237.2700042724609,48137100,69.58568378879662,60.965057654189025,58.13933633552815,231.03234233618696,227.51558535582797,224.22596682034825,232.6742661627617,230.3628341175534,2.3114320452083064,96.0,20.0,98.0,60.0,-26.256842027859868,0.00952251294307116,44782.0,231.95723397391183,230.24412812732515,217.33887039791884,5.011321713314306,227.7866569519043,237.8093003785329,217.7640135252757,0.4341486620768798
AAPL,2024-12-03,241.79165649414065,242.6499938964844,242.759994506836,238.8999938964844,239.8099975585937,38861000,73.02655927824475,63.072828710554774,59.35373862270656,232.13878534192958,228.01179547191504,224.63089049235123,234.20899350641133,231.27299410117791,2.9359994052334173,96.0,16.0,98.0,58.0,-13.535582774310539,0.012771897836577395,44705.53125,233.5806139264788,231.57793760753813,217.70526854026377,5.644423702846947,228.8271629333496,240.1160103390435,217.5383155276557,0.44540247627419116
AAPL,2024-12-04,242.150390625,243.009994506836,244.1100006103516,241.25,242.8699951171875,44383900,73.40772918267686,63.31451168645143,59.494806682996064,233.1741385957302,228.5035397025682,225.0348268443179,235.56299366032283,232.14240153863406,3.4205921216887702,96.0,12.0,98.0,56.0,57.88633040805655,0.0014836497506192092,45014.0390625,235.07701706659225,232.84681643531437,218.07221221923828,6.165469353129955,229.8139389038086,242.1448776100685,217.4830001975487,0.41886481410603976
AAPL,2024-12-05,242.1802673339844,243.0399932861328,244.5399932861328,242.1300048828125,243.9900054931641,40033900,73.44139059459779,63.33523710096686,59.50674999304272,234.11374380433998,228.98014473809488,225.43054478809407,236.71330129506282,232.9496305569673,3.763670738095527,96.0,8.0,98.0,54.0,-26.625562901041217,0.0001233808002840675,44765.7109375,236.40762532552083,234.024562000093,218.43637432800597,6.440620728743118,230.83853988647462,243.71978134396085,217.9572984289884,0.3803433180923926
AAPL,2024-12-06,241.98097229003903,242.83999633789065,244.6300048828125,242.0800018310547,242.91000366210932,36870600,72.77957825051372,63.088679515865906,59.38755798644177,234.94481547420196,229.4345661020226,225.8131700968808,237.6558697631902,233.6822502444431,3.9736195187470855,96.0,4.0,98.0,52.0,-12.499733018176123,-0.0008229202409398839,44642.51953125,237.57101745605468,235.0857460385277,218.7955106053898,6.80842322650865,231.61627807617188,245.23312452918918,217.99943162315458,0.4147401832403155
AAPL,2024-12-09,245.8771514892578,246.75,247.2400054931641,241.75,241.8300018310547,44649200,77.12037945764357,65.78877016833428,60.947975450187336,236.0691187623732,230.00228524621855,226.27332020464166,239.05496672269942,234.65023170781768,4.404735014881737,96.0,0.0,98.0,50.0,16.489950115839786,0.01610118003224148,44401.9296875,239.0845966157459,236.4439244588216,219.19048321700214,7.380146262137756,232.60227737426757,247.3625698985431,217.84198484999206,0.47474284179557913
AAPL,2024-12-10,246.8935546875,247.7700042724609,248.2100067138672,245.33999633789065,246.88999938964844,36914800,78.10145422421199,66.45266330267181,61.343348401787786,237.18348881095298,230.5848334110134,226.7457747995388,240.39574173035504,235.62206671260608,4.773675017748957,96.0,0.0,98.0,48.0,-12.119336469423123,0.004133784664764217,44247.828125,240.55594627743676,237.80499848865327,219.59235245206463,7.7036852391296815,233.77511444091797,249.18248491917734,218.3677439626586,0.46759280699926836
AAPL,2024-12-11,245.6180877685547,246.4900054931641,250.8000030517578,246.259994506836,247.9600067138672,45205800,73.82350329562638,64.81581688222212,60.55826833696913,238.06982373306835,231.10631446288718,227.17971393566242,241.3333207707872,236.42709921486966,4.90622155591754,96.0,0.0,98.0,46.0,11.900253228477437,-0.005166060007357087,44148.55859375,241.67227114722843,238.93290071033297,219.97819588580535,7.733602892102656,234.8841781616211,250.3513839458264,219.4169723774158,0.3415845302088512
AAPL,2024-12-12,247.08287048339844,247.9600067138672,248.7400054931641,245.67999267578125,246.88999938964844,32777500,75.4842756202174,65.81854762054883,61.14106267393726,239.01174592171586,231.65889453668981,227.63642366705153,242.35281091587643,237.28138865923984,5.071422256636595,92.0,8.0,96.0,44.0,-32.50964662666628,0.005963659794566922,43914.12109375,242.81791803269158,240.0946809314546,220.3754157526576,7.772244786141025,236.0221389770508,251.56662854933285,220.47764940476873,0.34747867203832294
AAPL,2024-12-13,247.2522735595703,248.1300048828125,249.2899932861328,246.2400054931641,247.82000732421875,33155300,75.67647758066923,65.93498376315804,61.208704549709665,239.8801515370584,232.1989309414807,228.0868320454199,243.24160998771276,238.08498986098596,5.156620126726807,88.0,4.0,94.0,42.0,-26.19674605276924,0.0006856123851906037,43828.05859375,243.80166422526042,241.16421755836123,220.77099005855732,7.880893371689291,237.0141174316406,252.7759041750192,221.25233068826202,0.2910831248143851
AAPL,2024-12-16,250.1519775390625,251.0399932861328,251.3800048828125,247.6499938964844,247.9900054931641,51694800,78.7478532818807,67.8773676378432,62.35331513475307,240.9429936083988,232.8166706904857,228.59129712763337,244.44136126439275,239.04461974433016,5.396741520062591,96.0,0.0,98.0,40.0,7.868966711668756,0.011727714118647148,43717.48046875,244.99874805268786,242.41544233049666,221.19204445226868,7.79643432208322,238.31151123046874,253.90437987463517,222.7186425863023,0.3114457225110448
AAPL,2024-12-17,252.58334350585932,253.47999572753903,253.8300018310547,249.77999877929688,250.0800018310547,51356400,80.9230420451816,69.39481091751468,63.28034278084898,242.1369938102217,233.4941567572743,229.13830149246647,245.8319204125691,240.11390685419747,5.718013558371638,96.0,4.0,98.0,38.0,15.061937504620948,0.00971955525083601,43449.8984375,246.34757850283668,243.77466445196242,221.6337207501919,7.957912413548828,239.58000793457032,255.49583276166797,223.66418310747267,0.3259161547709817
AAPL,2024-12-18,247.1725616455078,248.0500030517578,254.27999877929688,247.7400054931641,252.16000366210932,56774100,64.98303491158347,62.573104837690444,59.929235719778724,242.70013754751085,233.9713976193885,229.55394328497835,246.1731638955212,240.70176583179455,5.471398063726667,96.0,0.0,98.0,36.0,56.78342418769572,-0.0214217682973461,42326.87109375,246.80016348702566,244.49776480538503,222.01764141784972,7.591162548853032,240.56501159667968,255.74733669438575,225.3826864989736,0.1835979078455811
AAPL,2024-12-19,248.90640258789065,249.7899932861328,252.0,247.08999633789065,247.5,60882300,67.2118168296878,63.75705384137187,60.611282978773346,243.37536190357008,234.4900401002654,229.99869163665207,246.72959918638455,241.37496786544924,5.354631320935312,92.0,4.0,96.0,34.0,73.11058414084891,0.007014698277349574,42342.23828125,247.35941670735676,245.29218299502418,222.41492042807204,7.2179129556619515,241.60083465576173,256.0366605670856,227.16500874443784,0.251776511886809
AAPL,2024-12-20,253.5897827148437,254.4900054931641,255.0,245.69000244140625,248.0399932861328,147495300,72.33415105313372,66.70720253834935,62.37639132962262,244.43389938829333,235.14577667052436,230.53696227086112,247.92350784896604,242.34645213416886,5.577055714797183,96.0,0.0,98.0,32.0,250.2760738381744,0.01881582827223305,42840.26171875,248.4248737153553,246.43398757207962,222.85477077123537,6.909980426493732,242.8947410583496,256.7147019113371,229.07478020536215,0.35310160741843133
AAPL,2024-12-23,254.3670196533203,255.2700042724609,255.6499938964844,253.4499969482422,254.7700042724609,40858800,73.0856243892342,67.16715946215247,62.659755308500564,245.46590937726168,235.80558741157145,231.0805456115556,249.05373806796524,243.30375229256086,5.749985775404383,96.0,0.0,98.0,30.0,7.04904331605023,0.0030649379093896645,42906.94921875,249.4525592622303,247.5265855335054,223.29808641955628,6.550633004601671,244.16024856567384,257.2615145748772,231.05898255647048,0.27948459383753654
AAPL,2024-12-24,257.28668212890625,258.20001220703125,258.2099914550781,255.2899932861328,255.4900054931641,23234700,75.75027510393207,68.84396440796039,63.707497068858764,246.678681075335,236.53983084748816,231.6765778444232,250.4608571662831,244.407178952892,6.053678213391095,96.0,8.0,98.0,28.0,-74.2274227755544,0.01147814869854269,43297.03125,250.74976777576265,248.77672206333705,223.76623182685813,6.52527624851207,245.42227020263672,258.47282269966087,232.37171770561258,0.32046925842169005
AAPL,2024-12-26,258.1037292480469,259.0199890136719,260.1000061035156,257.6300048828125,258.19000244140625,27237100,76.45285132111783,69.29898963925456,63.995977592061614,247.854043736129,237.27688521359252,232.27753193605506,251.777646681266,245.48960932776458,6.288037353501409,96.0,4.0,98.0,26.0,-40.7711443867943,0.003175629272296643,43325.80078125,252.01176074800037,249.98448006766182,224.23823997307773,6.553517910121034,246.61603088378905,259.7230667040311,233.508995063547,0.3906245879603696
AAPL,2024-12-27,254.6858673095703,255.58999633789065,258.70001220703125,253.0599975585937,257.8299865722656,42355300,67.62624066373839,65.17000987411615,61.89586513458662,248.590801126773,237.87731508652033,232.78989379104044,252.3641620130544,246.23778614332946,6.126375869724939,92.0,0.0,96.0,24.0,26.439770257683946,-0.013242202847801088,42992.2109375,252.6663867768787,250.75303591773624,224.6719555200985,6.083962173364407,247.64537658691407,259.8133009336429,235.47745224018524,0.2942879301023661
AAPL,2024-12-30,251.3078765869141,252.1999969482422,253.5,250.75,252.22999572753903,35557500,60.225589060116306,61.41925567068675,59.91301933796123,248.93453406215102,238.34691121313415,233.2164894648251,252.33890584923714,246.67943138813783,5.6594744610993075,88.0,0.0,94.0,22.0,24.844635446291264,-0.013263361482678149,42573.73046875,252.74961504255023,251.10184544154575,225.06784150764125,5.531163910067593,248.38624649047853,259.4485743106137,237.32391867034335,0.2886339893832887
AAPL,2024-12-31,249.5341796875,250.4199981689453,253.27999877929688,249.42999267578125,252.44000244140625,39480700,56.7159263487303,59.552922735976864,58.90201656766223,249.07600683422666,238.74275012971813,233.59458855722332,252.0436892830384,246.95651040893839,5.087178874100005,84.0,0.0,92.0,20.0,-17.982803284784502,-0.007057864335583863,42544.21875,252.5446291968936,251.21117241269067,225.44212148789742,5.045966736526092,248.92583236694335,259.01776583999555,238.83389889389116,0.17428306958607312
AAPL,2025-01-02,242.98741149902344,243.8500061035156,249.1000061035156,241.82000732421875,248.92999267578125,55740700,46.04905041173397,53.34789557035378,55.3821787203478,248.57829247892084,238.91020114525247,233.8199823494495,250.7831226400349,246.72639897890704,4.056723661127847,80.0,0.0,90.0,18.0,43.436092740794116,-0.026235957722005487,42392.26953125,251.44159211658297,250.6456085205078,225.74737168800772,4.963396074926444,248.9856201171875,258.9124122670404,239.0588279673346,-0.014622551446204064
AAPL,2025-01-03,242.4991607666016,243.3600006103516,244.17999267578125,241.88999938964844,243.3600006103516,40244100,45.363810943645134,52.921431549514196,55.13146282245576,248.08131230096188,239.05609620968195,234.02965308045833,249.64110386623744,246.4770361367918,3.164067729445634,76.0,0.0,88.0,16.0,-9.327256054560324,-0.0020093663676227225,42732.12890625,250.2985089983259,250.02785048711868,226.04425590932667,4.938668166944667,249.00305862426757,258.8803949581569,239.12572229037823,0.07817556418502158
AAPL,2025-01-06,244.1333465576172,245.0,247.3300018310547,243.1999969482422,244.3099975585937,45045600,48.14515211730194,54.19245885061225,55.814623479761906,247.78785398658457,239.2509783011678,234.27075960616253,248.9270878868163,246.36762605258502,2.5594618342312856,72.0,0.0,86.0,14.0,12.518640452216745,0.006738933800222391,42706.55859375,249.41697169712612,249.56406838553292,226.35403379070226,4.814404432201823,249.10071258544923,258.7295214498529,239.47190372104558,0.04225087736232648
AAPL,2025-01-07,241.3532257080078,242.2100067138672,245.5500030517578,241.3500061035156,242.97999572753903,40856000,44.03793431947445,51.72858352219829,54.3773637579406,247.25663043680197,239.34799562617434,234.4452485535846,247.89369078328565,246.05965424971703,1.8340365335686215,68.0,0.0,84.0,12.0,10.809154177040787,-0.011387714496238432,42528.359375,248.1944556826637,248.82621249244326,226.63282851717366,4.865044265784245,249.06932525634767,258.79941378791614,239.33923672477917,-0.14338647148794934
AAPL,2025-01-08,241.84149169921875,242.6999969482422,243.7100067138672,240.0500030517578,241.9199981689453,37628900,44.92655194315778,52.12502175376722,54.586936492756365,246.82266534265344,239.45789730886509,234.62667159522542,247.09466096250975,245.81079074590406,1.283870216605692,64.0,0.0,82.0,10.0,-15.723238042338943,0.0020230348684115995,42635.19921875,247.12083943684897,248.13784739176432,226.91293907051656,5.083211456539418,248.8675422668457,259.03396517992456,238.70111935376687,-0.13090002674861553
AAPL,2025-01-10,236.0121917724609,236.8500061035156,240.16000366210932,233.0,240.009994506836,61710900,37.309524677827575,47.3140801951363,51.69406628516307,245.87288827225936,239.3723926791815,234.67553608991312,245.51856021497218,245.14702892054194,0.37153129443024113,60.0,96.0,80.0,8.0,67.17116170208155,-0.024103804048677513,41938.44921875,245.37228655133927,246.91352829706102,227.13152475765096,5.8326889255913645,248.32347412109374,259.98885197227645,236.658096269911,-0.2532803041215918
AAPL,2025-01-13,233.5708465576172,234.3999938964844,234.6699981689453,229.72000122070312,233.52999877929688,49630700,34.65920367092889,45.49055354693619,50.54923488794024,244.78023166504272,239.20936321089636,234.66948021753007,243.80801155058944,244.35095225209324,-0.5429407015037953,56.0,96.0,78.0,6.0,9.788345743245335,-0.010344148734474756,42297.12109375,243.40451020740326,245.5085161481585,227.32251594809156,6.686392488212335,247.7211120605469,261.09389703697155,234.34832708412222,-0.23872699674516845
AAPL,2025-01-14,232.45480346679688,233.27999877929688,236.1199951171875,232.47000122070312,234.75,39435300,33.488072954418925,44.67429921869919,50.032369323397646,243.68497139020977,239.01495781969635,234.63894216394252,242.1883172780829,243.5308816244787,-1.3425643463957897,52.0,92.0,76.0,4.0,20.312104339867286,-0.00477817804434344,42518.28125,241.43398103259858,244.05458199637278,227.49916487736488,7.509302491116633,246.9897087097168,262.0083136919501,231.97110372748355,-0.23201212087101528
AAPL,2025-01-15,237.028564453125,237.8699951171875,238.9600067138672,234.42999267578125,234.63999938964844,39832000,42.11973604217889,48.59443560618313,52.08133258413799,243.13116412611242,238.97741805895836,234.70995431676107,241.52396002256052,243.1115566980127,-1.5875966754521755,48.0,88.0,74.0,2.0,20.137655216511387,0.019675915137548072,43221.55078125,240.27457217261906,243.10590159098308,227.71831986156863,7.831555929847668,246.47852325439453,262.14163511408987,230.8154113946992,-0.15164060319279243
AAPL,2025-01-16,227.4525604248047,228.259994506836,238.009994506836,228.02999877929688,237.3500061035156,71759100,32.5850078426497,42.11527150314791,47.88624549833874,241.7148622576099,238.62602712282322,234.56819695830117,239.4833499432183,242.01144098014777,-2.5280910369294816,44.0,96.0,72.0,0.0,38.8129947306112,-0.04040021104804048,43153.12890625,238.0034909202939,241.29390513102214,227.83886927286784,8.849804980632557,245.34355239868165,263.0431623599468,227.64394243741654,-0.27011352974374314
AAPL,2025-01-17,229.1664581298828,229.97999572753903,232.2899932861328,228.47999572753903,232.1199951171875,68488300,35.40350058352851,43.513166378261275,48.64176123795176,240.59725592141268,238.3425506836336,234.4673573708119,238.02129544849842,241.12022281328785,-3.098927364789432,40.0,92.0,70.0,0.0,33.35884135180815,0.007535187565605561,43487.828125,236.24506385439918,239.75322948637464,227.97355523560176,9.375017735786177,244.1727081298828,262.9227436014552,225.42267265831046,-0.22870135275031891
AAPL,2025-01-21,221.85243225097656,222.63999938964844,224.4199981689453,219.3800048828125,224.0,98070400,29.697447205675772,39.311723536467305,45.75334658840787,238.8870410136256,237.8277129362898,234.20741543715997,235.65494220867532,239.75131737449976,-4.0963751658244405,36.0,96.0,68.0,98.0,72.7379209886198,-0.03191577833245096,44025.80859375,233.78702639625186,237.6274889264788,228.03240361303833,10.580688316947231,242.90670166015624,264.0680782940507,221.74532502626178,-0.24300524399582438
AAPL,2025-01-22,223.03823852539065,223.8300018310547,224.1199951171875,219.7899932861328,219.7899932861328,64126500,31.62164713335048,40.28120679466985,46.281072906254764,237.4530372819522,237.36877158857718,233.97934041284995,233.83572061211828,238.57196066757788,-4.736240055459604,32.0,92.0,66.0,96.0,5.328642314761433,0.005345022645830699,44156.73046875,231.79979582287015,235.7352543422154,228.1003937428033,11.360989718896002,241.61329345703126,264.3352728948233,218.89131401923925,-0.17676851485077777
AAPL,2025-01-23,222.86883544921875,223.66000366210932,227.02999877929688,222.3000030517578,224.7400054931641,60234800,31.48905098689788,40.18609964148002,46.21553308662027,236.13941503244334,236.91930378770937,233.75254180294357,232.2702256967323,237.4673712597654,-5.197145563033104,28.0,88.0,64.0,94.0,-59.16154616452185,-0.0007595248119421916,44565.0703125,230.05921282087053,233.9500678652809,228.16394096108812,11.727384151014016,240.07724609375,263.53201439577805,216.62247779172196,-0.18094146499691385
AAPL,2025-01-24,221.991943359375,222.77999877929688,225.6300048828125,221.41000366210932,224.77999877929688,54697900,30.769799732986883,39.68313688049842,45.87240825502837,234.8670896750008,236.45572001694174,233.51138701121505,230.81019078635762,236.37941774269365,-5.569226956336024,24.0,84.0,62.0,92.0,33.870549306391766,-0.003934565764101894,44424.25,228.4556665329706,232.2276580810547,228.21605154464493,11.884471313976556,238.45849227905273,262.22743490700583,214.6895496510996,-0.2320611656201983
AAPL,2025-01-27,229.04690551757807,229.8600006103516,232.1499938964844,223.97999572753903,224.0200042724609,94863400,42.2072151931833,45.38616427375564,48.982045196342,234.3902240497961,236.23946692164367,233.4311367606466,230.6640076823567,235.89649795511275,-5.232490272756053,20.0,80.0,60.0,90.0,308.2833004084408,0.031780262163757955,44713.578125,227.99273870558966,231.33131648472377,228.3356372252507,11.18687081273508,237.04650344848633,259.4202450739565,214.67276182301617,-0.05916531748772898
AAPL,2025-01-28,237.4171905517578,238.259994506836,240.19000244140625,230.8099975585937,230.8500061035156,75707600,52.28025720646689,51.07751142510484,52.299702707904046,234.75877361713324,236.30571372771556,233.5372655023211,231.8326210399689,236.07157177375893,-4.238950733790034,16.0,76.0,58.0,88.0,177.95763866197208,0.0365439778165324,44850.3515625,228.77396559942338,231.36662001836868,228.53549506268098,10.03443937916566,236.01217651367188,256.0810552720032,215.94329775534055,0.05843662827171158
AAPL,2025-01-29,238.5133056640625,239.3600006103516,239.8600006103516,234.009994506836,234.1199951171875,45486100,53.42508379455827,51.76020844178029,52.71062708331788,235.1969857117255,236.4058542812446,233.6652377024976,232.99067943541237,236.31515909498802,-3.324479659575644,12.0,72.0,56.0,86.0,7.391754986979198,0.00461683128234025,44713.51953125,229.7653045654297,231.60482279459634,228.74273546588955,9.054166912201504,235.20354843139648,253.3118822557995,217.09521460699347,0.16805429119072082
AAPL,2025-01-30,236.7495574951172,237.58999633789065,240.7899932861328,237.2100067138672,238.6699981689453,55658300,51.292714642009614,50.58234987925034,51.97544757989816,235.424891485646,236.4446786109707,233.7514961340447,233.69826665117824,236.4095914833512,-2.7113248321729486,8.0,68.0,54.0,84.0,56.53040849328552,-0.007394757973919863,44882.12890625,230.54852396647135,231.75206175304595,228.92920616947004,8.239904052046352,234.47563247680665,250.95544058089936,217.99582437271394,0.0978166419239585
AAPL,2025-01-31,235.16519165039065,236.0,247.19000244140625,233.44000244140625,247.19000244140625,100959800,49.38583551974527,49.53232638731041,51.31934889806959,235.47966372510828,236.4300989843815,233.80091380142832,234.05237947407392,236.37925137347332,-2.326871899399407,4.0,64.0,52.0,82.0,155.7193768094284,-0.006692159687602395,44544.66015625,231.16898919968378,231.81773405529205,229.09685440974448,7.446004275866891,233.75718307495117,248.64919162668497,218.86517452321738,0.0585426906353845
AAPL,2025-02-03,227.2034454345703,228.009994506836,231.8300018310547,225.6999969482422,229.9900054931641,73063300,41.11411316992251,44.697002808248676,48.19945491064504,234.7682666567014,236.1540299851177,233.67364084989882,233.12278178680657,235.75930642038907,-2.6365246335824963,0.0,60.0,50.0,80.0,31.07711241516522,-0.03385597230587045,44421.91015625,230.73595493861606,231.19356856573197,229.18211181792455,7.250097258551042,232.9679847717285,247.46817928883058,218.46779025462644,0.05891349356546503
AAPL,2025-02-04,231.9765014648437,232.8000030517578,233.1300048828125,226.6499938964844,227.25,45067300,46.86036906514629,47.86131523968543,50.056818924484595,234.5808129800401,236.04406188894194,233.65444001917044,233.073123519876,235.54009876345341,-2.466975243577423,0.0,56.0,48.0,78.0,11.98486237734227,0.021007850568216524,44556.0390625,230.99997006370907,231.09914158412388,229.31192544965603,6.895145890880816,232.4418518066406,246.23214358840224,218.651560024879,0.16136269989365762
AAPL,2025-02-05,231.64767456054688,232.47000122070312,232.6699981689453,228.2700042724609,228.52999877929688,39620300,46.5235458287707,47.6664615289476,49.93096192731999,234.37978328867467,235.92687957195048,233.6284083972261,232.98033547384938,235.3126841306571,-2.33234865680771,0.0,52.0,46.0,76.0,-12.04401761770295,-0.0014175009202243016,44873.28125,231.22469685872395,231.02350565592448,229.43522466782906,6.322319561010824,231.81756820678712,244.46220732880877,219.17292908476546,0.15969378089395767
AAPL,2025-02-06,232.39501953125,233.22000122070312,233.8000030517578,230.42999267578125,231.2899932861328,29925300,47.44808086970043,48.163860339856264,50.221221167225416,234.26932785362976,235.8381294620735,233.6194324153245,233.0172071272115,235.1576705817716,-2.1404634545601198,0.0,48.0,44.0,74.0,-26.754209907969457,0.0032262139998637807,44747.62890625,231.60031622023808,231.07850102015905,229.56268658917935,5.915434677962277,231.36965789794922,243.2005272538738,219.53878854202466,0.20909206842139494
AAPL,2025-02-07,226.8247985839844,227.6300048828125,234.0,227.259994506836,232.6000061035156,39707200,41.66606535110814,44.86773044758577,48.10046232351191,233.63701138021858,235.5690106234092,233.48779664537918,232.18840678191935,234.60006571518207,-2.4116589332627143,0.0,44.0,42.0,72.0,5.523148431126076,-0.02396876214688659,44303.3984375,231.18616841634113,230.6456572759719,229.63131191120812,5.451105009039819,230.6188232421875,241.52103326026713,219.71661322410785,0.15755318816386485
AAPL,2025-02-10,227.0941162109375,227.6499938964844,230.58999633789065,227.1999969482422,229.57000732421875,33115600,42.03386556861193,45.05626364937856,48.20836443056531,233.06681923891057,235.30937073072315,233.35949328826058,231.49018941492935,234.08524558046375,-2.5950561655344018,4.0,40.0,40.0,70.0,-46.3375189796292,0.001187337666050503,44470.41015625,230.83023114885603,230.30997089204334,229.69952411328975,5.35052826973163,230.17291946411132,240.87397600357457,219.47186292464806,0.04645594367968092
AAPL,2025-02-11,232.052001953125,232.6199951171875,235.22999572753903,228.1300048828125,228.1999969482422,53718400,48.47450915626235,48.42339985740788,50.1550390021108,233.02426456065123,235.22119448109902,233.34324058120401,231.6640056768152,233.97670850910995,-2.3127028322947467,0.0,36.0,38.0,68.0,8.236232815575843,0.021831854672898388,44593.6484375,231.0854245140439,230.48893112909226,229.81401457525604,5.310390017195469,230.09697723388672,240.71775726827767,219.47619719949577,-0.000987215149646227
AAPL,2025-02-12,236.29161071777344,236.8699951171875,236.9600067138672,230.67999267578125,231.1999969482422,45243300,53.25731282473816,51.08189374424758,51.73790126525492,233.3905246136547,235.2752535183478,233.42075166990693,232.46492712918018,234.19102603563422,-1.726098906454041,64.0,32.0,36.0,66.0,14.72792143079931,0.018270080537830635,44368.55859375,231.82005368187313,231.07889622279575,229.9674943238823,5.46704329558824,230.28881759643554,241.22290418761202,219.35473100525905,0.006043445913192287
AAPL,2025-02-13,240.94024658203125,241.52999877929688,242.33999633789065,235.57000732421875,236.91000366210932,53614100,57.87461914051335,53.790278264855,53.39382009078409,234.16571262943015,235.4803271334609,233.59897688110232,233.85955353689042,234.7346536462759,-0.8751001093854711,60.0,28.0,34.0,64.0,34.60057240409721,0.01967330050413918,44711.4296875,233.04666500999815,232.09331803094773,230.16386532911613,5.781760678884222,230.48440170288086,242.0479230606493,218.9208803451124,0.09423963706788026
AAPL,2025-02-14,244.00274658203125,244.6000061035156,245.5500030517578,240.9900054931641,241.25,40896200,60.633524467417175,55.47448154223577,54.44456555893867,235.1594548650573,235.7793330013315,233.84075774313337,235.51193085483277,235.4654204949603,0.046510359872456775,56.0,24.0,32.0,62.0,-43.00903996845,0.01271062034444026,44546.078125,234.5011496407645,233.38077944800966,230.38708472560293,6.468565805632673,231.3119110107422,244.24904262200755,218.37477939947684,0.37323395872612325
AAPL,2025-02-18,243.87306213378903,244.47000122070312,245.17999267578125,241.83999633789065,244.1499938964844,48822500,60.45297047849554,55.38583415819729,54.39157830595895,236.046173565595,236.06427294295025,234.07436748989315,236.89009552650515,236.13242647464494,0.757669051860205,52.0,20.0,30.0,60.0,-28.714101532670544,-0.0005314876576547611,44556.33984375,235.79590643019904,234.57707955496653,230.60544458493663,7.023906048780658,232.0472412109375,246.09505330849882,217.99942911337618,0.43696357419399706
AAPL,2025-02-19,244.27207946777344,244.8699951171875,246.009994506836,243.16000366210932,244.66000366210932,32204200,60.83936639800584,55.61216034782133,54.530514276351184,236.88653752288954,236.35298514538425,234.31163403115235,238.11777238661014,236.77965378149995,1.3381186051101963,48.0,16.0,28.0,58.0,-67.1621610598101,0.001636168138018812,44627.58984375,237.08238103957405,235.74134986514136,230.82405548778934,7.0998531455133875,233.16822357177733,247.36792986280412,218.96851728075055,0.36004091107500885
AAPL,2025-02-20,245.229736328125,245.8300018310547,246.77999877929688,244.2899932861328,244.94000244140625,32316900,61.803950188221975,56.16562423565556,54.86722256052723,237.7382960284291,236.66370700393082,234.56478497180956,239.304269224217,237.4500499333188,1.854219290898186,44.0,12.0,26.0,56.0,-49.604453696989545,0.003920451581851392,44176.6484375,238.44169776553198,236.8900653657459,231.0484053062325,7.167142656318379,234.27779846191407,248.61208377455083,219.94351314927732,0.30966067824000554
AAPL,2025-02-21,244.950424194336,245.5500030517578,248.69000244140625,245.22000122070312,245.9499969482422,53197400,61.32946356062076,55.954598602875656,54.74656780068496,238.48226812588896,236.95506097271203,234.806218336204,240.26515135153096,238.0500464606106,2.2151048909203723,96.0,8.0,24.0,54.0,-11.6832794331516,-0.0011389815035125483,43428.01953125,239.683009265718,237.90650591169086,231.2663224944309,7.016339644708408,235.38187789916992,249.41455718858674,221.3491986097531,0.2594166783567417
AAPL,2025-02-24,246.49664306640625,247.1000061035156,248.8600006103516,244.4199981689453,244.92999267578125,51326400,63.02192168429671,56.88457667803283,55.301802481420836,239.30300507613913,237.28768212454165,235.07641147394713,241.31666746722092,238.7204138415665,2.5962536256544126,96.0,4.0,22.0,52.0,-6.163856382054887,0.006312374747485805,43461.2109375,241.03729059128534,238.96505497523717,231.4964966905888,6.686888429663011,236.60711288452148,249.9808897438475,223.23333602519546,0.4325354078099485
AAPL,2025-02-25,246.4367828369141,247.0399932861328,250.0,244.91000366210932,248.0,48013300,62.90713546917857,56.83639739255969,55.275011092304204,240.03986109613854,237.60743003147905,235.3393473379512,242.19717913166892,239.33667898560844,2.860500146060474,96.0,0.0,20.0,50.0,-49.38690791179739,-0.0002428439947396166,43621.16015625,242.19984581356957,239.90121401832218,231.72278759021665,6.782020909911914,237.4766067504883,251.0406485703121,223.91256493066447,0.4373790792358688
AAPL,2025-02-26,239.7730865478516,240.3600006103516,244.97999572753903,239.1300048828125,244.3300018310547,44433600,51.632921044615344,51.77408075575077,52.39184048207654,240.07035057368262,237.6976782471798,235.44969136591607,241.91453628223547,239.41248058744128,2.502055694794194,92.0,0.0,18.0,48.0,-41.30893067538794,-0.027040185366615344,43433.12109375,242.33619123186384,240.11992637997582,231.87952244241438,6.801366432776082,237.59440155029296,251.1971344158451,223.9916686847408,0.2636245755154833
AAPL,2025-02-27,236.72056579589844,237.3000030517578,242.4600067138672,237.0599975585937,239.41000366210932,41153600,47.43873586123727,49.67235887556733,51.14485664619536,239.80650795254692,237.68463971618235,235.49035755681368,241.2046080929312,239.25600076998325,1.9486073229479643,88.0,4.0,16.0,46.0,-9.52488782287336,-0.01273087315971122,43239.5,241.98814900716147,240.03670392717635,232.00298166379406,6.8004319911101865,237.50476455688477,251.10562853910514,223.9039005746644,0.09308658625632923
AAPL,2025-02-28,241.24948120117188,241.83999633789065,242.08999633789065,230.1999969482422,236.9499969482422,56833400,53.476960356178246,52.63096554477349,52.84405141435512,240.00017351305584,237.82088091689408,235.62991005749666,241.30236013061727,239.44740784908748,1.8549522815297905,84.0,0.0,14.0,44.0,2.11127540726181,0.019131905122169668,43840.91015625,242.20276649111793,240.39334360758463,232.16884469407114,6.8484025391267,237.7297607421875,251.42656582044089,224.0329556639341,0.08890270495929427
AAPL,2025-03-03,237.4487762451172,238.02999877929688,244.02999877929688,236.1100006103516,241.7899932861328,47184000,48.446995668686306,50.06933386388056,51.31568709116638,239.81253782412642,237.82773724025154,235.68265926017358,240.79891992272184,239.34241458465854,1.4565053380632946,80.0,0.0,12.0,42.0,-53.26456668891974,-0.015754251313333967,43191.23828125,241.7732453845796,240.36658317929223,232.29394159952798,6.822381622862064,237.84393997192382,251.48870321764795,224.19917672619968,-0.05157350143271546
AAPL,2025-03-04,235.3539123535156,235.92999267578125,240.07000732421875,234.67999267578125,237.7100067138672,53798100,45.885184907344765,48.71409481564736,50.49431703612664,239.44277161952212,237.7655161069902,235.68809515941768,240.0498541924233,239.08964259140836,0.9602116010149473,76.0,16.0,10.0,40.0,-26.367820780063315,-0.008822382345904711,42520.98828125,240.96579328264508,240.1294376918248,232.39559478076535,6.382589546828889,238.2514633178711,251.0166424115289,225.4862842242133,-0.08797237766930997
AAPL,2025-03-05,235.1643829345703,235.7400054931641,236.5500030517578,229.22999572753903,235.4199981689453,47227600,45.64999082343178,48.59069562912154,50.41981216203395,239.09012722653563,237.6991059229303,235.68923604587363,239.38680054638343,238.84152132487174,0.5452792215116915,72.0,12.0,8.0,38.0,4.793497724514227,-0.0008052953828130427,43006.58984375,240.10162382579986,239.83543003627233,232.49292389447416,6.256189889622407,238.4108573913574,250.92323717060222,225.8984776121126,-0.079480078740054
AAPL,2025-03-06,234.75538635253903,235.3300018310547,237.8600006103516,233.16000366210932,234.44000244140625,45170400,45.1126131456084,48.3167949604724,50.256525161396,238.73202004601364,237.62143037893438,235.6813407884051,238.76267766710208,238.58140876977416,0.18126889732792506,68.0,8.0,6.0,36.0,14.008223057372104,-0.0017391944176557983,42579.078125,239.19365699404761,239.48728993733724,232.58386788894882,6.11640270802865,238.56624298095704,250.79904839701433,226.33343756489975,-0.07662258324998751
AAPL,2025-03-07,238.4862518310547,239.07000732421875,241.3699951171875,234.759994506836,235.1100006103516,46273600,50.80194722842429,50.93323954037058,51.712158574992195,238.7642093106046,237.6689247050093,235.75581697600538,238.80995915281233,238.61760125528858,0.192357897523749,64.0,4.0,4.0,34.0,54.630362937046584,0.01589256603004152,42801.71875,238.8420423235212,239.47967173258465,232.70964570458256,5.942108892960314,238.87080459594728,250.75502238186792,226.98658681002664,-0.00541697506212254
AAPL,2025-03-10,226.924545288086,227.47999572753903,236.16000366210932,224.22000122070312,235.5399932861328,72071200,37.74491739953835,43.80626866980819,47.332302828875605,237.6895223026936,237.3348614598463,235.57393079472038,237.06688785661643,237.79259343841824,-0.7257055818018046,60.0,96.0,2.0,32.0,81.50662852077205,-0.04847955156408379,41911.7109375,237.00140482584635,238.34193275088356,232.71790831532644,5.931498687694591,238.87579193115235,250.73878930654152,227.01279455576318,-0.14672028155220926
AAPL,2025-03-11,220.3007659912109,220.83999633789065,225.83999633789065,217.4499969482422,223.8099975585937,76137400,32.578764635905785,40.44397462209179,45.09927303530704,236.08480554414095,236.79404620994612,235.25010805940542,234.5704430075817,236.53684550504585,-1.966402497464145,56.0,96.0,0.0,98.0,129.9139982364807,-0.029189347007244404,41433.48046875,234.43901120140438,236.57288266136533,232.65842240670426,6.776068890212216,238.536124420166,252.08826220059044,224.98398663974157,-0.16695389443008574
AAPL,2025-03-12,216.4501800537109,216.97999572753903,221.75,214.91000366210932,220.13999938964844,62547500,30.00751388802597,38.65533004855855,43.871510541256654,234.26529984732173,236.14440521052293,234.84856712903473,231.8642203491136,235.08818996597125,-3.2239696168576586,52.0,96.0,0.0,98.0,16.435895335676417,-0.01747876781169988,41350.9296875,231.59150434221542,234.46945938836961,232.55917628122205,8.290645757829935,237.75603332519532,254.3373248408552,221.17474180953545,-0.15418841642579978
AAPL,2025-03-13,209.1680145263672,209.67999267578125,216.83999633789065,208.4199981689453,215.9499969482422,61368300,25.852019475533396,35.57012780236856,41.68174142521176,231.92384202146073,235.27671955364616,234.29541164654566,228.45126224552402,233.206101277809,-4.754839032284991,48.0,96.0,0.0,98.0,35.64063629310859,-0.03364361039356356,40813.5703125,228.04713309151785,231.74679093133835,232.38614471739206,10.47379473358942,236.399853515625,257.34744298280384,215.45226404844618,-0.20070510886919266
AAPL,2025-03-14,212.96871948242188,213.4900054931641,213.9499969482422,209.5800018310547,211.25,60107600,31.206626323894696,38.23816760096156,43.19183559208989,230.16823854257535,234.56240105985987,233.83814997284497,226.14953043746866,231.74564973820569,-5.59611930073703,44.0,92.0,0.0,96.0,12.111552744520566,0.018170583894774106,41488.19140625,225.35030735560827,229.5152543567476,232.24976848773102,11.63838861783708,235.00127716064452,258.2780543963187,211.72449992497036,-0.2585534627366189
AAPL,2025-03-17,213.4774627685547,214.0,215.22000122070312,209.97000122070312,213.3099975585937,48073400,31.915381893645844,38.59115949447826,43.3920454251925,228.62840630042533,233.88822397593003,233.40214667673848,224.28037190862733,230.43115716500526,-6.1507852563779295,40.0,88.0,70.0,94.0,17.54979680263692,0.002388816946306438,41841.62890625,223.0406276157924,227.46536727178665,232.11725600057574,12.374098987767923,233.4750129699707,258.22321094550654,208.72681499443485,-0.20424667262353513
AAPL,2025-03-18,212.170654296875,212.69000244140625,215.1499938964844,211.4900054931641,214.16000366210932,42432400,31.030992596491885,38.012427251563594,42.994873540619466,227.11046307575685,233.1932003190604,232.9469347155224,222.49723814443948,229.1169975558498,-6.619759411410314,36.0,84.0,68.0,92.0,-13.088432587434074,-0.006121528964846634,41581.30859375,220.8706050327846,225.43638073149182,231.97051724865662,12.98734673350287,231.889892578125,257.86458604513075,205.91519911111925,-0.20488873627584353
AAPL,2025-03-19,214.7144317626953,215.2400054931641,218.759994506836,213.75,214.22000122070312,54385400,34.81739694735218,39.83382052393287,44.0127581480883,225.97994330598613,232.60457098050642,232.55777143591013,221.38074081347403,228.08907221787308,-6.708331404399047,32.0,80.0,66.0,90.0,68.87673036436242,0.011989299247109786,41964.62890625,219.302633085705,223.80062255859374,231.84794637499758,13.184415647805011,230.4120101928711,256.7808414884811,204.04317889726107,-0.20141118697466392
AAPL,2025-03-20,213.5772247314453,214.1000061035156,217.4900054931641,212.22000122070312,213.9900054931641,48862900,33.92082624949063,39.29848070773831,43.65714784295725,224.84852071527465,231.99786393535916,232.15210626376955,220.26062778117273,227.05284509829104,-6.792217317118315,28.0,76.0,64.0,88.0,51.1992177467517,-0.005296369796450651,41953.3203125,217.79261576334636,222.19730965750557,231.71283957486128,13.211833656356744,228.82938461303712,255.2530519257506,202.40571730032363,-0.2115266543934215
AAPL,2025-03-21,217.73703002929688,218.2700042724609,218.83999633789065,211.27999877929688,211.5599975585937,94127800,40.00652450104333,42.24297123363837,45.306593890984196,224.2219953397686,231.54777017591985,231.84700512110342,219.95437801060166,226.4022642963777,-6.447886285776036,24.0,72.0,62.0,86.0,76.94060236026573,0.0194768206351692,41985.3515625,217.1007844470796,221.1408949352446,231.61800750125107,12.860838956492982,227.46871490478514,253.1903928177711,201.74703699179918,-0.1672911465368042
AAPL,2025-03-24,220.19102478027344,220.72999572753903,221.47999572753903,218.5800018310547,221.0,44299500,43.32271995927523,43.90757066743833,46.253750943245684,223.8894239481277,231.19308904646473,231.60267524432177,220.0737038132074,225.98209625424153,-5.908392441034124,20.0,68.0,60.0,84.0,-13.690615355840269,0.011270452024841005,42583.3203125,216.92388334728423,220.447781590053,231.5463580033791,12.137210813696074,226.1534339904785,250.42785561787065,201.87901236308636,-0.058435876669118
AAPL,2025-03-25,223.2036590576172,223.75,224.1000061035156,220.0800018310547,220.7700042724609,34493600,47.18257330074731,45.892871991888526,47.39494940438898,223.87614547687744,230.94905334002326,231.4300889752158,220.63928784194474,225.81675579096438,-5.177467949019643,16.0,64.0,58.0,82.0,-28.158239487808583,0.013681912241200633,42587.5,217.29307527087983,220.16685064406622,231.50334342387185,11.16673601203486,224.99177780151368,247.3252498255834,202.65830577744396,0.0484053125806081
AAPL,2025-03-26,220.9890594482422,221.52999877929688,225.0200042724609,220.47000122070312,223.509994506836,34466100,44.76893570140833,44.687148023337535,46.65192123153693,223.6527029342507,230.64023187901583,231.21250457530547,220.77632029384506,225.49921823454457,-4.722897940699511,12.0,60.0,56.0,80.0,-22.4323484930323,-0.009921878605060552,42454.7890625,217.48089890252976,219.78563937232607,231.43687678702435,10.635384219284116,224.0525764465332,245.32334488510145,202.78180800796497,0.07371125848417295
AAPL,2025-03-27,223.30340576171875,223.8500061035156,224.9900054931641,220.5599975585937,221.38999938964844,37094800,47.775578845203974,46.21845865120671,47.52912119828195,223.67149371227592,230.41760152572073,231.0506914220793,221.24919503379436,225.37705437298686,-4.127859339192497,8.0,56.0,54.0,78.0,-9.862563663932196,0.010472673711788838,42299.69921875,218.10840991792224,219.71428978329612,231.39206365632774,10.208868295788532,223.38171844482423,243.7994550364013,202.96398185324716,0.2656321495166973
AAPL,2025-03-28,217.3679351806641,217.8999938964844,223.8099975585937,217.67999267578125,221.6699981689453,39818600,41.53125995978474,43.048753243000654,45.56827666392489,223.12182706315292,230.00718816082772,230.76166510283545,220.73393332036207,224.82319804139408,-4.089264721032009,4.0,52.0,52.0,76.0,-29.938029398205984,-0.026580295812363208,41583.8984375,218.08912338983444,219.1415485200428,231.286820367462,9.37126368198647,222.18764114379883,240.93016850777178,203.44511377982587,0.13284155695957928
AAPL,2025-03-31,221.58761596679688,222.1300048828125,225.6199951171875,216.22999572753903,217.009994506836,65299300,46.849807912848874,45.78972020239558,47.14998660862905,223.0273678078824,229.7489198566305,230.57195828481295,220.94871356073907,224.6237022518695,-3.6749886911304372,0.0,48.0,50.0,74.0,38.39288741946423,0.019412618437147255,42001.76171875,218.72347630092077,219.0844032650902,231.2223020213872,8.655603728867971,221.39458312988282,238.70579058761876,204.08337567214687,0.20616060654553492
AAPL,2025-04-01,222.64501953125,223.19000244140625,223.67999267578125,218.8999938964844,219.8099975585937,36412700,48.123275072044436,46.4593574190029,47.53978489335535,223.04285682059896,229.53387338400017,230.40971749704576,221.29352723468787,224.51750226590926,-3.2239750312213857,0.0,44.0,48.0,72.0,-32.31601116024543,0.004771943413171442,41989.9609375,219.48656063988096,219.20349244617282,231.1675272122663,8.020024160924274,220.75913848876954,236.7991868106181,204.71909016692098,0.29163624227248486
AAPL,2025-04-02,223.3433074951172,223.88999938964844,225.19000244140625,221.0200042724609,221.32000732421875,35905900,48.992427674533175,46.90848641475216,47.799226408344644,223.1235370652703,229.348828335005,230.26642698919088,221.6929844892972,224.4710205713714,-2.778036082074209,8.0,40.0,46.0,70.0,-23.972634645842685,0.0031363286964034565,42225.3203125,220.28375156947544,219.44960378011066,231.11916286867057,7.306359644991347,220.16808471679687,234.78080400677956,205.55536542681418,0.32537610611854173
AAPL,2025-04-03,202.69386291503903,203.19000244140625,207.4900054931641,201.25,205.5399932861328,103419000,31.946893387833327,37.310385063059584,41.59238098317532,221.2251051963309,228.49116191226406,229.67134073539341,218.84637186654473,222.89464885804065,-4.048276991495925,4.0,96.0,44.0,98.0,128.95303118856594,-0.09245607048480553,40545.9296875,218.19268043154761,217.78539217994327,230.8648168725161,7.453141083799699,218.56500854492188,233.47129071252127,203.6587263773225,0.2741373025892887
AAPL,2025-04-04,187.92002868652344,188.3800048828125,199.8800048828125,187.33999633789065,193.88999938964844,125910900,25.193283598851806,32.392705285152175,37.99084478539286,218.09700040456724,227.17604200965908,228.76383884852348,214.15923848443208,220.3380085635793,-6.1787700791472275,0.0,96.0,42.0,98.0,172.10093876421976,-0.0728874274536283,38314.859375,214.22962050664992,214.8668226696196,230.46389378182332,8.795479217328394,216.0366973876953,233.6276558223521,198.44573895303853,0.044463551243712394
AAPL,2025-04-07,181.0169219970703,181.4600067138672,194.1499938964844,174.6199951171875,177.1999969482422,160466300,22.77099751043555,30.44807945665896,36.484555625228595,214.60776291021483,225.67715560651837,227.72419418622334,209.1285874428067,217.45815657471175,-8.32956913190506,12.0,96.0,40.0,98.0,122.64968531119227,-0.0367342786061855,37965.6015625,209.5895504906064,211.53160596575057,229.9956510682367,11.407090549494448,213.74131622314454,236.55549732213342,190.92713512415565,0.09448444723658522
AAPL,2025-04-08,171.99899291992188,172.4199981689453,190.33999633789065,169.2100067138672,186.6999969482422,120859500,20.0578580046856,28.158016674067667,34.65305495743061,210.58988055390347,223.93101929708973,226.50871735067878,203.48111216990495,214.12199669280312,-10.640884522898176,8.0,96.0,38.0,98.0,58.73867507952728,-0.049818154997102404,37645.58984375,204.04379214332218,207.55614660353888,229.43927143609346,14.609035939737694,211.32622756958008,240.54429944905547,182.1081556901047,-0.10873031256776075
AAPL,2025-04-09,198.3644561767578,198.8500061035156,200.6100006103516,171.88999938964844,171.9499969482422,184395900,41.86654351091129,41.49864458332517,43.164788441484994,209.47179727291413,223.10869099566105,225.90083358700485,202.76863431353735,212.99073813063367,-10.222103817096325,4.0,92.0,36.0,96.0,194.8093848675007,0.15328847459654016,40608.44921875,202.42024260021392,206.32169218517484,229.14704906938087,14.833200046650132,210.42194137573242,240.08834146903268,180.75554128243215,0.16043091149290625
AAPL,2025-04-10,189.95504760742188,190.4199981689453,194.77999877929688,183.0,189.07000732421875,121880000,38.27951472047146,39.09722418052593,41.40931313351826,207.65734021539328,222.036930575113,225.12103500638815,200.86884413744627,211.3188314668049,-10.449987329358635,0.0,88.0,34.0,94.0,98.60416534269322,-0.042393726837042345,39593.66015625,199.82032209123884,204.3724642072405,228.77154530387614,15.52471230675588,209.46129302978517,240.5107176432969,178.41186841627342,0.14203060980943494
AAPL,2025-04-11,197.6661529541016,198.1499938964844,199.5399932861328,186.0599975585937,186.1000061035156,87435900,43.09412079641779,42.27375478767092,43.55713979596591,206.7518786612115,221.25375232335466,224.52826487210456,200.45055948499058,210.34336201715155,-9.892802532160971,0.0,84.0,32.0,92.0,45.465631633936475,0.04059436926686022,40212.7109375,198.51313927060082,203.24911753336588,228.4736137913946,15.718631274800963,208.69616470336913,240.13342725297105,177.25890215376722,0.2541744243182675
AAPL,2025-04-14,202.02549743652344,202.5200042724609,212.94000244140625,201.16000366210932,211.44000244140625,101352900,45.674164586277506,43.986556349549545,44.72601960574381,206.34884300514003,220.63953107578436,224.04456683694755,200.76893560613988,209.76385403606335,-8.994918429923473,0.0,80.0,30.0,90.0,110.8294815844105,0.02205407661995684,40524.7890625,198.00172496977308,202.61381588890438,228.21956604155736,15.743856995847757,208.1235664367676,239.6112804284631,176.6358524450721,0.14498705249319432
AAPL,2025-04-15,201.6464233398437,202.13999938964844,203.509994506836,199.8000030517578,201.8600006103516,51343900,45.48106197822745,43.869177346170574,44.64398433138076,205.9480007560456,220.0329890532881,223.56314777217176,200.97986849591044,209.19912406225484,-8.219255566344401,52.0,76.0,28.0,88.0,21.00164025603077,-0.0018763675946341651,40368.9609375,197.64146423339844,201.99694511776877,227.96224348533212,15.777312358168537,207.59735488891602,239.15197960525308,176.04273017257896,0.1228584892788302
AAPL,2025-04-16,193.795639038086,194.2700042724609,200.6999969482422,192.3699951171875,198.3600006103516,59732400,41.56195503039047,41.49118994688338,42.97807926654936,204.8358106147518,219.1883010276872,222.91934242052977,199.9475816923028,208.09326333708492,-8.145681644782115,48.0,72.0,26.0,86.0,9.831682767801652,-0.03893341707592013,39669.390625,196.41864783877418,200.6824959891183,227.6273616528867,15.972843569871534,206.55141525268556,238.49710239242862,174.6057281129425,0.07060637124534067
AAPL,2025-04-17,196.4990234375,196.97999572753903,198.8300018310547,194.4199981689453,197.1999969482422,52164700,43.37150660964111,42.60224101182825,43.71605237064566,204.0876377683506,218.4601598703053,222.34924688881568,199.49103000541606,207.2700583289704,-7.779028323554343,44.0,68.0,24.0,84.0,6.757273923569825,0.013949665806890055,39142.23046875,195.837309047154,199.725125340053,227.32015559941382,16.033859299761623,205.69750518798827,237.7652237875115,173.62978658846504,0.08729051278708169
AAPL,2025-04-21,192.68833923339844,193.16000366210932,193.8000030517578,189.8099975585937,193.2700042724609,46742500,41.42430740177654,41.4515906488891,42.91714108426342,203.04691071061333,217.63064655200375,221.70772505965732,198.51702595259965,206.2248690943881,-7.707843141788459,40.0,64.0,22.0,82.0,-50.3414506660094,-0.019392891310289984,38170.41015625,194.9466305687314,198.4861571539016,226.97597743703358,16.02222901857002,204.44507064819337,236.4895286853334,172.40061261105333,0.13574021132811714
AAPL,2025-04-22,199.25228881835932,199.7400054931641,201.58999633789065,195.97000122070312,196.1199951171875,52976400,45.92758388281112,44.146344374239284,44.693655653921226,202.73196735657055,217.04406815663194,221.2249180362179,198.70517665114804,205.7445088276308,-7.039332176482759,36.0,60.0,20.0,80.0,19.586902786713168,0.03406511058777739,39186.98046875,195.20637657528832,197.99160650344123,226.69842105087355,15.61819622000532,203.39813385009765,234.63452629010828,172.16174141008702,0.14679065532422933
AAPL,2025-04-23,204.10043334960932,204.6000061035156,208.0,202.8000030517578,206.0,52929200,49.04363534148659,46.048356359367105,45.96117101954411,202.90987580866056,216.63606612210353,220.8595353563783,199.61207348997382,205.65973084806672,-6.047657358092891,32.0,56.0,18.0,78.0,53.44643644038314,0.02433168803229968,39606.5703125,196.3353297642299,198.05849217006138,226.47015050252278,14.91135340037027,202.44297256469727,232.26567936543782,172.62026576395672,0.3036488358055319
AAPL,2025-04-24,207.8612060546875,208.3699951171875,208.8300018310547,202.94000244140625,204.88999938964844,47311000,51.38405526359279,47.48690663003074,46.92400601704979,203.4298871713774,216.36504740063089,220.58503996650597,200.9594460480067,205.86049116429788,-4.901045116291186,28.0,52.0,16.0,76.0,37.268214274315916,0.01842608878069485,40093.3984375,198.14898478190105,198.5745144072033,226.2803418993594,14.329585943824988,201.78657989501954,230.4457517826695,173.12740800736958,0.0814125128673409
AAPL,2025-04-25,208.7689819335937,209.27999877929688,209.75,206.1999969482422,206.3699951171875,38222300,51.95765087534464,47.83507934483963,47.15591512039288,203.9870406578459,216.13275072452157,220.33657752283102,202.23953108358978,206.11378802466817,-3.874256941078386,24.0,48.0,14.0,74.0,3.039509580857694,0.004367221263343213,40113.5,200.03446379162017,199.23950507754373,226.10049331816867,13.527012550249445,201.0598587036133,228.11388380411216,174.0058336031144,0.11522145373065194
AAPL,2025-04-28,209.6268920898437,210.13999938964844,211.5,207.4600067138672,210.0,38743100,52.52770380643915,48.17186235411629,47.377646430831035,204.5730367275414,215.93626707419787,220.11247690451933,203.45498774606034,206.4120259035556,-2.957038157495248,20.0,44.0,12.0,72.0,-2.700999030603788,0.004109375580146679,40227.58984375,201.8357693626767,200.05541301908949,225.93010595748675,13.141068244269194,200.67280654907228,226.95494303761066,174.3906700605339,-0.07625589415387682
AAPL,2025-04-29,210.6942749023437,211.2100067138672,212.2400054931641,208.3699951171875,208.69000244140625,36827600,53.270627108650956,48.60002345281817,47.65648052975049,205.20512910719145,215.78130771812144,219.91681821901048,204.6480675872614,206.7674318895046,-2.1193643022431843,16.0,40.0,10.0,70.0,-43.601845655313305,0.005091821959763321,40527.62109375,203.50691673642112,201.0098385765439,225.77143413334937,12.435376422061326,200.1281394958496,224.99889233997226,175.25738665172696,0.14667805085530175
AAPL,2025-04-30,211.9811248779297,212.5,213.5800018310547,206.6699981689453,209.3000030517578,52286500,54.201199665169334,49.12548850282784,47.99547947654847,205.89987871603037,215.67372385851087,219.75381122518607,205.8560571892212,207.1920665643561,-1.3360093751349211,12.0,36.0,8.0,68.0,43.59413061926196,0.006107664653832945,40669.359375,204.98111761183966,202.1386943272182,225.62634089759334,11.621057547421474,199.5949447631836,222.83705985802655,176.35282966834066,0.19397830195430588
AAPL,2025-05-01,212.79913330078125,213.32000732421875,214.5599975585937,208.8999938964844,209.0800018310547,57365700,54.81715385323258,49.466044343861334,48.21302978991504,206.60655763109594,215.59655282459963,219.6124089416483,207.00435720999005,207.6459881021237,-0.6416308921336622,8.0,32.0,6.0,66.0,59.76677927582932,0.0038588738658813515,40752.9609375,206.43470371791295,203.39623609270365,225.4902440434546,10.688748323910417,199.0677360534668,220.44523270128764,177.69023940564597,0.3740336724174323
AAPL,2025-05-02,204.8485870361328,205.3500061035156,206.9900054931641,202.16000366210932,206.08999633789065,101010600,48.05265570929087,46.33944407116128,46.29240946530059,206.48688605704066,215.26060047308866,219.29894953861242,206.74984165514783,207.47591536148607,-0.7260737063382408,4.0,28.0,4.0,64.0,-2.328779044469585,-0.037361741757710676,41317.4296875,206.61065426781065,203.94679332914808,225.2760445035868,10.737967008830054,199.17547225952148,220.6514062771816,177.69953824186138,0.3603718020360416
AAPL,2025-05-05,198.40435791015625,198.88999938964844,204.1000061035156,198.2100067138672,203.1000061035156,69018500,43.3799654999928,44.00166962866165,44.81583116996804,205.76337304109853,214.72385945395945,218.8504011836901,205.54063515276331,206.8399215857944,-1.2992864330310852,0.0,24.0,2.0,62.0,-45.18465041549222,-0.03145849927117084,41218.828125,205.85897013346354,203.87335386730373,224.99914683327745,10.410491478167868,199.69968872070314,220.52067167703888,178.8787057643674,0.2673926006446875
AAPL,2025-05-06,198.0252685546875,198.509994506836,200.6499938964844,197.0200042724609,198.2100067138672,51216500,43.11436621559754,43.866664184870366,44.730188152543,205.0725750854545,214.19225732454555,218.4033592787043,204.45899813031298,206.222889950316,-1.7638918200030105,4.0,20.0,0.0,60.0,-68.08270646235378,-0.0019106906696092496,40829.0,205.09122779482888,203.71388528006418,224.71992747596246,9.454829012160346,200.55010604858398,219.45976407290468,181.6404480242633,0.2110370362602116
AAPL,2025-05-07,195.7707977294922,196.25,199.44000244140625,193.25,199.1699981689453,68536700,41.48753303189818,43.0520108076993,44.21740854581784,204.23232983922077,213.60398659259323,217.91647226158992,203.19607534103403,205.4841573614037,-2.2880820203696715,0.0,16.0,0.0,58.0,-43.29225257427012,-0.011384763377168206,41113.96875,204.0573765345982,203.25871305919824,224.4195123002541,6.797456309310268,201.7386962890625,215.33360890768301,188.14378367044196,0.17677362231689872
AAPL,2025-05-08,197.00778198242188,197.4900054931641,200.0500030517578,194.67999267578125,197.72000122070312,50478900,42.76366925299134,43.64748829723955,44.57315750207098,203.59020371102488,213.07565934343162,217.46753892602013,202.31821844136175,204.89199796375635,-2.5737795223946023,76.0,12.0,4.0,56.0,-72.6247167100787,0.006318533035958307,41368.44921875,203.16964547293526,202.80814979189918,224.13276074689418,6.839540069410906,201.6708625793457,215.3499427181675,187.9917824405239,0.10432528769101462
AAPL,2025-05-09,198.0452423095703,198.52999877929688,200.5399932861328,197.5399932861328,199.0,36453900,43.86937736758912,44.15537857596115,44.87402996734147,203.1082794318127,212.5987524396895,217.05132925246576,201.73541541642868,204.4207387649075,-2.6853233484788177,72.0,8.0,2.0,54.0,-70.09033475549721,0.0052660880535218,41249.37890625,202.41539713541667,202.46285262334914,223.85760865016957,6.330457280517938,202.07537231445312,214.736286875489,189.41445775341725,0.03705206090908977
AAPL,2025-05-12,210.5510406494141,210.7899932861328,211.2700042724609,206.75,210.97000122070312,63775800,55.12351354180753,49.8100523558561,48.32437026840432,203.83987122746223,212.53944886088436,216.91371747298592,203.12842739638316,204.89253539610937,-1.7641079997262068,68.0,4.0,0.0,52.0,-27.05993762287573,0.0631461689965549,42410.1015625,203.27757045200892,203.27005913144066,223.70816914724475,6.51117994011802,202.71961669921876,215.7419765794548,189.6972568189827,0.03027859897034701
AAPL,2025-05-13,212.6886138916016,212.92999267578125,213.3999938964844,209.0,210.42999267578125,51909300,56.720810595871455,50.69500688649377,48.882402936535144,204.7055970796831,212.55225357612687,216.82616308183856,204.63636051629055,205.487902602011,-0.851542085720439,64.0,0.0,6.0,50.0,-48.78360658649136,0.010152280585241868,42140.4296875,204.31714637393043,204.21948743547713,223.58033361026898,6.877605997512877,203.25277252197264,217.0079845169984,189.4975605269469,0.02956329293085368
AAPL,2025-05-14,212.0892944335937,212.3300018310547,213.94000244140625,210.5800018310547,212.42999267578125,49325800,56.117711259178655,50.436435632023084,48.73184695455267,205.43173086552798,212.5449666336655,216.7273463510521,205.8199976416389,205.99472476712532,-0.17472712548641312,60.0,0.0,4.0,48.0,-3.930554554679329,-0.0028178257737545565,42051.05859375,205.1950208391462,205.0610609508696,223.44671099382848,7.140613658020527,203.77491607666016,218.05614339270122,189.4936887606191,-0.03863388095605541
AAPL,2025-05-15,211.21029663085932,211.4499969482422,212.9600067138672,209.5399932861328,210.9499969482422,45029500,55.190822987221885,50.04817178591083,48.50825075437001,206.0048990638817,212.50906598824176,216.61136064989142,206.68615138111633,206.3988190027636,0.28733237835274394,56.0,0.0,2.0,46.0,-24.61461451406607,-0.004144470399044975,42322.75,205.9154280889602,205.7691924322219,223.30457149372765,6.917994475388278,204.6456489562988,218.48163790707537,190.80966000552223,-0.1244115910659652
AAPL,2025-05-16,211.0205078125,211.259994506836,212.57000732421875,209.7700042724609,212.3600006103516,54737900,54.97967007190459,49.962052595798134,48.45926327301449,206.50538434416305,212.46811282491697,216.4937482071869,207.38981955430398,206.75890607713933,0.6309134771646541,52.0,0.0,0.0,44.0,4.932837723594692,-0.0008985774907130928,42654.73828125,206.58727954682848,206.3763218470982,223.16083049185835,6.7786116663440925,205.37172317504883,218.928946507737,191.81449984236065,-0.13879794619218117
AAPL,2025-05-19,208.54331970214844,208.77999877929688,209.47999572753903,204.259994506836,207.91000366210932,46140500,52.173872514219894,48.82485658453232,47.8161223556829,206.72201429036627,212.34719105292942,216.32421525272778,207.60369328122596,206.90861664766953,0.6950766335564253,48.0,16.0,0.0,42.0,-1.28790715087982,-0.01173908704907789,42792.0703125,206.91556672595797,206.67837865920293,222.9927649373676,6.111523724102146,206.16447219848632,218.3875196466906,193.94142475028204,-0.0198047414726814
AAPL,2025-05-20,206.62550354003903,206.8600006103516,208.47000122070312,205.02999877929688,207.6699981689453,42496600,50.04453957570148,47.94863577068893,47.31999187835658,206.7351558446506,212.16728316956622,216.11621053531292,207.48927902416835,206.90501545972006,0.5842635644482925,44.0,12.0,0.0,40.0,-19.782016143037275,-0.009196248361484471,42677.23828125,207.00863037109374,206.72228640601747,222.8062262038805,5.89102697876317,206.53313293457032,218.31518689209665,194.751078977044,-0.04650050253020333
AAPL,2025-05-21,201.86090087890625,202.08999633789065,207.0399932861328,200.7100067138672,205.1699981689453,59211800,45.117971756431395,45.82962635097587,46.10720636528658,206.29275970114966,211.83688032262603,215.8079420914135,206.6586201493564,206.54834737662156,0.11027277273484515,40.0,8.0,26.0,38.0,11.869818550063103,-0.023059121838798213,41860.44140625,206.51741957891556,206.27731192452566,222.57279946702036,5.960575423708924,206.42115631103516,218.34230715845302,194.5000054636173,-0.05016735086962999
AAPL,2025-05-22,201.13172912597656,201.3600006103516,202.75,199.6999969482422,200.7100067138672,46742400,44.397635230177194,45.5104248415355,45.92340425840225,205.82297312107366,211.49337606976457,215.49040491600556,205.84344791258644,206.1640253939349,-0.3205774813484652,36.0,4.0,24.0,36.0,-1.2018346684703345,-0.0036122485818445016,41859.08984375,206.03315952845983,205.7735569545201,222.3329495072246,6.064047336764424,206.0846824645996,218.21277713812844,193.95658779107077,-0.030855240663540662
AAPL,2025-05-23,195.04864501953125,195.2700042724609,197.6999969482422,193.4600067138672,193.6699981689453,78432900,38.82819284869785,42.92395958377893,44.416136650824846,204.81792846882482,210.9614622403448,215.04600050625731,204.21676427564407,205.3570608664183,-1.140296590774227,32.0,0.0,22.0,34.0,105.2019370890815,-0.03024427887573744,41603.0703125,204.7732202439081,204.72250576927547,222.03291602443107,6.504480271910613,205.39866561889647,218.4076261627177,192.38970507507526,0.020843326880093674
AAPL,2025-05-27,199.9830474853516,200.2100067138672,200.7400054931641,197.42999267578125,198.3000030517578,56288500,44.86960433847556,45.52815093579989,45.88624266227113,204.3790787778765,210.60895550177173,214.71993470862236,203.6003400353707,204.97579759585895,-1.3754575604882575,28.0,44.0,20.0,32.0,45.28651553437902,0.025298317070217236,42343.6484375,204.20316045851933,204.20673261369978,221.78252748555806,6.5319370959632455,204.91647338867188,217.98034758059836,191.8525991967454,0.07429875909087762
AAPL,2025-05-28,200.1927947998047,200.4199981689453,202.72999572753903,199.8999938964844,200.58999633789065,45339700,45.11772659532282,45.63748982678594,45.94825033693785,204.0020234817878,210.27489132692497,214.40565038906902,203.11105667130525,204.63833097164314,-1.5272743003378935,24.0,40.0,18.0,30.0,23.113371493119292,0.0010488254734115632,42098.69921875,203.64242146809895,203.75685846237909,221.53465501548047,6.464778813935704,204.3913993835449,217.3209570114163,191.46184175567348,0.007105372737938631
AAPL,2025-05-29,199.72332763671875,199.9499969482422,203.8099975585937,198.509994506836,203.5800018310547,51396800,44.63352160294203,45.42584452313086,45.82831301082223,203.61611619287868,209.93637019975506,214.08794372003985,202.624739790834,204.29104696990973,-1.6663071790757158,20.0,36.0,16.0,28.0,-1.7015864515697168,-0.00234507522388816,42215.73046875,202.97697259812128,203.3122802007766,221.28270245300595,6.285941784491036,203.77850952148438,216.35039309046644,191.20662595250232,-0.08162264198518271
AAPL,2025-05-30,200.622314453125,200.8500061035156,201.9600067138672,196.77999877929688,199.3699951171875,70819900,45.832344093823785,45.92385102388714,46.10321020597274,203.35267713674887,209.63845662282918,213.79700003616017,202.35170383893887,204.03615505388055,-1.6844512149416744,16.0,32.0,14.0,26.0,23.453387651506038,0.004501160816033689,42270.0703125,202.40552629743303,203.01169019426618,221.04045454110673,5.946800937088091,203.16966857910157,215.06327045327774,191.2760667049254,-0.05467621371373024
AAPL,2025-06-02,201.47134399414065,201.6999969482422,202.1300048828125,200.1199951171875,200.27999877929688,35423300,46.99953480957802,46.402870601706134,46.36550252137377,203.19527902355776,209.37817925644927,213.53113183642571,202.25144124037016,203.86310630531477,-1.6116650649446171,12.0,28.0,12.0,24.0,-64.93110624033517,0.00423197959474253,42305.48046875,201.92274039132255,202.84994499569848,220.80744572805528,5.944566900270197,203.00080642700195,214.88994022754235,191.11167262646154,0.005866667860217402
AAPL,2025-06-03,203.03956604003903,203.2700042724609,203.7700042724609,200.9600067138672,201.3500061035156,46381600,49.1778669920493,47.297124495428825,46.85298634920977,203.2023957139295,209.17791122418737,213.3056125493056,202.4081432453072,203.81917282139966,-1.41102957609246,8.0,24.0,10.0,22.0,-32.79830770010939,0.007783846649397352,42519.640625,201.7355240594773,202.8536363874163,220.59097512620005,5.84546402022518,203.2325668334961,214.92349487394645,191.54163879304573,0.03350670217273195
AAPL,2025-06-04,202.590087890625,202.82000732421875,206.2400054931641,202.1000061035156,202.91000366210932,43604000,48.5618042381948,47.063724469934364,46.72877098727147,203.1659777720523,208.96945535861462,213.07515968721577,202.47150694975514,203.7451605623492,-1.2736536125940745,4.0,20.0,8.0,20.0,-14.863374107953492,-0.00221374660210516,42427.73828125,201.5802730015346,202.79244791666667,220.3709103795901,5.71919431053866,203.46080780029297,214.89919642137028,192.02241917921566,0.05127574335970492
AAPL,2025-06-05,200.402572631836,200.6300048828125,204.75,200.1499938964844,203.5,55126100,45.56981698111131,45.92004264857205,46.12153401448358,202.92445654450563,208.69603075285062,212.8016398014047,202.18819893945627,203.51440828979094,-1.3262093503346648,0.0,16.0,6.0,18.0,-19.56703488787759,-0.010797740805413958,42319.73828125,201.22382187616256,202.50118742443266,220.1301285116471,5.480195771529605,203.69239654541016,214.65278808846938,192.73200500235095,0.05924778753854421
AAPL,2025-06-06,203.68882751464844,203.9199981689453,205.6999969482422,202.0500030517578,203.0,46607700,50.50353108604382,47.892744906980944,47.173851705424575,203.01927003254752,208.5394395205914,212.60643888640558,202.45462959014688,203.54445198454312,-1.0898223943962364,32.0,12.0,4.0,16.0,-7.6689468272882335,0.01639826694665092,42762.87109375,201.40846877325149,202.50084751674106,219.92326959107052,5.250075140332502,204.02644882202148,214.52659910268648,193.52629854135648,0.065406337664336
AAPL,2025-06-09,201.2216339111328,201.4499969482422,206.0,200.0200042724609,204.38999938964844,72862600,47.055055582920836,46.570143351004184,46.47841301213,202.86981545308987,208.30699878051436,212.3612423602921,202.30007072216154,203.38930716703933,-1.0892364448777982,28.0,8.0,2.0,14.0,99.87600777968886,-0.012112562253018933,42761.76171875,201.3339820498512,202.23372228713262,219.6929139557644,5.105673690085737,204.1852684020996,214.39661578227108,193.97392102192813,-0.0514942563980699
AAPL,2025-06-10,202.44024658203125,202.6699981689453,204.3500061035156,200.57000732421875,200.6000061035156,54672600,48.9106494384488,47.31538960143784,46.87315012647761,202.8507852355523,208.12217908833176,212.14824798246028,202.35698263705135,203.33602501903238,-0.9790423819810314,24.0,4.0,0.0,12.0,-14.27375274006755,0.00605607184084711,42866.87109375,201.49170735677083,202.0675297328404,219.47588974226767,4.891038898309208,203.77972869873048,213.5618064953489,193.99765090211207,-0.04692151765044985
AAPL,2025-06-11,198.55465698242188,198.77999877929688,204.5,198.41000366210932,203.5,60989900,43.65670684299737,45.22935416010791,45.77472641420759,202.4630912873375,207.8158780945929,211.85444030766547,201.80667742816604,202.99854159386678,-1.1918641657007356,20.0,0.0,2.0,10.0,17.493204493221832,-0.019193760456297837,42865.76953125,201.1712136404855,201.56990385509673,219.22134279469353,4.544908491673223,203.0730308532715,212.16284783661794,193.98321386992504,-0.14790999489037324
AAPL,2025-06-12,198.97418212890625,199.1999969482422,199.67999267578125,197.3600006103516,199.0800018310547,43904600,44.351761675623756,45.498398501994586,45.91436411597285,202.15232039789987,207.53339018815515,211.57632067339242,201.4056496620239,202.7171679164131,-1.311518254389199,16.0,44.0,0.0,8.0,-10.990597212817633,0.002112895022762018,42967.62109375,200.93814464750744,201.17953730991908,218.97221078445662,4.099903170442873,202.41727523803712,210.61708157892286,194.21746889715138,-0.0663215631983252
AAPL,2025-06-13,196.227294921875,196.4499969482422,200.3699951171875,195.6999969482422,199.72999572753903,51447300,40.802551828922475,44.02981070366451,45.13776350024831,201.60924197412297,207.17000024586292,211.24387399811437,200.64324155221132,202.25293302988192,-1.6096914776705944,12.0,40.0,38.0,6.0,14.25243451515118,-0.013805244367089187,42197.7890625,200.359372093564,200.5900153750465,218.6970806421688,3.763739938876712,201.6681251525879,209.1956050303413,194.14064527483447,-0.18601783964436233
AAPL,2025-06-16,198.195068359375,198.4199981689453,198.69000244140625,196.5599975585937,197.3000030517578,43020700,44.24467274653127,45.340494817199954,45.80779339942571,201.30550446886792,206.8831149318656,210.96203057329745,200.30120410863194,201.9690119290718,-1.6678078204398616,8.0,36.0,36.0,4.0,-21.4060093646267,0.010028031208825672,42515.08984375,200.03174409412202,200.2592480614072,218.44301791214824,3.1247694267408055,201.02685317993163,207.27639203341326,194.77731432645,-0.19293050923428404
AAPL,2025-06-17,195.418212890625,195.63999938964844,198.38999938964844,195.2100067138672,197.1999969482422,38856200,40.652378045538796,43.83816236081028,45.01612933570695,200.76593255656132,206.5144881927765,210.62528263519528,199.5840956903268,201.5001961854108,-1.9161004950840095,4.0,32.0,34.0,2.0,-15.787215136376936,-0.014010719296581597,42215.80078125,199.35089707147506,199.72509184337798,218.1627565495885,2.827176859566716,200.37059783935547,206.0249515584889,194.71624412022203,-0.2770107812775199
AAPL,2025-06-18,196.35714721679688,196.5800018310547,197.57000732421875,195.07000732421875,195.94000244140625,45394700,42.3566039170788,44.483193202685015,45.34204915437946,200.36727248746544,206.18876732845774,210.31659514499438,199.12192740428492,201.13573734434738,-2.0138099400624583,0.0,28.0,32.0,0.0,6.8196043918807625,0.004804743182752258,42171.66015625,198.84071350097656,199.34285845075334,217.89333147798604,2.550310965624844,199.85718002319337,204.95780195444306,194.75655809194367,-0.2699234196651754
AAPL,2025-06-20,200.7721405029297,201.0,201.6999969482422,196.8600006103516,198.2400054931641,96813500,49.67457660154771,47.427524635252865,46.85358411863668,200.42753225056396,206.01864380949192,210.11183481213735,199.41086164977955,201.12568272624756,-1.714821076468013,0.0,24.0,30.0,0.0,63.50372729759947,0.02248450514132916,42206.8203125,198.95125456310453,199.42999754406156,217.6694470533684,2.516687671276902,199.80274200439453,204.83611734694833,194.76936666184073,-0.12442589442733988
AAPL,2025-06-23,201.2715759277344,201.5,202.3000030517578,198.9600067138672,201.6300048828125,55814300,50.44105037147023,47.75258988697725,47.02269747672757,200.52967203622455,205.87049155344297,209.92256371736508,199.73226754981346,201.1534099317107,-1.4211423818972548,0.0,20.0,28.0,0.0,19.408288834120626,0.002487573343361582,42581.78125,199.12696010044644,199.56988648914157,217.4518837293938,2.520765426037465,199.80973434448245,204.8512651965574,194.7682034924075,-0.15246028998400932
AAPL,2025-06-24,200.07293701171875,200.3000030517578,203.44000244140625,200.1999969482422,202.58999633789065,54064000,48.53066994396529,47.02885448121396,46.65909802017727,200.50779879960868,205.6878525861746,209.7110788675715,199.81961147318952,201.09019460726978,-1.2705831340802547,0.0,16.0,26.0,0.0,-31.06974241676643,-0.005955331300461553,43089.01953125,199.1447496686663,199.59495340983074,217.22341188193553,2.2579687764349647,200.06094894409182,204.57688649696175,195.5450113912219,-0.1460244470535807
AAPL,2025-06-25,201.33151245117188,201.5599975585937,203.6699981689453,200.6199951171875,201.4499969482422,39525700,50.6443916615349,47.8888548768639,47.09738405924441,200.60800820522633,205.5525130770736,209.53193422341815,200.0873631786363,201.12499482588638,-1.0376316472500662,0.0,12.0,24.0,8.0,-29.780150474786147,0.0062905831155934955,42982.4296875,199.35860290527344,199.71595945812408,217.00844595913864,2.275584158799398,200.12837219238284,204.67954050998165,195.57720387478403,-0.20446872119557358
AAPL,2025-06-26,200.7721405029297,201.0,202.63999938964844,199.4600067138672,201.42999267578125,50799100,49.66809255857213,47.53316482766786,46.9225306663549,200.64534075710952,205.40325035323514,209.34441918554083,200.2277688434615,201.1157359498948,-0.8879671064333081,0.0,8.0,22.0,6.0,12.041103050968577,-0.0027783626191049127,43386.83984375,199.50985964820498,199.7772707257952,216.78891008215757,2.2801302744975747,200.1573394775391,204.71760002653426,195.59707892854394,-0.09060105085858625
AAPL,2025-06-27,200.85205078125,201.0800018310547,203.22000122070312,200.0,201.88999938964844,73188600,49.81692426141414,47.59083360481586,46.951240349303895,200.68673704986622,205.2615045000489,209.16278363928836,200.3588816107835,201.11308897812887,-0.7542073673453729,32.0,4.0,20.0,4.0,42.39913768950596,0.00039801477495893245,43819.26953125,199.66825140090216,199.843433707101,216.57111584563754,2.282789660246159,200.21377563476565,204.77935495525796,195.64819631427335,-0.11604186445524982
AAPL,2025-06-30,204.9374084472656,205.1699981689453,207.38999938964844,199.259994506836,202.009994506836,91912800,56.84303626372991,50.47676867960788,48.407067345551994,201.11371429930233,205.2585042924717,209.07503011246763,201.09905338896223,201.4136007700412,-0.31454738107896674,96.0,0.0,18.0,2.0,29.7838601861906,0.020340134193924664,44094.76953125,200.39837443033855,200.29330349876767,216.39491892876316,2.5154914262783157,200.42953033447264,205.46051318702928,195.398547481916,0.06981818784768111
AAPL,2025-07-01,207.5844116210937,207.82000732421875,210.19000244140625,206.13999938964844,206.6699981689453,78788900,60.683967557269426,52.2437351226263,49.32648713817902,201.7524088731039,205.3424879984306,209.0474471940446,202.13304630207864,201.888149403684,0.2448968983946429,96.0,64.0,16.0,0.0,122.42111830348952,0.012916154224274834,44494.94140625,201.4460428873698,200.97472076416017,216.24576447823748,2.9776776179423132,200.7351837158203,206.69053895170495,194.77982847993567,0.06713198164532125
AAPL,2025-07-02,212.1991729736328,212.44000244140625,213.33999633789065,208.13999938964844,208.91000366210932,67941800,66.31293013385198,55.13767908597428,50.88359575532946,202.77027492722794,205.5751933900036,209.12200884783275,203.7187318619752,202.66976814721897,1.048963714756212,96.0,60.0,14.0,22.0,46.48438173758559,0.022230770203316208,44484.421875,203.06002081008185,202.0665292649042,216.14322676397674,3.9093859241820867,201.1931640625,209.01193591086417,193.3743922141358,0.18871209080233645
AAPL,2025-07-03,213.30792236328125,213.5500030517578,214.6499938964844,211.8099975585937,212.1499938964844,34955800,67.51628361012484,55.80496455211683,51.250846802965725,203.7969157009927,205.83666255924143,209.21932740176516,205.23123512194175,203.4757114734811,1.7555236484606382,96.0,56.0,98.0,20.0,-19.833501513622604,0.005225041050401336,44828.53125,204.69188421340215,203.22031576974052,216.05219595230633,4.754250405774138,201.72905578613282,211.2375565976811,192.22055497458453,0.20564682937262949
AAPL,2025-07-07,209.7119903564453,209.9499969482422,216.22999572753903,208.8000030517578,212.67999267578125,50229000,60.02701376156174,53.14623142277123,50.01326563258985,204.382923438826,205.9715259818316,209.23538607311627,205.95719847983415,203.95528817531525,2.0019103045189013,96.0,52.0,98.0,18.0,-8.883450851774386,-0.016857939297312052,44406.359375,205.70777820405505,203.9805952526274,215.9257907605527,5.063228974790273,202.19452667236328,212.32098462194384,192.06806872278273,0.06776643149682612
AAPL,2025-07-08,209.7719268798828,210.009994506836,211.42999267578125,208.4499969482422,210.1000061035156,42848900,60.10644629890326,53.18478487550598,50.03378684828803,204.91883496911265,206.1039347859301,209.25241043429693,206.58070556091133,204.4037849406131,2.176920620298233,92.0,48.0,96.0,16.0,-8.064761831199565,0.0002858039892503772,44240.76171875,206.60323806036087,204.70225241524832,215.80026085393345,5.3332290967759555,202.498681640625,213.1651398341769,191.8322234470731,0.06925279471535696
AAPL,2025-07-09,210.9006500244141,211.13999938964844,211.3300018310547,207.22000122070312,209.52999877929688,48749400,61.65190088612546,53.925195094507544,50.42488150916256,205.5113268186875,206.26905165818317,209.2938959058431,207.28213538071702,204.90276378868978,2.3793715920272405,88.0,44.0,94.0,14.0,-33.09407020885887,0.005380715910463962,44458.30078125,207.5389385405041,205.5024398803711,215.6862612171078,5.641488108777061,202.98263244628907,214.26560866384318,191.69965622873497,0.1561445217340259
AAPL,2025-07-10,212.1692047119141,212.41000366210932,213.47999572753903,210.02999877929688,210.509994506836,44443600,63.369428261288945,54.75913039181937,50.86592752301461,206.16834366091817,206.47039434683649,209.3623817905962,208.0710381932389,205.4588556311653,2.612182562073599,84.0,40.0,92.0,12.0,-18.709554694673383,0.006014939675876629,44650.640625,208.49632786342076,206.37735152471635,215.58532018481202,6.000296790024285,203.4690803527832,215.46967393283177,191.46848677273465,0.19488756776030935
AAPL,2025-07-11,210.92062377929688,211.16000366210932,212.1300048828125,209.8600006103516,210.57000732421875,39765800,60.49739990339181,53.76583815124775,50.41545813164833,206.6437398515078,206.62415202930444,209.4018899635965,208.5462636499882,205.8811628927167,2.665100757271489,80.0,36.0,90.0,10.0,-34.79936842001708,-0.00588483580504795,44371.51171875,209.1366487048921,207.08702232724144,215.47273359839596,6.103475090523312,204.08737869262694,216.29432887367358,191.8804285115803,0.22229907511042116
AAPL,2025-07-14,208.3834991455078,208.6199951171875,210.91000366210932,207.5399932861328,209.92999267578125,38840100,55.038726642543985,51.786340048965414,49.50638553562526,206.8319546387154,206.68958950759568,209.3847054614776,208.55760695263422,206.0840393537886,2.4735675988456194,76.0,32.0,88.0,8.0,-11.535237765518875,-0.012028812490351148,44459.6484375,209.34203404017856,207.49617665608724,215.33570906757714,6.051014986380393,204.55784454345704,216.65987451621783,192.45581457069625,0.2101305404493644
AAPL,2025-07-15,208.8729553222656,209.1100006103516,211.88999938964844,208.9199981689453,209.22000122070312,42296300,55.86605859735075,52.138871511219335,49.68498427808949,207.04891139791886,206.76894724866963,209.3786679922221,208.64259059228306,206.30818463205253,2.3344059602305265,72.0,28.0,86.0,6.0,-17.787133629947537,0.0023488240612372646,44023.2890625,209.5449475969587,207.90713958740236,215.20440237851878,5.7897702555557755,205.19012756347655,216.7696680745881,193.610587052365,0.1536079126314915
AAPL,2025-07-16,209.92176818847656,210.16000366210932,212.3999938964844,208.63999938964844,210.3000030517578,47490500,57.66377905881092,52.904096900845964,50.07113049720948,207.34520589927033,206.88012942615944,209.3958402047471,208.8760387568717,206.59350456020488,2.2825341966668304,68.0,24.0,84.0,4.0,10.389882080021943,0.00502129567034082,44254.78125,209.80389317103794,208.35777202787853,215.08439948769944,5.6358306160411065,205.77646255493164,217.04812378701385,194.50480132284943,0.1211571238248262
AAPL,2025-07-17,209.78192138671875,210.0200042724609,211.8000030517578,209.58999633789065,210.57000732421875,48068100,57.328459462478136,52.78739297915209,50.01890088815534,207.59994860147896,206.98307614243163,209.4095580963452,209.05203345157776,206.84731935370533,2.204714097872426,64.0,20.0,82.0,2.0,23.707670847895574,-0.0006661853268702389,44484.48828125,209.9623805454799,208.73924429757255,214.96377123400939,5.139750691160499,206.49464797973633,216.77414936205733,196.21514659741533,0.01610645193696464
AAPL,2025-07-18,210.9405975341797,211.17999267578125,211.7899932861328,209.6999969482422,210.8699951171875,48974600,59.43330242413657,53.6656130564096,50.455824420964724,207.94090517998393,207.1206799631972,209.44846874644267,209.3794117937629,207.16825811830353,2.2111536754593715,60.0,16.0,80.0,0.0,7.886162922103241,0.005523241182089356,44342.19140625,210.18955063592819,209.1626680646624,214.85550215156516,4.635602502954074,207.22382049560548,216.49502550151362,197.95261548969734,-0.015011670947560004
AAPL,2025-07-21,212.23912048339844,212.47999572753903,215.77999877929688,211.6300048828125,212.1000061035156,51377400,61.71264195775088,54.64610007161541,50.946205526639574,208.3731995178463,207.29639523415923,209.51509571306016,209.85642470665152,207.56172016343208,2.2947045432194386,56.0,12.0,78.0,22.0,-46.93157462543963,0.0061558702516160135,44323.0703125,210.4937757219587,209.64031568254742,214.760939475292,4.5028755636261275,207.79716949462892,216.80292062188119,198.79141836737665,0.08258868076190368
AAPL,2025-07-22,214.15695190429688,214.3999938964844,214.9499969482422,212.22999572753903,213.13999938964844,46404100,64.8536236658075,56.069921332773696,51.66717688140371,208.94717993485943,207.5293001083338,209.62245611269586,210.5554353512412,208.068258958473,2.487176392768191,52.0,8.0,76.0,20.0,-16.859836995178654,0.009036182474420285,44502.44140625,210.98417154947916,210.24600924537296,214.68643887875686,4.441453612712618,208.44143829345703,217.32434551888227,199.55853106803178,0.12668766589636177
AAPL,2025-07-23,213.9072265625,214.1499938964844,215.1499938964844,212.41000366210932,215.0,46989300,64.11603617464144,55.83323125483091,51.56647468204402,209.44268602644277,207.74637203581418,209.72196243761428,211.1084443582017,208.51875784277016,2.589686515431538,48.0,4.0,74.0,18.0,-13.085787215152411,-0.0011660856188711044,45010.2890625,211.37867504301525,210.76656050909133,214.61000097322227,4.136343051883854,209.1331527709961,217.40583887476382,200.8604666672284,0.049780715823612286
AAPL,2025-07-24,213.5176696777344,213.759994506836,215.69000244140625,213.52999877929688,213.8999938964844,46022600,62.91399454815485,55.454536126843536,51.40698648012975,209.85385826267068,207.94353998568374,209.8107103951796,211.51637515029927,208.90699759566394,2.60937755463533,44.0,0.0,72.0,16.0,16.437153548197756,-0.0018211487803652116,44693.91015625,211.70497044154575,211.1841335478283,214.5302750499213,3.8114137344127244,209.74246063232422,217.36528810114967,202.11963316349878,-0.019691562169367086
AAPL,2025-07-25,213.63754272460932,213.8800048828125,215.2400054931641,213.3999938964844,214.6999969482422,40268800,63.14298026865977,55.55074306375586,51.454131733822074,210.23730079792227,208.13817817903222,209.90014543886383,211.88001049376282,209.27536850582308,2.6046419879397433,40.0,0.0,70.0,14.0,-20.72930425932743,0.0005614197975083446,44901.921875,212.04525131952195,211.55509374709357,214.45229447625763,3.2641571089644983,210.3857307434082,216.9140449613372,203.8574165254792,-0.07033258809891019
AAPL,2025-07-28,213.807357788086,214.0500030517578,214.8500061035156,213.0599975585937,214.02999877929688,37858000,63.486922993002715,55.69132857503998,51.5221203735339,210.60041529828757,208.33200850272814,209.99135110068568,212.21385550268513,209.62904513885528,2.5848103638298596,36.0,0.0,68.0,12.0,-48.2733649776058,0.0007948746335075807,44837.55859375,212.37078799293155,211.88096298944382,214.37660618264877,2.4587565325202485,211.03349609375,215.9510091587905,206.11598302870948,-0.02421545426781096
AAPL,2025-07-29,211.030502319336,211.2700042724609,214.8099975585937,210.82000732421875,214.17999267578125,51411700,54.52638004783806,52.85638234469757,50.34560758065682,210.66418567678028,208.4283362328833,210.01945336819722,212.06864762111218,209.7505976672705,2.3180499538416655,32.0,16.0,66.0,10.0,-44.06470045521407,-0.012987651582609505,44632.98828125,212.28764459519158,211.88067786807105,214.2736285650908,1.99796771430082,211.33815078735353,215.33408621595515,207.3422153587519,-0.12531886425679747
AAPL,2025-07-30,208.81301879882807,209.0500030517578,212.38999938964844,207.72000122070312,211.8999938964844,45512500,48.62441970862813,50.71830519286937,49.42592329452857,210.5104539982067,208.44871875153493,209.99814676783592,211.60424076428845,209.6987017698251,1.9055389944633419,28.0,12.0,64.0,8.0,-42.234883340165936,-0.010507881543836639,44461.28125,211.90760003952752,211.64018910725912,214.14926770945686,1.8925878247254713,211.39958114624022,215.18475679569116,207.6144054967893,-0.21685450508204782
AAPL,2025-07-31,207.334701538086,207.57000732421875,209.83999633789065,207.16000366210932,208.4900054931641,80698400,45.118243531041436,49.33851354375482,48.81925748381778,210.2304114578269,208.41990854080325,209.94478106577841,210.98358946581618,209.54102069978018,1.442568766036004,24.0,8.0,62.0,6.0,18.77577573746942,-0.007079622090834792,44130.98046875,211.36241019112722,211.2530577160063,214.01117552040822,2.0870103249520913,211.1563575744629,215.33037822436708,206.98233692455872,-0.22615303678094842
AAPL,2025-08-01,202.1505889892578,202.3800048828125,213.5800018310547,201.5,210.8699951171875,104434500,35.461549541647756,44.89666354302275,46.76526510191623,209.48275368877793,208.2218789126724,209.77852224857037,209.65996106843102,209.0105750837085,0.6493859847225281,20.0,4.0,60.0,4.0,198.76157890822122,-0.02500359327392132,43588.578125,210.16015697660902,210.3953654697963,213.82252720087914,2.8377804725886757,210.5984909057617,216.27405185093906,204.92292996058436,-0.3946414203490638
AAPL,2025-08-04,203.11949157714844,203.3500061035156,207.8800048828125,201.67999267578125,204.509994506836,75109300,38.12698365361189,45.84168770202273,47.18901687621952,208.89868249018153,208.06214537794594,209.63723617944828,208.68919876613634,208.59127367776827,0.09792508836807201,16.0,0.0,58.0,2.0,49.53373549144916,0.004792974350137147,44173.640625,209.14645182291667,209.6830798194522,213.64473091163447,3.2926030170289584,210.26886596679688,216.85407200085479,203.68365993273898,-0.41252631645757276
AAPL,2025-08-05,202.68995666503903,202.9199981689453,205.33999633789065,202.16000366210932,203.3999938964844,44155100,37.38975022806118,45.48307353705097,47.01970453825405,208.32928398339712,207.8935503874869,209.48960457482184,207.80162944349155,208.17117919563321,-0.3695497521416655,12.0,88.0,56.0,0.0,3.0483863062995784,-0.0021146907604692178,44111.73828125,208.13027024042037,208.9612789335705,213.46400935082886,3.7039712725468097,209.91476745605468,217.3227100011483,202.50682491096106,-0.45003494421294027
AAPL,2025-08-06,213.0082550048828,213.25,215.3800048828125,205.58999633789065,205.6300048828125,108483100,58.26614073660909,54.37461851599624,51.30259559568015,208.79792360402595,208.06917168625782,209.57225062812248,208.63984029833898,208.54738814410484,0.0924521542341381,8.0,84.0,54.0,32.0,122.53217475497134,0.05090680618623633,44193.12109375,208.5587361653646,209.25589679536364,213.38745378029287,3.763007345809181,210.02014770507813,217.5461623966965,202.49413301345976,-0.20938279517055727
AAPL,2025-08-07,219.7805633544922,220.02999877929688,220.8500061035156,216.5800018310547,218.8800048828125,90224800,66.22600611068476,58.93348266226606,53.80370322797413,209.86764504928985,208.46132995160335,209.80209124682958,210.3921723723325,209.3979518948598,0.9942204774727088,96.0,80.0,98.0,30.0,103.0096571834865,0.03179364268982976,43968.640625,209.8594495500837,210.18546019054594,213.37916486142288,4.333437252580896,210.40071563720704,219.06759014236883,201.73384113204526,-0.17508312394943237
AAPL,2025-08-08,229.0900115966797,229.3500061035156,231.0,219.25,220.8300018310547,113854000,73.66243857608495,64.05367343273353,56.90814087536745,211.72310800683516,209.14620457953487,210.23171574917433,213.3087621771299,210.87588183624172,2.4328803408881754,96.0,76.0,98.0,28.0,186.311352971649,0.04235792328538146,44175.609375,212.3172325497582,211.96539313906715,213.46406915920883,6.023235868921931,211.30918502807617,223.35565676592003,199.2627132902323,0.008278902327340146
AAPL,2025-08-11,227.17999267578125,227.17999267578125,229.5599975585937,224.759994506836,227.9199981689453,61806100,70.24503505621693,62.39836297232395,56.11860781621935,213.1951922610205,209.73747632039542,210.60420535195686,215.44279763846086,212.0835937502817,3.3592038881791666,92.0,72.0,96.0,26.0,59.129610891836016,-0.008337416841468825,43975.08984375,214.3598616827102,213.47689862932478,213.53020816176684,6.939458212493779,212.24900970458984,226.1279261295774,198.3700932796023,-0.004099731497309177
AAPL,2025-08-12,229.6499938964844,229.6499938964844,230.8000030517578,227.07000732421875,228.009994506836,55626200,72.05080982690309,63.657867102702724,56.9075238705009,214.76231622630277,210.39034574911963,211.02279411117723,217.62852013969524,213.38480857592634,4.243711563768898,88.0,68.0,94.0,24.0,31.515522634367542,0.010872441677679756,44458.609375,216.60779535202752,215.13413521902902,213.62133247565274,7.896627416130268,213.2878616333008,229.08111646556134,197.49460680104025,0.06793385877684334
AAPL,2025-08-13,233.3300018310547,233.3300018310547,235.0,230.42999267578125,231.07000732421875,69878500,74.53082993412742,65.44614576443436,58.054003709403815,216.53066723627913,211.14246562065847,211.513062412713,220.0441327075967,214.86223029852846,5.181902409068243,96.0,64.0,98.0,22.0,47.142059990945555,0.01602441991019199,44922.26953125,219.19646562848772,217.04291047595797,213.74932838098326,9.025511488489549,214.4582733154297,232.5092962924088,196.40725033845058,0.14908812728609194
AAPL,2025-08-14,232.77999877929688,232.77999877929688,235.1199951171875,230.8500061035156,234.0599975585937,51916300,73.48137385328528,64.95078704536888,57.81940325671473,218.07822262132845,211.85189293733512,211.98046760758297,222.0034967186275,216.189472408215,5.814024310412492,96.0,60.0,98.0,20.0,8.005725210690667,-0.0023571895917441354,44911.26171875,221.52311328706287,218.78783671061197,213.87167057397946,9.827750916270046,215.6081771850586,235.2636790175987,195.9526753525185,0.13985158564843064
AAPL,2025-08-15,231.58999633789065,231.58999633789065,234.27999877929688,229.33999633789065,234.0,56038700,71.1470940425524,63.86615230882922,57.308110737752045,219.36505821338199,212.49904386850088,212.4114462609963,223.47834281389873,217.33025195856135,6.1480908553373865,92.0,56.0,96.0,18.0,14.424007546769142,-0.005112133549474263,44946.12109375,223.50878484816778,220.3099147251674,213.98200885753727,10.380704350561299,216.64064712524413,237.40205582636673,195.87923842412152,0.26295636703985564
AAPL,2025-08-18,230.88999938964844,230.88999938964844,233.1199951171875,230.1100006103516,231.6999969482422,37476200,69.74359236133643,63.222115519293745,57.00553432302262,220.4626716587407,213.1020260167352,212.81756830777985,224.61859767170637,218.33467769419744,6.28391997750893,88.0,52.0,94.0,16.0,-27.057032858805623,-0.0030225698834630554,44911.8203125,225.2317650204613,221.66699589320592,214.0853197088289,10.794002409815391,217.57319107055665,239.16119589018743,195.98518625092586,0.28484600731612814
AAPL,2025-08-19,230.5599975585937,230.5599975585937,232.8699951171875,229.3500061035156,231.27999877929688,39402600,69.0520209199276,62.911954246502845,56.86111394681141,221.424321744441,213.67441852630432,213.20751180779772,225.53265919276595,219.240256943412,6.292402249353955,84.0,48.0,92.0,14.0,-15.088106438870701,-0.001429259958972251,44922.26953125,226.7216068812779,222.90383460635232,214.1854180437534,11.138441565891226,218.3933433532715,240.67022648505394,196.11646022148904,0.2786821988964533
AAPL,2025-08-20,226.009994506836,226.009994506836,230.47000122070312,225.7700042724609,229.97999572753903,42263900,60.18992295648482,58.788150853252546,54.90413667918565,221.86105248371672,214.0788636404201,213.48888505393043,225.60609539493058,219.7417189851471,5.864376409783489,80.0,44.0,90.0,12.0,-10.056331973449275,-0.01973457277905022,44938.30859375,227.39766758510044,223.62922995431083,214.24034358921335,11.210420460581881,218.99848175048828,241.41932267165205,196.5776408293245,0.07344603371405532
AAPL,2025-08-21,224.8999938964844,224.8999938964844,226.5200042724609,223.77999877929688,226.2700042724609,30621200,58.226660994263796,57.82915350190894,54.437739458225224,222.15047547540888,214.43365479635662,213.73967865486566,225.49746439516963,220.1238134230239,5.373650972145725,76.0,40.0,88.0,10.0,-33.46486291517646,-0.004911289931109786,44785.5,227.74786827450706,224.19127873012,214.28437480414092,11.206454180184885,219.56759796142578,241.98050632179553,197.15468960105602,0.023318347755009027
AAPL,2025-08-22,227.759994506836,227.759994506836,229.08999633789065,225.41000366210932,226.1699981689453,42477800,61.69365266797307,59.5905134453981,55.433099384513596,222.68471538316385,214.870583967192,214.04781746479907,225.84554595081062,220.68945646626926,5.156089484541354,72.0,36.0,86.0,8.0,5.485636522568341,0.012716766064778007,45631.73828125,228.2627413795108,224.97150697254,214.35686191995345,11.257945298152231,220.27372055053712,242.7896111468416,197.75782995423265,-0.14539618461312387
AAPL,2025-08-25,227.16000366210932,227.16000366210932,229.3000030517578,226.22999572753903,226.47999572753903,30983100,60.55814684406965,59.05390539281177,55.17506938672077,223.11093331449197,215.27351576046797,214.33599738122345,226.04777021408734,221.1687562585537,4.8790139555336225,68.0,32.0,84.0,6.0,-18.159702044482014,-0.0026343118159350976,45282.46875,228.4629442487444,225.6273434593564,214.42308630948042,11.250211002729605,220.94135284423828,243.44177484969748,198.44093083877908,-0.11483172616386261
AAPL,2025-08-26,229.3099975585937,229.3099975585937,229.4900054931641,224.69000244140625,226.8699951171875,54575100,63.17381642941761,60.37972493227753,55.92523570913144,223.70132038535883,215.7337282784393,214.6650962862206,226.54965134401138,221.77181116966779,4.777840174343595,64.0,28.0,82.0,4.0,6.153074105699676,0.009464667467088184,45418.0703125,228.71676490420387,226.42435724167598,214.51039628669398,11.144694190583477,221.85532760620117,244.14471598736813,199.5659392250342,-0.09134892396383465
AAPL,2025-08-27,230.4900054931641,230.4900054931641,230.8999938964844,228.259994506836,228.6100006103516,31259500,64.56286230923344,61.09669397950896,56.334494535043326,224.34786182419742,216.21754064613518,215.012896488571,227.15585967465026,222.41760334177863,4.738256332871629,60.0,24.0,80.0,2.0,-31.31667124416369,0.005145907056533394,45565.23046875,228.97266525995164,227.2467075166248,214.6091045952792,10.859972906354402,222.93917694091797,244.65912275362678,201.21923112820917,-0.1062350377427555
AAPL,2025-08-28,232.5599975585937,232.5599975585937,233.41000366210932,229.33999633789065,230.82000732421875,38074700,66.92004489973934,62.336577044470054,57.04840707104963,225.12996998937803,216.75335890556005,215.39854706153852,227.98726550294924,223.16889180228344,4.818373700665802,56.0,20.0,78.0,0.0,-52.81851932628157,0.008980832210058631,45636.8984375,229.40256987072172,228.16297614687966,214.72797194144027,10.40770457983709,224.20044174194337,245.01585090161754,203.3850325822692,-0.02555857556713401
AAPL,2025-08-29,232.13999938964844,232.13999938964844,233.3800048828125,231.3699951171875,232.509994506836,39418400,65.96133453587254,61.92132911850436,56.855949467720635,225.79759183702285,217.25783892143178,215.7664910687497,228.62614763936452,223.8334182902364,4.792729349128109,52.0,16.0,76.0,0.0,-62.25538495420575,-0.001805977697602268,45544.87890625,229.74342724028088,228.91912449428014,214.8423550377082,9.14778750995948,225.69991226196288,243.99548728188185,207.4043372420439,0.031834000088235455
AAPL,2025-09-02,229.72000122070312,229.72000122070312,230.8500061035156,226.97000122070312,229.25,44075600,60.576325365400045,59.550964120923965,55.75014306123959,226.17115463546858,217.6664344066538,216.0731616215399,228.79443280572428,224.26946147027098,4.524971335453301,48.0,12.0,74.0,0.0,-41.318052491502385,-0.010424735828844955,45295.80859375,229.71438002813431,229.30199010939825,214.93236089677953,7.472280957639689,227.02993774414062,241.97449965942,212.08537582886126,0.06750196656192656
AAPL,2025-09-03,238.47000122070312,238.47000122070312,238.8500061035156,234.3600006103516,237.2100067138672,66427800,70.08572658115101,64.62811881580103,58.71282667624869,227.34247335787188,218.34851856449146,216.56539985448853,230.2829817926441,225.32135330363633,4.961628489007779,96.0,8.0,98.0,8.0,50.44196480134797,0.038089848308826335,45271.23046875,230.85133274623325,230.39151996430897,215.10911883605652,5.307861426247515,228.81893997192384,239.43466282441887,218.2032171194288,0.12056504835399362
AAPL,2025-09-04,239.77999877929688,239.77999877929688,239.8999938964844,236.7400054931641,238.4499969482422,47549400,71.20555602599393,65.30427173868401,59.130854624399404,228.5269995884838,219.0511900469441,217.07561081986896,231.74406132905224,226.39236407961118,5.3516972494410595,96.0,4.0,98.0,6.0,-56.168841045287245,0.005493343195739575,45621.2890625,232.11399943033854,231.43543032691593,215.29816365711724,4.410664130086541,230.15752716064452,238.9788554208176,221.33619890047143,0.2793858496254867
AAPL,2025-09-05,239.69000244140625,239.69000244140625,241.32000732421875,238.4900054931641,240.0,54870400,71.00889187848041,65.21545681816787,59.088915007492204,229.59014271733355,219.727872420533,217.57263041594672,232.9665138078759,227.37737432863304,5.589139479242874,96.0,0.0,98.0,4.0,-39.18479176457028,-0.00037532879451496193,45400.859375,233.2979999360584,232.3432851155599,215.4855440198604,4.186397912831069,231.15299911499022,239.52579494065236,222.78020328932809,0.3092694335745125
AAPL,2025-09-08,237.8800048828125,237.8800048828125,240.1499938964844,236.33999633789065,239.3000030517578,48999500,67.00087430916253,63.416607584072324,58.24116571133644,230.37965339976012,220.32302430454214,218.0189463382954,233.72243551171232,228.15534696227596,5.567088549436363,92.0,0.0,96.0,2.0,-56.96286472148541,-0.007551410322323426,45514.94921875,234.1635245186942,232.98395233154298,215.65430364580297,4.413651741488031,231.59249877929688,240.41980226227292,222.76519529632083,0.22151917904612858
AAPL,2025-09-09,234.3500061035156,234.3500061035156,238.77999877929688,233.3600006103516,237.0,66313900,59.89980810232607,60.06570620892727,56.624441854245994,230.7577822286892,220.78292534713145,218.37787072873977,233.8189848335282,228.6142106023678,5.2047742311604,88.0,0.0,94.0,0.0,7.293454853161744,-0.014839409394816094,45711.33984375,234.49181111653647,233.24657207670666,215.78725851258235,4.326718059182898,231.95099945068358,240.60443556904937,223.2975633323178,0.11775824595133996
AAPL,2025-09-10,226.7899932861328,226.7899932861328,232.4199981689453,225.9499969482422,232.19000244140625,83440800,48.133870583459874,53.757057144861015,53.38586665066805,230.37989756749334,220.9798783943118,218.56275254318797,232.7376015185443,228.4790833937578,4.258518124786491,84.0,0.0,92.0,44.0,50.00269657104026,-0.03225949486019397,45490.921875,233.7760006859189,232.75504768008278,215.8446343166674,4.452212176370684,231.80799942016603,240.71242377290739,222.90357506742467,-0.08947911203166131
AAPL,2025-09-11,230.02999877929688,230.02999877929688,230.4499969482422,226.6499938964844,226.8800048828125,50208600,52.445128613359266,55.819390956600415,54.52332600218099,230.3465738733794,221.27660365283592,218.81477993299256,232.32104725096778,228.59396601490883,3.7270812360589503,80.0,0.0,90.0,42.0,-28.14871527007592,0.014286368839370622,46108.0,233.48476242792037,232.5857142857143,215.93428293636188,4.45398677672832,231.64299926757812,240.55097282103475,222.7350257141215,-0.055082905159069266
AAPL,2025-09-12,234.07000732421875,234.07000732421875,234.509994506836,229.0200042724609,229.22000122070312,55824200,57.22020275658136,58.22833172958343,55.8927523849741,230.70118658298315,221.696059510914,219.15005965587665,232.59011803146794,228.99959870448734,3.5905193269805977,76.0,0.0,88.0,40.0,7.527308379063993,0.017562963814985233,45834.21875,233.68333478655134,232.81685791015624,216.06403910091268,4.480580084937283,231.7074996948242,240.66865986469878,222.74633952494963,0.02200202245358614
AAPL,2025-09-15,236.6999969482422,236.6999969482422,238.19000244140625,235.02999877929688,237.0,42699500,60.03363338160711,59.711338987438744,56.757728608930854,231.27250185586496,222.1879918859084,219.53577256340114,233.22240709558707,229.5699985743951,3.6524085211919726,72.0,32.0,86.0,38.0,-23.803550046664178,0.011235910376080627,45883.44921875,234.17247706821988,233.29233383905319,216.21964798049547,4.617141839344019,231.9629997253418,241.19728340402983,222.72871604665377,0.02305330167430262
AAPL,2025-09-16,238.1499938964844,238.1499938964844,241.22000122070312,236.32000732421875,237.17999267578125,63421100,61.53557972007342,60.51287726322293,57.229600917864786,231.92750109782872,222.71133621412397,219.9448763289634,233.9804973726482,230.20555378343875,3.7749435892094425,68.0,28.0,84.0,36.0,69.23033818796996,0.0061258849469241206,45757.8984375,234.76409519740514,233.881571379162,216.38930443531245,4.809716961084805,232.32599945068358,241.9454333728532,222.70656552851398,0.03399945526838552
AAPL,2025-09-17,238.9900054931641,238.9900054931641,240.1000061035156,237.72999572753903,238.97000122070312,46508000,62.416744285396554,60.979267351458276,57.503732391146094,232.60012056405114,223.24506307573185,220.36345059630847,234.75119092965065,230.85625391008506,3.894937019565589,64.0,24.0,82.0,34.0,18.032820169227413,0.0035272375318422533,46018.3203125,235.38352443150112,234.51623862130302,216.56701554559356,5.011939060786415,232.74749984741212,242.77137796898495,222.72362172583928,0.00579583579754992
AAPL,2025-09-18,237.8800048828125,237.8800048828125,241.1999969482422,236.6499938964844,239.97000122070312,44249600,60.44618569032179,60.008007950121076,57.01102811588063,233.10296668964747,223.72489723334104,220.74842981139645,235.23254692244478,231.3765317599167,3.856015162528081,60.0,20.0,80.0,32.0,4.698335932083882,-0.0046445482440199415,46142.421875,235.7740012032645,235.0050486246745,216.73344498363895,4.872991636181081,233.34100036621095,243.08698363857312,223.59501709384878,-0.07429888899623852
AAPL,2025-09-19,245.5,245.5,246.3000030517578,240.2100067138672,241.22999572753903,163741300,67.93112279068862,64.08091114335949,59.445129773872665,234.28363652872866,224.4388350289692,221.29242036499213,236.8121550882225,232.42271459251546,4.389440495707049,96.0,16.0,98.0,30.0,400.0,0.03203293660995743,46315.26953125,237.12981058756512,236.16304858979726,216.9755071565998,5.163370846844335,234.37100067138672,244.69774236507538,224.04425897769806,0.03039533715763918
AAPL,2025-09-22,256.0799865722656,256.0799865722656,256.6400146484375,248.1199951171875,248.3000030517578,105517400,75.00386403697915,68.67451504494655,62.456863380257275,236.3594793900179,225.47624983366745,222.05698225965745,239.7764368549984,234.175105109534,5.6013317454643925,96.0,12.0,98.0,28.0,148.405990894067,0.04309566831880085,46381.5390625,239.76904674711682,238.23057105654763,217.32239459289246,6.859573181237603,235.7870002746582,249.5061466371334,222.06785391218298,0.20878445473518292
AAPL,2025-09-23,254.42999267578125,254.42999267578125,257.3399963378906,253.5800018310547,255.8800048828125,60275200,72.32485908809555,67.2828833376987,61.72736816927509,238.08048065532867,226.42555287767115,222.76847699407773,242.03083005819576,235.67546715147824,6.355362906717517,96.0,8.0,98.0,26.0,94.54218590134622,-0.006443275472520216,46292.78125,241.93723624093192,240.00609414236885,217.65200161606518,7.711831717771972,237.1504997253418,252.57416316088575,221.72683628979786,0.24027629242927084
AAPL,2025-09-24,252.3099975585937,252.3099975585937,255.7400054931641,251.0399932861328,255.22000122070312,42303700,68.91870573310013,65.51395863716431,60.796375183575236,239.4356727413539,227.27422319507843,223.41774118230884,243.61224044287238,236.90765458904235,6.704585853830025,92.0,4.0,96.0,24.0,-22.485345881180248,-0.00833233179348103,46121.28125,243.67075980050222,241.4498558407738,217.95988538751556,8.18169175901463,238.3004997253418,254.66388324337106,221.93711620731256,0.3018582577270544
AAPL,2025-09-25,256.8699951171875,256.8699951171875,257.1700134277344,251.7100067138672,253.2100067138672,55202100,71.9758979150078,67.42434797552218,62.052563542592154,241.09608439619518,228.2445763728525,224.152955554504,245.65189500815163,238.38634648001604,7.265548528135582,88.0,0.0,94.0,22.0,76.59303571714199,0.018072995928489988,45947.3203125,245.8929497128441,243.21837921142577,218.3126368159204,8.946886159528677,239.61949920654297,257.5132715256003,221.72572688748562,0.30204006768670055
AAPL,2025-09-26,255.4600067138672,255.4600067138672,257.6000061035156,253.77999877929688,254.1000061035156,46076300,69.6931937763626,66.2475722366772,61.43148799623213,242.46407699787824,229.13688556436117,224.84102261295152,247.1608352705694,239.6510620528939,7.509773217675502,96.0,8.0,98.0,20.0,21.01552999760996,-0.005489112898051984,46247.2890625,247.76352219354538,244.72699897402808,218.6506276767408,9.447230896674007,240.76449966430664,259.65896145765464,221.87003787095864,0.2389595534495544
AAPL,2025-09-29,254.42999267578125,254.42999267578125,255.0,253.009994506836,254.5599975585937,40127700,67.99666041428449,65.38307391277547,60.97655325686231,243.60368801482136,229.9661677647356,225.4913296472994,248.27916717906353,240.74579765458924,7.5333695244742955,92.0,4.0,96.0,18.0,1.7994134718811519,-0.004031997224675621,46316.0703125,249.32933088030134,246.02847449893042,218.9776990429323,9.687959876787538,241.87899932861328,261.25491908218834,222.5030795750382,0.24869915326373063
AAPL,2025-09-30,254.6300048828125,254.6300048828125,255.9199981689453,253.1100006103516,254.8600006103516,37704300,68.15875188468723,65.47380383684175,61.03373194181763,244.65381343082052,230.7748181620496,226.13174009203595,249.25621913348647,241.77425744927245,7.4819616842140135,88.0,0.0,94.0,16.0,-14.45539028396664,0.0007861188255666729,46397.890625,250.7305698939732,247.24285598028274,219.30633506585116,9.64364055095214,243.12449951171874,262.411780613623,223.83721840981445,0.23326425857159105
AAPL,2025-10-01,255.4499969482422,255.4499969482422,258.7900085449219,254.92999267578125,255.0399932861328,48713900,68.85519917227421,65.85429584120484,61.27112634508429,245.6820213848607,231.5838404173346,226.77609738557894,250.2091080280643,242.78727518993688,7.421832838127415,96.0,36.0,98.0,14.0,-26.66639569577797,0.003220327729275496,46441.1015625,251.9759982154483,248.41671287899925,219.6427453157795,9.954723233390585,243.9734992980957,263.88294576487687,224.06405283131454,0.23419565252339158
AAPL,2025-10-02,257.1300048828125,257.1300048828125,258.17999267578125,254.1499938964844,256.5799865722656,42630200,70.2890408718346,66.6355225430934,61.7582010579337,246.77230552752275,232.42141958013718,227.44321623167198,251.27386139033325,243.84969961163137,7.424161778701887,92.0,32.0,96.0,12.0,-10.3454512570085,0.00657666061710982,46519.71875,253.20333237420945,249.66971341087705,219.99538291285882,10.319350335081122,244.84099960327148,265.4797002734337,224.20229893310923,0.29551434829228257
AAPL,2025-10-03,258.0199890136719,258.0199890136719,259.239990234375,253.9499969482422,254.6699981689453,49155600,71.049417174181,67.04968033355033,62.016427894964814,247.84351347858458,233.2607169386137,228.11523321589178,252.3117271785392,244.8993506784492,7.412376500090005,96.0,28.0,98.0,10.0,-10.415087187263078,0.0034612223931820285,46758.28125,254.3297120593843,250.9248552594866,220.35637621599642,10.64658187093415,245.75749893188475,267.05066267375304,224.46433519001644,0.28006226296133346
AAPL,2025-10-06,256.69000244140625,256.69000244140625,259.07000732421875,255.0500030517578,257.989990234375,44664100,68.238854302546,65.78418008651539,61.3843657906247,248.68603623694855,234.02889023378722,228.74325012194703,252.98530798821105,245.77273229052008,7.212575697690966,92.0,24.0,96.0,8.0,-8.84784538617741,-0.005154587353288997,46694.96875,255.07571265811012,251.9660460699172,220.70360011466107,10.744443668682626,246.69799880981446,268.18688614717973,225.20911147244922,0.08329125715183114
AAPL,2025-10-07,256.4800109863281,256.4800109863281,257.3999938964844,255.42999267578125,256.8099975585937,31955800,67.78293059390771,65.5815072479278,61.28373600924309,249.42831954641326,234.76499255354267,229.35284926182354,253.52295460330598,246.56586404576512,6.957090557540852,88.0,20.0,94.0,6.0,-51.811309544454474,-0.0008180741481198517,46602.98046875,255.6171428862072,252.89766627720425,221.04840927124025,10.543509621866354,247.80449905395508,268.8915182976878,226.7174798102224,0.11673302255564301
AAPL,2025-10-08,258.0599975585937,258.0599975585937,258.5199890136719,256.1099853515625,256.5199890136719,36496900,69.43750286725154,66.38947753114338,61.764969555407475,250.2503841190019,235.52876320944597,229.98377559801628,254.22096121181178,247.4172813430117,6.803679868800089,84.0,16.0,92.0,4.0,-56.260126940297795,0.006160271773965942,46601.78125,256.2026665097191,253.87438042050317,221.40874582319117,9.533380265191765,249.3679992675781,268.43475979796165,230.30123873719458,0.24901926217022288
AAPL,2025-10-09,254.0399932861328,254.0399932861328,258.0,253.13999938964844,257.8099975585937,38322000,60.871615848263446,62.5171666807088,59.83407707698023,250.61129927777625,236.13568878573076,230.5124836790738,254.19311999247657,247.90785259805773,6.285267394418838,80.0,12.0,90.0,2.0,-23.674430276884838,-0.015577789314471846,46358.421875,256.0599991571336,254.31933223179408,221.7285406691518,8.41635850668504,250.56849899291993,267.40121600629,233.73578197954984,0.04135885805507947
AAPL,2025-10-10,245.2700042724609,245.2700042724609,256.3800048828125,244.0,254.94000244140625,61999100,47.193710603168775,55.22919795265426,55.94100384296794,250.10260451536527,236.43517453939404,230.83682479101637,252.820332958628,247.71245642579132,5.107876532836684,76.0,8.0,88.0,0.0,11.061331823832674,-0.03452208016630676,45479.6015625,254.66666666666666,253.81471368698845,221.9608165403148,7.593170553812585,251.12849884033204,266.31483994795724,235.94215773270687,-0.21962288914961436
AAPL,2025-10-13,247.66000366210932,247.66000366210932,249.69000244140625,245.5599975585937,249.3800048828125,38142900,50.46063172460855,56.65716293139693,56.72400730228943,249.86997586267424,236.80320172374536,231.20656498598544,252.026436143779,247.70857103588895,4.317865107890043,72.0,4.0,86.0,0.0,-10.671319336291994,0.00974436069644069,46067.578125,253.69495297386533,253.48438081287202,222.21728741925747,6.856849233159649,251.6764991760254,265.3901976423447,237.9628007097061,-0.24409847648944127
AAPL,2025-10-14,247.7700042724609,247.7700042724609,248.8500061035156,244.6999969482422,246.6000061035156,35478000,50.612077006460694,56.72304556387792,56.76009714768193,249.6699785683682,237.16276902042455,231.57059661865523,251.37160047126852,247.7131216460054,3.6584788252631313,68.0,0.0,84.0,0.0,-44.059626843432234,0.00044415977035061616,46270.4609375,252.80238211495535,253.11233367919922,222.47518651402413,6.160051153631555,252.15749969482422,264.47760200208734,239.8373973875611,-0.20742995540938292
AAPL,2025-10-15,249.33999633789065,249.33999633789065,251.82000732421875,247.47000122070312,249.4900054931641,33893600,52.828594416583734,57.67528096327411,57.27896414026022,249.63855168927512,237.56202237509555,231.96113287622083,251.0590459892104,247.83363088244135,3.2254151067690486,64.0,0.0,82.0,0.0,-27.12307559989679,0.0063364896410273985,46253.30859375,252.16238156273252,252.84400002615791,222.7491808869471,5.381144860495357,252.67499923706055,263.4372889580513,241.91270951606984,-0.21706168279435495
AAPL,2025-10-16,247.4499969482422,247.4499969482422,249.0399932861328,245.1300048828125,248.25,39777000,49.923853676021366,56.133342613585825,56.44691367742434,249.43011790441483,237.8862182627397,232.30154747121028,250.50380767521528,247.80521355398216,2.6985941212331284,60.0,0.0,80.0,0.0,-10.107661990164884,-0.007580008893106949,45952.23828125,251.34209536597842,252.34638076055617,223.00480530240642,4.316475375949473,253.15349884033202,261.78644959223095,244.5205480884331,-0.24604989721937884
AAPL,2025-10-17,252.2899932861328,252.2899932861328,253.3800048828125,247.2700042724609,248.0200042724609,48876500,56.5174371153148,59.04138161002242,58.03967481208041,249.70248698838796,238.3584731815395,232.74085397263715,250.7786054615103,248.13741946006738,2.641186001442918,56.0,0.0,78.0,0.0,-70.15016981054872,0.019559492412937862,46190.609375,251.24342782156808,252.26414213634672,223.30894887895727,3.9328015369672618,253.49299850463868,261.3586015785732,245.62739543070415,-0.22282023613351487
